match_id,player_id,team_side,goals,assists,shots,saves,score,passes,key_passes,shots_on_target,tackles,key_tackles,interceptions,key_interceptions,possessions_lost,gk_saves,gk_catches,position,team_name,is_home,player_name,user_id,level,overall_rating,ping,is_starter,sub_number,benched,stats_incomplete
017cb3c5-2106-41b9-9e96-be7b98856f43,0dd49f0b-f99d-4b20-8f47-8c6b62139b98,home,0,1,0,0,580,23,2,0,8,2,7,0,15,0,0,LB,,,,,,,,true,,false,false
017cb3c5-2106-41b9-9e96-be7b98856f43,4bff854a-2e5e-4a40-a06b-0dae43d9d065,away,1,0,5,0,340,9,1,3,6,0,4,0,22,0,0,LW,,,,,,,,true,,false,false
017cb3c5-2106-41b9-9e96-be7b98856f43,5e927a04-5f33-4ecf-8a9a-c20df7b61564,away,1,0,1,1,395,8,0,1,7,0,4,0,9,1,1,CM,,,,,,,,true,,false,false
017cb3c5-2106-41b9-9e96-be7b98856f43,828c17d9-d1e0-4983-ad9d-e8cdb9115912,away,0,0,0,3,440,7,0,0,6,0,3,0,10,3,3,GK,,,,,,,,true,,false,false
017cb3c5-2106-41b9-9e96-be7b98856f43,a0fd57d6-4d74-49bd-82fc-182543b69b76,away,0,0,0,0,515,16,1,0,18,1,12,1,25,0,0,RB,,,,,,,,true,,false,false
017cb3c5-2106-41b9-9e96-be7b98856f43,b3a498f0-d632-4d47-9794-eb67f6c40a74,home,0,1,1,0,280,10,1,1,16,0,3,0,29,0,0,LW,,,,,,,,true,,false,false
017cb3c5-2106-41b9-9e96-be7b98856f43,bac85c56-45b4-4e35-b0de-70e24bd0335f,home,0,0,1,0,370,10,0,1,7,2,4,1,7,0,0,RB,,,,,,,,true,,false,false
017cb3c5-2106-41b9-9e96-be7b98856f43,be25796e-cbbd-4f0f-804f-be89344383c8,home,2,1,2,0,755,18,2,2,14,1,10,2,26,0,0,CM,,,,,,,,true,,false,false
017cb3c5-2106-41b9-9e96-be7b98856f43,bfc47387-9e23-4a71-9604-fe887bcb4eaa,away,2,1,8,0,665,8,2,5,11,0,3,0,20,0,0,RW,,,,,,,,true,,false,false
017cb3c5-2106-41b9-9e96-be7b98856f43,d056431b-35f3-4e15-955a-0a25a981b624,home,2,0,2,0,205,4,0,2,5,0,0,0,13,0,0,RW,,,,,,,,true,,false,false
017cb3c5-2106-41b9-9e96-be7b98856f43,d62405cb-44a0-41ad-8368-fcf20b9d9af0,home,0,0,0,6,700,16,0,0,2,0,1,0,11,6,3,GK,,,,,,,,true,,false,false
017cb3c5-2106-41b9-9e96-be7b98856f43,e46d8654-a618-46a1-a4ee-db1e0bc3929d,away,0,0,1,0,290,11,2,1,9,0,2,0,14,0,0,LB,,,,,,,,true,,false,false
01f0ec3f-3dcc-420d-a605-b565e1667afd,0570d1ed-7ffc-416d-8fae-caa701f920e3,home,0,0,0,0,275,10,0,0,8,0,9,0,13,0,0,RB,,,,,,,,true,,false,false
01f0ec3f-3dcc-420d-a605-b565e1667afd,28665e99-bf57-4d6f-9303-8f24750764c5,away,0,0,3,0,475,18,0,3,15,2,4,0,28,0,0,CM,,,,,,,,true,,false,false
01f0ec3f-3dcc-420d-a605-b565e1667afd,3dcd7592-94ca-4eee-81b4-1405e50406d9,home,4,0,7,0,700,14,1,6,5,0,1,0,15,0,0,LW,,,,,,,,true,,false,false
01f0ec3f-3dcc-420d-a605-b565e1667afd,51568e76-e50a-4573-9646-3d9270f944ce,home,0,0,1,4,525,10,0,1,3,0,1,1,16,4,4,GK,,,,,,,,true,,false,false
01f0ec3f-3dcc-420d-a605-b565e1667afd,515cb6b3-cc0a-4765-88f6-b2e0851935ef,away,0,0,1,0,510,19,0,0,12,1,9,2,19,0,0,RW,,,,,,,,true,,false,false
01f0ec3f-3dcc-420d-a605-b565e1667afd,67d84d4a-34e1-425a-b5af-aa80ba3e1ce7,away,0,0,0,0,100,4,0,0,3,1,2,0,6,0,0,RB,,,,,,,,true,,false,false
01f0ec3f-3dcc-420d-a605-b565e1667afd,6dd2ea29-a00b-4393-a556-448387245400,away,0,0,0,0,0,0,0,0,0,0,0,0,0,0,0,Sub,,,,,,,,false,1,true,false
01f0ec3f-3dcc-420d-a605-b565e1667afd,7af8310e-a70e-4984-826c-45c8b97f4b62,away,1,0,1,0,250,9,0,1,4,0,3,0,9,0,0,Sub,,,,,,,,false,3,false,false
01f0ec3f-3dcc-420d-a605-b565e1667afd,a1753f84-ef2f-4f3e-8cd6-beb226d3c371,away,0,0,0,7,575,7,0,0,0,0,1,0,12,7,2,GK,,,,,,,,true,,false,false
01f0ec3f-3dcc-420d-a605-b565e1667afd,a430da4a-121d-495f-bce7-18b87939824c,home,0,2,1,0,800,18,3,1,11,1,11,2,12,0,0,LB,,,,,,,,true,,false,false
01f0ec3f-3dcc-420d-a605-b565e1667afd,c09d080a-af97-43e9-861c-367ee120e3f4,home,3,1,7,0,970,16,2,6,17,0,5,1,21,0,0,CM,,,,,,,,true,,false,false
01f0ec3f-3dcc-420d-a605-b565e1667afd,d0abe833-f65b-4654-86b5-85013900b9c1,away,0,0,0,0,60,6,0,0,1,0,1,0,6,0,0,LW,,,,,,,,true,,false,false
01f0ec3f-3dcc-420d-a605-b565e1667afd,d2fc286f-3473-4cd4-9554-0fe46dece9ec,away,0,0,0,0,320,12,0,0,11,2,3,0,12,0,0,LB,,,,,,,,true,,false,false
01f0ec3f-3dcc-420d-a605-b565e1667afd,d6f23bc8-244a-46d3-9929-5ecab99b175d,home,1,3,2,0,505,8,3,2,7,0,1,0,14,0,0,RW,,,,,,,,true,,false,false
031ce908-d779-4e20-909f-8e038e7b3848,136f7943-c243-4d8f-a269-2793bf9aeaed,home,1,3,5,0,785,16,5,3,19,2,3,0,39,0,0,CM,,,,,,,,true,,false,false
031ce908-d779-4e20-909f-8e038e7b3848,13d262ff-7af4-417b-88d1-3818693781ad,away,0,1,0,0,700,19,3,0,16,3,6,1,15,0,0,RB,,,,,,,,true,,false,false
031ce908-d779-4e20-909f-8e038e7b3848,40c0efeb-bb6e-4b81-a99d-c1a0fba0da8c,home,0,2,0,0,675,20,4,0,13,0,3,1,11,0,0,RB,,,,,,,,true,,false,false
031ce908-d779-4e20-909f-8e038e7b3848,41d61a44-4b97-4833-a173-b16ac925e267,away,3,3,8,0,1195,22,6,7,8,0,6,0,20,0,0,CM,,,,,,,,true,,false,false
031ce908-d779-4e20-909f-8e038e7b3848,7da484bb-0623-454a-95ac-7d77b7e111c4,home,0,0,0,0,405,14,0,0,9,3,3,0,6,0,0,LB,,,,,,,,true,,false,false
031ce908-d779-4e20-909f-8e038e7b3848,9acc63cc-08a0-4fa2-95ef-f7fc6a11306a,away,3,1,5,0,700,16,2,3,10,0,2,0,18,0,0,LW,,,,,,,,true,,false,false
031ce908-d779-4e20-909f-8e038e7b3848,9bb8426f-d9fb-4ccb-a9e5-9bf4f49b5bca,away,0,0,0,7,715,8,1,0,0,0,0,0,8,7,5,GK,,,,,,,,true,,false,false
031ce908-d779-4e20-909f-8e038e7b3848,ac71326a-35d1-4686-bf2e-2a504f0f59c8,away,5,2,10,0,925,7,5,6,8,0,3,0,24,0,0,RW,,,,,,,,true,,false,false
031ce908-d779-4e20-909f-8e038e7b3848,c4c0b646-0bfc-4574-95fe-67901103ea8a,home,2,2,2,0,610,11,4,2,8,0,3,0,14,0,0,RW,,,,,,,,true,,false,false
031ce908-d779-4e20-909f-8e038e7b3848,d1ad216c-0bbb-4d7a-aabd-cdb52cb3d808,away,0,1,0,0,560,14,3,0,14,4,3,0,14,0,0,LB,,,,,,,,true,,false,false
031ce908-d779-4e20-909f-8e038e7b3848,f3550c6a-bcb4-483b-b3b9-16675f44977d,home,0,0,0,5,565,10,0,0,0,0,0,0,6,5,4,GK,,,,,,,,true,,false,false
031ce908-d779-4e20-909f-8e038e7b3848,f60373ce-e3c7-4cdf-b5f3-bcb94a6d167a,home,4,0,11,0,835,13,0,9,8,0,0,0,18,0,0,LW,,,,,,,,true,,false,false
0370f5b6-04c4-4134-82f2-b406c18923c5,17a87d78-36e2-4c98-8aa5-1389850fcb91,home,0,0,0,0,605,0,0,0,0,0,0,0,0,0,0,CM,,,,,,,,true,,false,true
0370f5b6-04c4-4134-82f2-b406c18923c5,1edf05db-5be5-4d77-901f-e8988c7fe8a2,away,0,0,0,0,505,0,0,0,0,0,0,0,0,0,0,LW,,,,,,,,true,,false,true
0370f5b6-04c4-4134-82f2-b406c18923c5,1f708314-80a8-45db-98ca-9a9170cac68e,away,0,0,0,0,190,0,0,0,0,0,0,0,0,0,0,LB,,,,,,,,true,,false,true
0370f5b6-04c4-4134-82f2-b406c18923c5,3407cc3a-2591-4c06-ab07-da2de49f38b8,away,0,0,0,0,390,0,0,0,0,0,0,0,0,0,0,CM,,,,,,,,true,,false,true
0370f5b6-04c4-4134-82f2-b406c18923c5,5e63ae3d-def3-460e-baa4-33ebfb9a91d9,home,0,0,0,0,340,0,0,0,0,0,0,0,0,0,0,RB,,,,,,,,true,,false,true
0370f5b6-04c4-4134-82f2-b406c18923c5,6a3f628f-7dad-48b0-afe2-be3969115b0d,home,0,0,0,0,520,0,0,0,0,0,0,0,0,0,0,GK,,,,,,,,true,,false,true
0370f5b6-04c4-4134-82f2-b406c18923c5,73b16faa-89a5-477d-a472-a0039ccc6cea,away,0,0,0,0,715,0,0,0,0,0,0,0,0,0,0,RB,,,,,,,,true,,false,true
0370f5b6-04c4-4134-82f2-b406c18923c5,77838858-4583-47d2-bf17-33cdfa4495bd,home,0,0,0,0,470,0,0,0,0,0,0,0,0,0,0,LB,,,,,,,,true,,false,true
0370f5b6-04c4-4134-82f2-b406c18923c5,78945294-58d4-48a5-9faa-75a82f4a34ab,away,0,0,0,0,585,0,0,0,0,0,0,0,0,0,0,RW,,,,,,,,true,,false,true
0370f5b6-04c4-4134-82f2-b406c18923c5,9e299cb3-3bc4-47d3-98ed-713728ffec07,home,0,0,0,0,0,0,0,0,0,0,0,0,0,0,0,RW,,,,,,,,false,1,true,true
0370f5b6-04c4-4134-82f2-b406c18923c5,d015830d-e90a-484e-9c76-b434d6fbb36d,home,0,0,0,0,705,0,0,0,0,0,0,0,0,0,0,LW,,,,,,,,true,,false,true
0370f5b6-04c4-4134-82f2-b406c18923c5,faed2e41-4f0c-405d-9d47-df805cded117,away,0,0,0,0,715,0,0,0,0,0,0,0,0,0,0,GK,,,,,,,,true,,false,true
043bed46-8f5f-4a4f-832f-6a9e889ff98c,267e7545-8b57-436c-baec-15cfff96e115,home,0,0,0,0,485,0,0,0,0,0,0,0,0,0,0,RW,,,,,,,,true,,false,true
043bed46-8f5f-4a4f-832f-6a9e889ff98c,2fab2277-3b1e-4c7c-a2bd-ee80005a842a,away,0,0,0,0,190,0,0,0,0,0,0,0,0,0,0,LB,,,,,,,,true,,false,true
043bed46-8f5f-4a4f-832f-6a9e889ff98c,48ef7d04-216c-4a68-b5ac-b057c0f9a2b1,away,0,0,0,0,840,0,0,0,0,0,0,0,0,0,0,GK,,,,,,,,true,,false,true
043bed46-8f5f-4a4f-832f-6a9e889ff98c,49b04121-e468-4401-b524-4329a1fd9ef9,home,0,0,0,0,760,0,0,0,0,0,0,0,0,0,0,GK,,,,,,,,true,,false,true
043bed46-8f5f-4a4f-832f-6a9e889ff98c,4e7a8d64-733f-46ba-aeff-b35e8b3258e6,away,0,0,0,0,705,0,0,0,0,0,0,0,0,0,0,CM,,,,,,,,true,,false,true
043bed46-8f5f-4a4f-832f-6a9e889ff98c,635fb223-b598-45a3-bbaa-cd0da12c33ab,away,0,0,0,0,0,0,0,0,0,0,0,0,0,0,0,Sub 1,,,,,,,,false,1,true,true
043bed46-8f5f-4a4f-832f-6a9e889ff98c,6553959c-ab4c-4ef1-9df4-f1c366929211,away,0,0,0,0,550,0,0,0,0,0,0,0,0,0,0,LW,,,,,,,,true,,false,true
043bed46-8f5f-4a4f-832f-6a9e889ff98c,662f5590-f76c-4ab1-9b8a-3e96b919715a,home,0,0,0,0,0,0,0,0,0,0,0,0,0,0,0,Sub 1,,,,,,,,false,1,true,true
043bed46-8f5f-4a4f-832f-6a9e889ff98c,924a77ca-0fc6-44ec-b754-1e107b516cf5,away,0,0,0,0,215,0,0,0,0,0,0,0,0,0,0,RW,,,,,,,,true,,false,true
043bed46-8f5f-4a4f-832f-6a9e889ff98c,a89648ad-2c02-4899-9504-9dfe645ae994,home,0,0,0,0,335,0,0,0,0,0,0,0,0,0,0,RB,,,,,,,,true,,false,true
043bed46-8f5f-4a4f-832f-6a9e889ff98c,bf044aef-0cad-4899-8e12-cd7dac3f5650,home,0,0,0,0,1105,0,0,0,0,0,0,0,0,0,0,LW,,,,,,,,true,,false,true
043bed46-8f5f-4a4f-832f-6a9e889ff98c,d8c46dc4-b346-4aa6-a929-4e5d0d4dcd91,home,0,0,0,0,550,0,0,0,0,0,0,0,0,0,0,CM,,,,,,,,true,,false,true
043bed46-8f5f-4a4f-832f-6a9e889ff98c,e28d0af9-11c6-4b32-ace5-bc21f6d90806,away,0,0,0,0,420,0,0,0,0,0,0,0,0,0,0,RB,,,,,,,,true,,false,true
043bed46-8f5f-4a4f-832f-6a9e889ff98c,ff876c02-281d-434e-a4ef-d11693e53f03,home,0,0,0,0,350,0,0,0,0,0,0,0,0,0,0,LB,,,,,,,,true,,false,true
050d1fa1-098d-41f7-854b-5246777ce16a,2cc5b6ab-24b4-47ae-badf-0ec0f2dfa23a,home,0,0,0,0,0,0,0,0,0,0,0,0,0,0,0,Sub 1,,,,,,,,false,1,true,false
050d1fa1-098d-41f7-854b-5246777ce16a,34f9b7a0-13c1-4e9a-ac02-fb63f1440a5b,home,0,1,1,0,245,5,2,1,11,1,0,0,18,0,0,LW,,,,,,,,true,,false,false
050d1fa1-098d-41f7-854b-5246777ce16a,3ecfb76f-59f2-4c0e-b2e5-3b152a6a4bce,home,0,0,0,0,0,0,0,0,0,0,0,0,0,0,0,Sub 2,,,,,,,,false,2,true,false
050d1fa1-098d-41f7-854b-5246777ce16a,6763dad4-5c07-4f42-abe2-58f6f09e4af0,home,3,2,6,0,795,12,3,3,8,1,2,0,13,0,0,RW,,,,,,,,true,,false,false
050d1fa1-098d-41f7-854b-5246777ce16a,8938e670-d21b-41eb-bcbf-db25ef7a6e6f,home,2,1,3,0,485,7,1,2,7,1,2,0,9,0,0,RB,,,,,,,,true,,false,false
050d1fa1-098d-41f7-854b-5246777ce16a,98b03fb3-17cc-4c68-b9d8-5972a8f555f6,away,0,1,1,0,445,12,1,1,11,2,4,1,17,0,0,LB,,,,,,,,true,,false,false
050d1fa1-098d-41f7-854b-5246777ce16a,991e6f31-863a-44d6-b530-5376b19d027b,away,1,0,3,0,435,16,0,2,5,0,4,1,14,0,0,RB,,,,,,,,true,,false,false
050d1fa1-098d-41f7-854b-5246777ce16a,9d0a604d-1960-493d-833a-47ea82bfd83b,away,0,1,0,0,500,16,2,0,9,2,6,1,15,0,0,CM,,,,,,,,true,,false,false
050d1fa1-098d-41f7-854b-5246777ce16a,adab89d9-3725-4e2c-9e05-d968297ae2f8,home,0,0,0,0,545,16,2,0,11,3,6,1,10,0,0,LB,,,,,,,,true,,false,false
050d1fa1-098d-41f7-854b-5246777ce16a,b1c9d678-21e9-40ef-832d-a1607170baa8,home,2,1,4,0,765,16,1,2,14,2,4,0,13,0,0,CM,,,,,,,,true,,false,false
050d1fa1-098d-41f7-854b-5246777ce16a,b43c872a-ee18-435d-9b92-6e3486484ea9,away,0,0,0,5,855,24,0,0,1,0,8,0,9,5,3,GK,,,,,,,,true,,false,false
050d1fa1-098d-41f7-854b-5246777ce16a,dd6bad4e-3564-4c45-b5ff-2cfb4b9fa8e9,away,1,0,2,0,260,7,0,2,5,0,0,0,7,0,0,LW,,,,,,,,true,,false,false
050d1fa1-098d-41f7-854b-5246777ce16a,f6a4dff0-c1fc-497c-8cf5-0889361418ee,home,0,0,0,6,610,10,0,0,1,0,5,3,18,6,1,GK,,,,,,,,true,,false,false
050d1fa1-098d-41f7-854b-5246777ce16a,fb447d59-a764-4392-8a9f-b25d74d4d261,away,0,0,2,0,155,8,1,2,7,0,1,0,21,0,0,RW,,,,,,,,true,,false,false
05f1cb42-31d3-434a-8e46-eaaf25bf1a65,0570d1ed-7ffc-416d-8fae-caa701f920e3,home,0,1,0,0,350,15,1,0,8,0,2,0,11,0,0,RB,,,,,,,,true,,false,false
05f1cb42-31d3-434a-8e46-eaaf25bf1a65,16be98a3-38b7-43cb-a21f-818d25515684,away,1,0,2,0,565,20,0,1,8,1,9,0,14,0,0,LB,,,,,,,,true,,false,false
05f1cb42-31d3-434a-8e46-eaaf25bf1a65,23ead12c-77ac-4e35-bc74-5f690af34010,home,1,0,1,0,540,18,0,1,13,3,6,0,19,0,0,CM,,,,,,,,true,,false,false
05f1cb42-31d3-434a-8e46-eaaf25bf1a65,33da5ff2-7f7a-4007-8497-8f563951c77d,away,1,1,3,0,565,19,2,2,6,0,1,0,11,0,0,RW,,,,,,,,true,,false,false
05f1cb42-31d3-434a-8e46-eaaf25bf1a65,3bb34974-24c9-4f3c-ba76-df9d9e5d6a0b,home,0,0,2,0,270,8,1,2,10,1,1,1,19,0,0,RW,,,,,,,,true,,false,false
05f1cb42-31d3-434a-8e46-eaaf25bf1a65,3dcd7592-94ca-4eee-81b4-1405e50406d9,home,1,0,4,0,550,20,0,2,7,1,1,1,12,0,0,LW,,,,,,,,true,,false,false
05f1cb42-31d3-434a-8e46-eaaf25bf1a65,455808e1-206b-4100-8a72-19aa622d3c43,home,0,0,0,0,0,0,0,0,0,0,0,0,0,0,0,Sub 1,,,,,,,,false,1,true,false
05f1cb42-31d3-434a-8e46-eaaf25bf1a65,75006243-09bb-4172-8880-7fc3a3e0d95c,away,0,0,1,0,435,16,1,1,9,1,7,1,17,0,0,RB,,,,,,,,true,,false,false
05f1cb42-31d3-434a-8e46-eaaf25bf1a65,7593f03f-2200-45ae-9a01-fd8019c47470,away,0,0,3,0,205,9,0,2,4,0,1,0,13,0,0,LW,,,,,,,,true,,false,false
05f1cb42-31d3-434a-8e46-eaaf25bf1a65,942c88aa-c32c-4f4a-8ae2-ac0c8fda6cb7,away,1,0,4,0,535,18,0,3,12,0,6,0,23,0,0,CM,,,,,,,,true,,false,false
05f1cb42-31d3-434a-8e46-eaaf25bf1a65,a430da4a-121d-495f-bce7-18b87939824c,home,0,0,0,0,330,10,0,0,10,3,6,3,21,0,0,LB,,,,,,,,true,,false,false
05f1cb42-31d3-434a-8e46-eaaf25bf1a65,d1ad216c-0bbb-4d7a-aabd-cdb52cb3d808,away,0,0,0,0,0,0,0,0,0,0,0,0,0,0,0,Sub 1,,,,,,,,false,1,true,false
05f1cb42-31d3-434a-8e46-eaaf25bf1a65,f097b613-dba4-4dfb-b6ee-733a9a2ba61a,away,0,0,0,3,520,12,0,0,0,0,3,1,3,3,3,GK,,,,,,,,true,,false,false
05f1cb42-31d3-434a-8e46-eaaf25bf1a65,f4f830a6-d634-48d1-adad-27344be1970e,home,0,0,0,4,620,19,0,0,0,0,1,0,3,4,2,GK,,,,,,,,true,,false,false
05fd0280-c2ae-43bf-aa2b-51ba50be7193,0dd49f0b-f99d-4b20-8f47-8c6b62139b98,home,0,0,0,0,235,9,0,0,7,1,2,0,6,0,0,LB,,,,,,,,true,,false,false
05fd0280-c2ae-43bf-aa2b-51ba50be7193,142a5453-eab4-4527-8d47-ded3dbadcce3,away,1,0,5,0,355,8,2,2,8,0,2,0,19,0,0,RW,,,,,,,,true,,false,false
05fd0280-c2ae-43bf-aa2b-51ba50be7193,33460ef6-9496-447d-b805-93ee54267e19,away,1,0,3,0,580,18,0,3,7,0,4,1,8,0,0,RB,,,,,,,,true,,false,false
05fd0280-c2ae-43bf-aa2b-51ba50be7193,59f47cc9-4c4a-4cd7-89a2-9af74d276af8,away,0,2,1,0,570,18,4,1,5,0,3,0,9,0,0,LW,,,,,,,,true,,false,false
05fd0280-c2ae-43bf-aa2b-51ba50be7193,6006e119-0315-48fa-a960-99688e274550,home,0,0,1,0,380,15,0,1,16,5,6,0,35,0,0,CM,,,,,,,,true,,false,false
05fd0280-c2ae-43bf-aa2b-51ba50be7193,93ad0ca5-4c0e-4c96-9ea0-d2a85f51926e,away,0,1,2,0,700,25,1,1,17,2,6,0,23,0,0,LB,,,,,,,,true,,false,false
05fd0280-c2ae-43bf-aa2b-51ba50be7193,9c036ac6-7708-44c8-9cd9-28ee1ee44454,away,3,0,7,0,760,20,0,5,10,1,2,1,22,0,0,CM,,,,,,,,true,,false,false
05fd0280-c2ae-43bf-aa2b-51ba50be7193,b3a498f0-d632-4d47-9794-eb67f6c40a74,home,1,0,1,0,240,6,0,1,7,1,2,0,11,0,0,LW,,,,,,,,true,,false,false
05fd0280-c2ae-43bf-aa2b-51ba50be7193,be25796e-cbbd-4f0f-804f-be89344383c8,home,0,0,2,0,230,8,1,2,4,0,1,0,9,0,0,RB,,,,,,,,true,,false,false
05fd0280-c2ae-43bf-aa2b-51ba50be7193,e832ed13-1bbd-4057-bdcf-51dceba99a0a,home,0,0,0,6,730,14,0,0,0,0,2,2,6,6,2,GK,,,,,,,,true,,false,false
05fd0280-c2ae-43bf-aa2b-51ba50be7193,f9a1b1c4-3be4-455a-911b-002588031dc0,away,0,0,0,2,215,4,0,0,0,0,0,0,2,2,1,GK,,,,,,,,true,,false,false
05fd0280-c2ae-43bf-aa2b-51ba50be7193,fac3b9dc-c0db-4bfa-90e4-37ec9e71f61f,home,0,1,1,0,500,19,1,0,13,1,2,1,17,0,0,RW,,,,,,,,true,,false,false
076b89c7-10da-43b9-ab3e-559089970de0,1ef81557-4610-448a-9114-a54e57e308e9,home,0,0,0,0,315,0,0,0,0,0,0,0,0,0,0,Sub 1,,,,,,,,false,1,false,true
076b89c7-10da-43b9-ab3e-559089970de0,2056400f-c5ac-483d-abe5-5fe710f8cb7a,away,0,0,0,0,460,0,0,0,0,0,0,0,0,0,0,RB,,,,,,,,true,,false,true
076b89c7-10da-43b9-ab3e-559089970de0,23ead12c-77ac-4e35-bc74-5f690af34010,home,0,0,0,0,360,0,0,0,0,0,0,0,0,0,0,RW,,,,,,,,true,,false,true
076b89c7-10da-43b9-ab3e-559089970de0,2f12cb6f-1c56-4aa4-a593-07403bcf3429,away,0,0,0,0,310,0,0,0,0,0,0,0,0,0,0,Sub 1,,,,,,,,false,1,false,true
076b89c7-10da-43b9-ab3e-559089970de0,323ee32d-4a4d-47b6-8a0d-02e192d1fdff,home,0,0,0,0,0,0,0,0,0,0,0,0,0,0,0,Sub 2,,,,,,,,false,2,true,true
076b89c7-10da-43b9-ab3e-559089970de0,356b17da-6647-4339-acfc-7c5ccd7cbaa2,away,0,0,0,0,270,0,0,0,0,0,0,0,0,0,0,LB,,,,,,,,true,,false,true
076b89c7-10da-43b9-ab3e-559089970de0,66baf5f0-2eda-4953-b088-96c35e37afa5,home,0,0,0,0,660,0,0,0,0,0,0,0,0,0,0,LW,,,,,,,,true,,false,true
076b89c7-10da-43b9-ab3e-559089970de0,9f00aa95-962f-40c7-a55a-318d7bd0e312,home,0,0,0,0,950,0,0,0,0,0,0,0,0,0,0,GK,,,,,,,,true,,false,true
076b89c7-10da-43b9-ab3e-559089970de0,bf2c1bbf-a8e3-4beb-b1c1-edf70ceb9fc5,away,0,0,0,0,395,0,0,0,0,0,0,0,0,0,0,RW,,,,,,,,true,,false,true
076b89c7-10da-43b9-ab3e-559089970de0,c2741329-9dc5-4d34-948a-e3e5dac92d1e,away,0,0,0,0,330,0,0,0,0,0,0,0,0,0,0,LW,,,,,,,,true,,false,true
076b89c7-10da-43b9-ab3e-559089970de0,d0abe833-f65b-4654-86b5-85013900b9c1,home,0,0,0,0,640,0,0,0,0,0,0,0,0,0,0,CM,,,,,,,,true,,false,true
076b89c7-10da-43b9-ab3e-559089970de0,dc5e88b3-a259-4067-a325-bd02255660e3,away,0,0,0,0,305,0,0,0,0,0,0,0,0,0,0,CM,,,,,,,,true,,false,true
076b89c7-10da-43b9-ab3e-559089970de0,dcd3dd2d-8842-4645-b995-4f2a22b9dfea,away,0,0,0,0,460,0,0,0,0,0,0,0,0,0,0,GK,,,,,,,,true,,false,true
076b89c7-10da-43b9-ab3e-559089970de0,e3c8c19a-1b7b-44df-9724-a9ba90dbb7af,home,0,0,0,0,900,0,0,0,0,0,0,0,0,0,0,LB,,,,,,,,true,,false,true
076b89c7-10da-43b9-ab3e-559089970de0,fab1aec0-0fe0-430d-8799-a0da1a9009d7,home,0,0,0,0,885,0,0,0,0,0,0,0,0,0,0,RB,,,,,,,,true,,false,true
093dd75f-17be-44c3-9418-a0fcad449552,0570d1ed-7ffc-416d-8fae-caa701f920e3,away,0,0,0,0,265,11,0,0,8,0,2,0,5,0,0,RB,,,,,,,,true,,false,false
093dd75f-17be-44c3-9418-a0fcad449552,1fba72d3-2686-40a2-8a95-841fa23d8122,home,0,0,0,0,400,18,0,0,7,3,3,1,12,0,0,LB,,,,,,,,true,,false,false
093dd75f-17be-44c3-9418-a0fcad449552,2af14ed0-2243-436a-8000-4fbfa191d50e,home,0,1,0,0,350,15,2,0,7,1,3,0,16,0,0,RB,,,,,,,,true,,false,false
093dd75f-17be-44c3-9418-a0fcad449552,7888df90-020a-4dd1-99da-85cb04dac66b,home,2,0,6,0,530,12,0,5,6,1,2,0,17,0,0,RW,,,,,,,,true,,false,false
093dd75f-17be-44c3-9418-a0fcad449552,8938e670-d21b-41eb-bcbf-db25ef7a6e6f,away,2,0,3,0,545,15,3,2,3,1,4,0,11,0,0,LW,,,,,,,,true,,false,false
093dd75f-17be-44c3-9418-a0fcad449552,9b390ad1-bd39-4f92-87bb-3e5f68365353,away,0,1,7,0,680,22,2,4,10,0,7,0,29,0,0,CM,,,,,,,,true,,false,false
093dd75f-17be-44c3-9418-a0fcad449552,b3fc8de3-ee53-4c8e-8051-f0f934b9c23f,home,0,0,1,0,185,6,0,1,6,0,2,1,10,0,0,Sub 1,,,,,,,,false,1,false,false
093dd75f-17be-44c3-9418-a0fcad449552,c2e1ef6c-89f7-4065-a6c5-c0d89e58dff8,home,0,0,0,0,520,22,0,0,9,2,5,2,12,0,0,CM,,,,,,,,true,,false,false
093dd75f-17be-44c3-9418-a0fcad449552,ca9eab4d-0c47-4616-a4e1-168cdbf01337,home,0,0,0,5,675,17,0,0,0,0,1,1,7,5,3,GK,,,,,,,,true,,false,false
093dd75f-17be-44c3-9418-a0fcad449552,cdd132ef-969b-46a7-98fa-fe35c4848c39,home,0,0,0,0,45,2,0,0,1,0,0,0,0,0,0,LW,,,,,,,,true,,false,false
093dd75f-17be-44c3-9418-a0fcad449552,d2fc286f-3473-4cd4-9554-0fe46dece9ec,away,0,0,0,0,455,14,0,0,11,2,3,1,4,0,0,LB,,,,,,,,true,,false,false
093dd75f-17be-44c3-9418-a0fcad449552,e76e2a44-fff6-48f2-a2d7-9e9c4ee69d83,away,1,0,3,0,270,10,0,2,8,0,1,0,19,0,0,RW,,,,,,,,true,,false,false
093dd75f-17be-44c3-9418-a0fcad449552,e832ed13-1bbd-4057-bdcf-51dceba99a0a,away,0,0,0,3,485,15,0,0,0,0,1,0,3,3,2,GK,,,,,,,,true,,false,false
0bcfb905-1fd7-4f14-ba6d-78265d715299,1f191cd8-e475-4e39-aa4c-4eed8c0cfb33,home,0,0,1,1,390,17,1,1,5,0,0,0,9,1,0,CM,,,,,,,,true,,false,false
0bcfb905-1fd7-4f14-ba6d-78265d715299,2056400f-c5ac-483d-abe5-5fe710f8cb7a,away,1,0,1,6,645,8,0,1,0,0,2,1,8,6,0,GK,,,,,,,,true,,false,false
0bcfb905-1fd7-4f14-ba6d-78265d715299,356b17da-6647-4339-acfc-7c5ccd7cbaa2,away,2,0,2,0,410,6,0,2,7,0,4,1,7,0,0,RB,,,,,,,,true,,false,false
0bcfb905-1fd7-4f14-ba6d-78265d715299,437af16a-4313-4bd9-93b2-f8115aa76447,away,3,2,5,0,795,7,4,5,8,0,2,0,8,0,0,LW,,,,,,,,true,,false,false
0bcfb905-1fd7-4f14-ba6d-78265d715299,80543e79-317b-4c83-b059-d50095730625,home,0,0,0,0,220,11,0,0,11,0,2,0,14,0,0,RB,,,,,,,,true,,false,false
0bcfb905-1fd7-4f14-ba6d-78265d715299,931fd875-9289-4b75-a927-0f295c7bfb8f,away,7,0,15,0,1280,8,1,12,11,1,5,1,18,0,0,RW,,,,,,,,true,,false,false
0bcfb905-1fd7-4f14-ba6d-78265d715299,9fb36a15-2292-4f0f-808b-e2d8e4f37dc9,home,0,0,3,0,205,5,0,3,1,0,1,0,5,0,0,Sub 1,,,,,,,,false,1,false,false
0bcfb905-1fd7-4f14-ba6d-78265d715299,a374d177-0be0-415d-97f2-7e29ec1b5cab,away,1,5,2,0,995,16,7,1,8,1,6,2,13,0,0,CM,,,,,,,,true,,false,false
0bcfb905-1fd7-4f14-ba6d-78265d715299,b51753bc-1a25-4857-b261-605a686e7ae7,home,0,0,1,1,565,20,0,1,11,2,5,0,20,1,2,GK,,,,,,,,true,,false,false
0bcfb905-1fd7-4f14-ba6d-78265d715299,b60e395d-4d97-42bd-bc8d-da0decaa7a92,home,0,0,0,0,230,13,0,0,5,0,2,0,7,0,0,LW,,,,,,,,true,,false,false
0bcfb905-1fd7-4f14-ba6d-78265d715299,b690b11e-d45e-4aff-aef4-a1390764758c,home,0,0,1,0,215,15,0,0,2,0,1,0,8,0,0,RW,,,,,,,,true,,false,false
0bcfb905-1fd7-4f14-ba6d-78265d715299,dcd3dd2d-8842-4645-b995-4f2a22b9dfea,away,2,0,4,0,490,5,2,3,15,0,1,0,15,0,0,LB,,,,,,,,true,,false,false
0bcfb905-1fd7-4f14-ba6d-78265d715299,e3c8c19a-1b7b-44df-9724-a9ba90dbb7af,home,0,0,0,4,430,8,0,0,1,1,4,1,19,4,3,LB,,,,,,,,true,,false,false
0c20a9ea-7995-443d-89e4-8c293dfa644d,2ac4ccc7-723b-42fd-bc24-40c74823387a,away,2,0,7,0,685,16,0,7,17,0,4,0,32,0,0,CM,,,,,,,,true,,false,false
0c20a9ea-7995-443d-89e4-8c293dfa644d,43936899-2247-4113-9f54-c1d2123c75a2,away,0,0,0,5,460,5,0,0,2,0,2,0,10,5,2,GK,,,,,,,,true,,false,false
0c20a9ea-7995-443d-89e4-8c293dfa644d,87c4e7ce-9c13-4e09-a532-5738dcf1876e,home,0,0,1,5,650,8,0,1,11,2,4,1,22,5,1,GK,,,,,,,,true,,false,false
0c20a9ea-7995-443d-89e4-8c293dfa644d,931fd875-9289-4b75-a927-0f295c7bfb8f,away,4,0,8,0,935,14,1,8,20,0,4,0,26,0,0,RW,,,,,,,,true,,false,false
0c20a9ea-7995-443d-89e4-8c293dfa644d,a374d177-0be0-415d-97f2-7e29ec1b5cab,away,0,0,1,0,410,11,0,1,10,1,8,2,15,0,0,LB,,,,,,,,true,,false,false
0c20a9ea-7995-443d-89e4-8c293dfa644d,bf2c1bbf-a8e3-4beb-b1c1-edf70ceb9fc5,away,0,3,1,0,885,23,3,1,15,3,5,0,14,0,0,RB,,,,,,,,true,,false,false
0c20a9ea-7995-443d-89e4-8c293dfa644d,cb599548-0205-4f8f-bcd6-f643be5e4280,away,0,0,0,0,0,0,0,0,0,0,0,0,0,0,0,Sub 1,,,,,,,,false,1,true,false
0c20a9ea-7995-443d-89e4-8c293dfa644d,cefd45e9-0320-4438-951a-e2f6480b847a,home,0,0,2,0,670,20,0,1,30,7,6,4,52,0,0,CM,,,,,,,,true,,false,false
0c20a9ea-7995-443d-89e4-8c293dfa644d,d7b38164-bd97-410b-a444-0b1f0a93f75a,home,0,0,3,0,510,21,1,2,13,1,3,2,27,0,0,LW,,,,,,,,true,,false,false
0c20a9ea-7995-443d-89e4-8c293dfa644d,fbac096f-ba5f-4a8b-949c-4b590f74e929,home,0,0,1,10,1070,16,1,0,3,0,3,1,16,10,3,LB,,,,,,,,true,,false,false
0c20a9ea-7995-443d-89e4-8c293dfa644d,fe5b4ca0-13f5-4b40-8170-29fc52475441,away,1,1,4,0,505,14,1,2,7,0,5,0,17,0,0,LW,,,,,,,,true,,false,false
0c20e50d-54a4-4e6c-8a2a-57fd923cc6f8,142fdaa8-7590-4ee3-9189-3bfaa55be1f4,home,0,0,0,6,515,6,0,0,0,0,1,0,4,6,0,GK,,,,,,,,true,,false,false
0c20e50d-54a4-4e6c-8a2a-57fd923cc6f8,23cee907-11ae-4bba-9c6d-c24835fcd3bf,away,1,1,2,0,665,18,2,2,19,4,2,0,28,0,0,CM,,,,,,,,true,,false,false
0c20e50d-54a4-4e6c-8a2a-57fd923cc6f8,279bffcc-da78-4ad5-8a31-b0469a61a000,away,1,0,2,0,400,16,0,2,9,1,2,0,18,0,0,LW,,,,,,,,true,,false,false
0c20e50d-54a4-4e6c-8a2a-57fd923cc6f8,47661561-e136-4d84-be1c-79fc0d47e921,home,0,0,0,0,290,9,1,0,7,2,4,1,11,0,0,LB,,,,,,,,true,,false,false
0c20e50d-54a4-4e6c-8a2a-57fd923cc6f8,49b04121-e468-4401-b524-4329a1fd9ef9,away,0,0,0,5,660,14,0,0,0,0,3,1,7,5,3,GK,,,,,,,,true,,false,false
0c20e50d-54a4-4e6c-8a2a-57fd923cc6f8,51f3dbda-8258-44b1-8ee7-906bc14a2f56,home,1,1,3,0,640,15,2,2,18,3,5,0,29,0,0,CM,,,,,,,,true,,false,false
0c20e50d-54a4-4e6c-8a2a-57fd923cc6f8,662f5590-f76c-4ab1-9b8a-3e96b919715a,away,1,1,6,0,625,12,1,4,13,0,5,0,21,0,0,RW,,,,,,,,true,,false,false
0c20e50d-54a4-4e6c-8a2a-57fd923cc6f8,6adf6e5f-a0dd-4e91-be62-6ab6080c9b7f,home,1,2,3,0,560,14,4,1,9,0,1,0,17,0,0,LW,,,,,,,,true,,false,false
0c20e50d-54a4-4e6c-8a2a-57fd923cc6f8,7a2cc320-0a03-40ec-8882-002ba7ab6ce2,home,2,0,4,0,535,12,2,3,10,0,4,0,18,0,0,RW,,,,,,,,true,,false,false
0c20e50d-54a4-4e6c-8a2a-57fd923cc6f8,a89648ad-2c02-4899-9504-9dfe645ae994,away,0,0,0,0,270,12,0,0,9,1,6,0,16,0,0,RB,,,,,,,,true,,false,false
0c20e50d-54a4-4e6c-8a2a-57fd923cc6f8,f81bcb96-24dd-4377-bb0c-062806417b9c,home,0,0,0,0,260,10,0,0,9,1,3,1,12,0,0,RB,,,,,,,,true,,false,false
0c20e50d-54a4-4e6c-8a2a-57fd923cc6f8,ff876c02-281d-434e-a4ef-d11693e53f03,away,0,0,0,0,315,12,0,0,7,3,3,0,9,0,0,LB,,,,,,,,true,,false,false
0c616684-c560-4f3b-9942-0ee20df90ade,01ece89d-d51d-436a-bb31-503f0743d6d3,away,0,0,0,5,565,8,1,0,0,0,0,0,3,5,3,GK,,,,,,,,true,,false,false
0c616684-c560-4f3b-9942-0ee20df90ade,05b15568-4bb8-4b6e-93b0-5d41a269bb8f,home,0,0,0,0,60,0,0,0,2,2,0,0,2,0,0,LB,,,,,,,,true,,false,false
0c616684-c560-4f3b-9942-0ee20df90ade,0d100302-039c-488b-bf0c-1347f76879f5,away,0,1,0,0,345,10,2,0,7,1,3,2,14,0,0,LB,,,,,,,,true,,false,false
0c616684-c560-4f3b-9942-0ee20df90ade,101b3f9c-1167-4c49-a9c8-7361e58edf1e,home,5,2,11,0,1225,17,3,9,11,0,8,0,26,0,0,LW,,,,,,,,true,,false,false
0c616684-c560-4f3b-9942-0ee20df90ade,13bb6995-1085-4aa5-b29a-8a5e3126aabd,away,1,0,2,0,180,2,0,1,5,0,2,0,8,0,0,LW,,,,,,,,true,,false,false
0c616684-c560-4f3b-9942-0ee20df90ade,17b7048c-b910-4f56-a64a-d398221dd63a,away,3,1,8,0,810,16,1,5,25,0,5,0,44,0,0,RW,,,,,,,,true,,false,false
0c616684-c560-4f3b-9942-0ee20df90ade,65e478e9-920c-40ed-9247-cd6642b83f36,home,0,0,0,6,495,5,0,0,0,0,1,0,7,6,1,GK,,,,,,,,true,,false,false
0c616684-c560-4f3b-9942-0ee20df90ade,74a27bb8-dc1d-421b-b931-d5d9e700d791,home,0,0,1,0,380,7,0,1,13,3,8,1,19,0,0,RB,,,,,,,,true,,false,false
0c616684-c560-4f3b-9942-0ee20df90ade,7d309808-fb3f-4a9c-94fc-b851290b13de,away,1,1,2,0,685,18,3,2,15,0,8,1,24,0,0,CM,,,,,,,,true,,false,false
0c616684-c560-4f3b-9942-0ee20df90ade,a6dbbd49-92c7-4e52-aa9b-3799e55a548e,home,1,1,1,0,620,17,2,1,26,1,10,0,41,0,0,CM,,,,,,,,true,,false,false
0c616684-c560-4f3b-9942-0ee20df90ade,ab8294c2-f185-4d63-8cb9-cedca35a65f7,away,0,0,0,0,335,13,1,0,15,1,7,0,24,0,0,RB,,,,,,,,true,,false,false
0c616684-c560-4f3b-9942-0ee20df90ade,c3cc845e-64e3-4b46-9d8e-d67e416acb3b,home,2,2,5,0,745,9,5,3,9,0,6,0,16,0,0,RW,,,,,,,,true,,false,false
0c616684-c560-4f3b-9942-0ee20df90ade,f8bd073c-178c-4cdc-a07d-8d69d894c647,home,0,0,0,0,0,0,0,0,0,0,0,0,0,0,0,Sub 1,,,,,,,,false,1,true,false
0d1daf27-bb2c-44e6-ada6-61c27f69fe11,00d95f21-b5ea-41c4-8871-8d8530c5b9f3,home,0,0,0,6,530,5,0,0,0,0,2,1,10,6,2,GK,,,,,,,,true,,false,false
0d1daf27-bb2c-44e6-ada6-61c27f69fe11,0570d1ed-7ffc-416d-8fae-caa701f920e3,away,0,1,2,0,495,14,1,1,10,1,7,2,23,0,1,RB,,,,,,,,true,,false,false
0d1daf27-bb2c-44e6-ada6-61c27f69fe11,096da32a-44f3-4780-ab78-1cecebab6fa6,home,0,0,0,0,0,0,0,0,0,0,0,0,0,0,0,Sub 3,,,,,,,,false,3,true,false
0d1daf27-bb2c-44e6-ada6-61c27f69fe11,0f810a4b-07df-49e9-a69c-e285f67c56c1,home,0,0,1,0,425,17,1,1,9,0,6,0,13,0,0,RB,,,,,,,,true,,false,false
0d1daf27-bb2c-44e6-ada6-61c27f69fe11,23ead12c-77ac-4e35-bc74-5f690af34010,away,0,0,0,0,380,17,0,0,6,0,4,1,5,0,0,CM,,,,,,,,true,,false,false
0d1daf27-bb2c-44e6-ada6-61c27f69fe11,3dcd7592-94ca-4eee-81b4-1405e50406d9,away,3,0,8,0,685,15,0,6,14,0,4,0,31,0,0,LW,,,,,,,,true,,false,false
0d1daf27-bb2c-44e6-ada6-61c27f69fe11,51568e76-e50a-4573-9646-3d9270f944ce,away,0,0,0,3,505,10,0,0,1,1,4,1,7,3,3,GK,,,,,,,,true,,false,false
0d1daf27-bb2c-44e6-ada6-61c27f69fe11,56a42e4d-7b9b-47c6-a154-ecdee7fb8213,home,2,0,6,0,715,14,0,4,17,1,5,0,20,0,0,LW,,,,,,,,true,,false,false
0d1daf27-bb2c-44e6-ada6-61c27f69fe11,7066872c-bfdb-482b-b521-1084d9f96012,home,1,2,3,0,500,14,5,2,8,0,4,0,31,0,0,RW,,,,,,,,true,,false,false
0d1daf27-bb2c-44e6-ada6-61c27f69fe11,a430da4a-121d-495f-bce7-18b87939824c,away,0,0,1,0,465,15,0,1,7,1,9,3,15,0,0,LB,,,,,,,,true,,false,false
0d1daf27-bb2c-44e6-ada6-61c27f69fe11,c09d080a-af97-43e9-861c-367ee120e3f4,away,0,0,2,0,320,13,0,2,11,0,0,0,14,0,0,RW,,,,,,,,true,,false,false
0d1daf27-bb2c-44e6-ada6-61c27f69fe11,d44e31a5-7773-47e2-93f3-a76abb4e7666,home,2,0,5,0,595,13,1,4,10,0,2,0,13,0,0,CM,,,,,,,,true,,false,false
0d1daf27-bb2c-44e6-ada6-61c27f69fe11,ec5a612f-490d-4baa-a35a-b83f6426191f,home,0,0,0,0,305,12,0,0,10,0,4,1,11,0,0,LB,,,,,,,,true,,false,false
0d5490f2-4302-4e08-887e-7bac8a7157c9,16be98a3-38b7-43cb-a21f-818d25515684,home,1,3,1,0,795,18,4,1,12,3,2,0,14,0,0,LB,,,,,,,,true,,false,false
0d5490f2-4302-4e08-887e-7bac8a7157c9,18705b90-e5c8-4cc2-98fb-902cb958d376,home,3,2,6,0,1005,19,4,6,14,0,2,0,19,0,0,LW,,,,,,,,true,,false,false
0d5490f2-4302-4e08-887e-7bac8a7157c9,28665e99-bf57-4d6f-9303-8f24750764c5,away,0,1,1,0,345,15,1,1,8,0,3,0,18,0,0,CM,,,,,,,,true,,false,false
0d5490f2-4302-4e08-887e-7bac8a7157c9,2df70d98-1fcc-4f56-932b-c1aa91c197aa,home,0,2,0,0,640,19,2,0,9,2,5,1,10,0,0,RB,,,,,,,,true,,false,false
0d5490f2-4302-4e08-887e-7bac8a7157c9,33da5ff2-7f7a-4007-8497-8f563951c77d,home,5,1,7,0,1165,19,3,6,9,3,6,2,18,0,0,CM,,,,,,,,true,,false,false
0d5490f2-4302-4e08-887e-7bac8a7157c9,5780051c-a5b1-4dd6-a549-c6a3ca457c93,away,0,0,0,0,15,1,0,0,4,0,0,0,6,0,0,LB,,,,,,,,true,,false,false
0d5490f2-4302-4e08-887e-7bac8a7157c9,67d84d4a-34e1-425a-b5af-aa80ba3e1ce7,away,0,0,0,0,275,8,0,0,11,4,2,0,14,0,0,Sub 2,,,,,,,,false,2,false,false
0d5490f2-4302-4e08-887e-7bac8a7157c9,6dd2ea29-a00b-4393-a556-448387245400,away,0,0,0,0,0,0,0,0,0,0,0,0,0,0,0,Sub 1,,,,,,,,false,1,true,false
0d5490f2-4302-4e08-887e-7bac8a7157c9,7af8310e-a70e-4984-826c-45c8b97f4b62,away,1,0,3,0,575,16,0,3,8,2,5,0,11,0,0,RW,,,,,,,,true,,false,false
0d5490f2-4302-4e08-887e-7bac8a7157c9,942c88aa-c32c-4f4a-8ae2-ac0c8fda6cb7,home,2,0,4,0,535,17,2,2,6,0,0,0,11,0,0,RW,,,,,,,,true,,false,false
0d5490f2-4302-4e08-887e-7bac8a7157c9,ad29ada0-9a5b-4d0e-9464-32317ed4cd31,away,0,0,1,0,165,7,0,1,0,0,2,0,2,0,0,LW,,,,,,,,true,,false,false
0d5490f2-4302-4e08-887e-7bac8a7157c9,d2fc286f-3473-4cd4-9554-0fe46dece9ec,away,0,0,0,0,415,14,0,0,10,3,5,1,12,0,0,RB,,,,,,,,true,,false,false
0d5490f2-4302-4e08-887e-7bac8a7157c9,d3b44caa-6b74-48b0-b1be-051cb7a5659c,away,0,0,0,5,380,7,0,0,0,0,0,0,10,5,0,GK,,,,,,,,true,,false,false
0d5490f2-4302-4e08-887e-7bac8a7157c9,f097b613-dba4-4dfb-b6ee-733a9a2ba61a,home,0,0,0,3,540,11,0,0,0,0,1,1,4,3,6,GK,,,,,,,,true,,false,false
0dc677ad-c033-4322-b8e8-120a76073870,1f3d2c25-37aa-41cf-86e9-6afd067b2847,home,0,0,0,0,460,17,1,0,14,2,6,0,17,0,0,LB,,,,,,,,true,,false,false
0dc677ad-c033-4322-b8e8-120a76073870,38650574-06a3-4be2-bff7-df26627ecb0f,home,0,0,0,6,635,9,0,0,2,1,1,0,7,6,2,GK,,,,,,,,true,,false,false
0dc677ad-c033-4322-b8e8-120a76073870,47661561-e136-4d84-be1c-79fc0d47e921,away,1,0,1,0,575,15,1,1,11,0,7,3,12,0,0,LB,,,,,,,,true,,false,false
0dc677ad-c033-4322-b8e8-120a76073870,51f3dbda-8258-44b1-8ee7-906bc14a2f56,away,1,4,1,0,810,19,5,1,11,0,5,0,18,0,0,CM,,,,,,,,true,,false,false
0dc677ad-c033-4322-b8e8-120a76073870,6adf6e5f-a0dd-4e91-be62-6ab6080c9b7f,away,2,0,6,0,580,11,0,5,15,0,7,0,29,0,0,LW,,,,,,,,true,,false,false
0dc677ad-c033-4322-b8e8-120a76073870,b97768bd-0745-49ec-b961-a0404701547b,away,0,0,0,4,510,12,0,0,0,0,0,0,2,4,2,GK,,,,,,,,true,,false,false
0dc677ad-c033-4322-b8e8-120a76073870,c9d42d84-52c0-46a2-90ce-c253bbd1fceb,home,0,0,2,0,325,11,0,1,14,1,4,0,21,0,0,CM,,,,,,,,true,,false,false
0dc677ad-c033-4322-b8e8-120a76073870,d7b38164-bd97-410b-a444-0b1f0a93f75a,home,0,0,1,0,245,11,0,1,14,0,3,1,25,0,0,RB,,,,,,,,true,,false,false
0dc677ad-c033-4322-b8e8-120a76073870,e4ca84fb-e03d-4938-a499-da884a27a61a,away,5,1,10,0,1080,10,2,9,17,1,3,0,23,0,0,RW,,,,,,,,true,,false,false
0dc677ad-c033-4322-b8e8-120a76073870,eeaed5b1-a58f-48bd-a142-214c6686ace4,home,0,0,0,0,220,12,0,0,12,1,1,0,18,0,0,RW,,,,,,,,true,,false,false
0dc677ad-c033-4322-b8e8-120a76073870,f81bcb96-24dd-4377-bb0c-062806417b9c,away,1,0,2,0,370,9,0,1,10,1,3,0,11,0,0,RB,,,,,,,,true,,false,false
0f88d185-cd63-4c10-ad1f-735b04b63057,2a06d573-a6e1-4fbf-b675-267d49df828a,home,0,1,1,0,530,17,3,1,9,1,2,0,10,0,0,LB,,,,,,,,true,,false,false
0f88d185-cd63-4c10-ad1f-735b04b63057,3135f05c-09ba-4d3e-aa97-f433001eca33,away,0,0,0,0,690,23,2,0,22,6,3,0,23,0,0,LB,,,,,,,,true,,false,false
0f88d185-cd63-4c10-ad1f-735b04b63057,4074bd27-2945-48e1-ad1c-a6fecabf859c,home,1,0,4,0,205,1,0,2,4,0,0,0,7,0,0,Sub 2,,,,,,,,false,2,false,false
0f88d185-cd63-4c10-ad1f-735b04b63057,6a246ef5-9bec-4f29-a7cf-5dab1915fbb3,away,0,0,1,0,265,10,0,0,17,1,4,0,25,0,0,LW,,,,,,,,true,,false,false
0f88d185-cd63-4c10-ad1f-735b04b63057,6ca9e07b-b6d4-461a-aa3e-e3827cd56781,home,2,0,5,0,850,26,1,4,20,1,5,0,29,0,0,CM,,,,,,,,true,,false,false
0f88d185-cd63-4c10-ad1f-735b04b63057,7c811d9b-f926-4ccd-a62f-3323ce07002f,away,0,0,0,7,790,18,0,0,0,0,2,0,11,7,3,GK,,,,,,,,true,,false,false
0f88d185-cd63-4c10-ad1f-735b04b63057,8e6af089-fdd5-4ab3-854a-677599513198,home,2,4,4,0,1010,18,6,4,15,0,3,0,22,0,0,RW,,,,,,,,true,,false,false
0f88d185-cd63-4c10-ad1f-735b04b63057,94a80472-3333-4903-bacb-a840ece6c816,home,2,1,6,0,485,3,1,4,3,0,2,0,7,0,0,LW,,,,,,,,true,,false,false
0f88d185-cd63-4c10-ad1f-735b04b63057,9b662727-19aa-4f5d-8459-696c178c498e,home,0,0,0,1,260,8,0,0,0,0,3,0,3,1,2,GK,,,,,,,,true,,false,false
0f88d185-cd63-4c10-ad1f-735b04b63057,a71d3030-261e-41aa-988a-56851eba1e54,away,2,1,2,0,660,11,3,2,9,4,4,1,16,0,0,RB,,,,,,,,true,,false,false
0f88d185-cd63-4c10-ad1f-735b04b63057,cffce0e1-86ca-48bb-860d-f6b468ddbcc2,away,1,2,5,0,640,17,3,3,10,0,1,1,25,0,0,RW,,,,,,,,true,,false,false
0f88d185-cd63-4c10-ad1f-735b04b63057,d866f609-fb9f-4f45-b296-c6d2852a3dfa,away,0,0,0,0,45,2,0,0,0,0,1,0,0,0,0,CM,,,,,,,,true,,false,false
0f88d185-cd63-4c10-ad1f-735b04b63057,f503bb9e-7264-4a3b-8b81-5035f1ef8188,home,0,0,1,0,325,11,0,1,11,0,6,1,17,0,0,RB,,,,,,,,true,,false,false
10093bad-082d-4a36-a236-bb92d4ed6457,2000e422-67b4-4331-b13c-235b87c5f18d,away,1,2,3,0,825,19,2,2,14,4,3,2,21,0,0,CM,,,,,,,,true,,false,false
10093bad-082d-4a36-a236-bb92d4ed6457,28665e99-bf57-4d6f-9303-8f24750764c5,home,0,0,2,0,345,16,0,1,8,3,3,0,21,0,0,LM,,,,,,,,true,,false,false
10093bad-082d-4a36-a236-bb92d4ed6457,3914a82e-650b-4260-8805-0ff2dfa80104,home,1,0,2,0,580,20,0,2,16,1,4,1,22,0,0,RM,,,,,,,,true,,false,false
10093bad-082d-4a36-a236-bb92d4ed6457,4d4cd3e6-24cf-452f-bf78-85ae39cb37b5,home,0,0,0,0,0,0,0,0,0,0,0,0,0,0,0,Sub 1,,,,,,,,false,1,true,false
10093bad-082d-4a36-a236-bb92d4ed6457,515cb6b3-cc0a-4765-88f6-b2e0851935ef,home,0,0,3,0,640,21,0,3,12,1,6,2,17,0,0,LB,,,,,,,,true,,false,false
10093bad-082d-4a36-a236-bb92d4ed6457,56b917a0-b324-4f2f-95b9-cee53ead974f,away,0,0,0,0,0,0,0,0,0,0,0,0,0,0,0,Sub 1,,,,,,,,false,1,true,false
10093bad-082d-4a36-a236-bb92d4ed6457,5780051c-a5b1-4dd6-a549-c6a3ca457c93,home,0,0,0,0,0,0,0,0,0,0,0,0,0,0,0,Sub 2,,,,,,,,false,2,true,false
10093bad-082d-4a36-a236-bb92d4ed6457,5eee5035-5f13-495b-8b2e-145c235d860a,away,0,0,0,0,275,10,1,0,17,0,9,0,29,0,0,RW,,,,,,,,true,,false,false
10093bad-082d-4a36-a236-bb92d4ed6457,67d84d4a-34e1-425a-b5af-aa80ba3e1ce7,home,0,0,0,0,525,20,0,0,21,5,4,1,30,0,0,RB,,,,,,,,true,,false,false
10093bad-082d-4a36-a236-bb92d4ed6457,7af8310e-a70e-4984-826c-45c8b97f4b62,home,0,0,0,0,150,8,1,0,3,0,0,0,4,0,0,Sub 3,,,,,,,,false,3,false,false
10093bad-082d-4a36-a236-bb92d4ed6457,7fd5353d-009f-448f-8c7a-98d0a8825c0a,home,0,0,0,0,935,13,0,0,0,0,0,0,11,10,4,GK,,,,,,,,true,,false,false
10093bad-082d-4a36-a236-bb92d4ed6457,827a57e6-345c-4019-8e06-5e31845cf8ef,away,3,0,10,0,630,5,0,8,11,0,4,0,27,0,0,LW,,,,,,,,true,,false,false
10093bad-082d-4a36-a236-bb92d4ed6457,865c7086-2d02-48dd-8ea3-8d1b45ef2cfb,away,0,0,0,5,505,5,0,0,1,0,1,1,5,5,2,GK,,,,,,,,true,,false,false
10093bad-082d-4a36-a236-bb92d4ed6457,97c0be85-49b4-48bc-a162-40cbb24c2d30,away,0,0,2,0,470,12,1,2,7,2,5,1,9,0,0,LB,,,,,,,,true,,false,false
10093bad-082d-4a36-a236-bb92d4ed6457,ba9245bb-26ab-474b-a620-85d2091b3e5f,away,0,0,0,0,0,0,0,0,0,0,0,0,0,0,0,Sub 2,,,,,,,,false,2,true,false
10093bad-082d-4a36-a236-bb92d4ed6457,c337388c-ea44-4078-8efa-3b3d0f0bc013,away,0,0,1,0,565,16,0,1,11,5,6,1,13,0,0,RB,,,,,,,,true,,false,false
10093bad-082d-4a36-a236-bb92d4ed6457,d0abe833-f65b-4654-86b5-85013900b9c1,home,0,0,0,0,90,7,0,0,1,0,0,0,3,0,0,CF,,,,,,,,true,,false,false
105b347b-0c61-47cf-a7c6-5ac2584f9be9,05b15568-4bb8-4b6e-93b0-5d41a269bb8f,home,0,0,0,0,585,22,0,0,13,2,11,1,18,0,0,RB,,,,,,,,true,,false,false
105b347b-0c61-47cf-a7c6-5ac2584f9be9,279bffcc-da78-4ad5-8a31-b0469a61a000,away,0,0,1,0,530,17,0,1,16,2,4,3,20,0,0,LW,,,,,,,,true,,false,false
105b347b-0c61-47cf-a7c6-5ac2584f9be9,65e478e9-920c-40ed-9247-cd6642b83f36,home,0,0,0,4,475,9,0,0,0,0,1,0,5,4,3,GK,,,,,,,,true,,false,false
105b347b-0c61-47cf-a7c6-5ac2584f9be9,662f5590-f76c-4ab1-9b8a-3e96b919715a,away,1,0,3,0,210,3,0,3,12,0,3,0,26,0,0,RW,,,,,,,,true,,false,false
105b347b-0c61-47cf-a7c6-5ac2584f9be9,74a27bb8-dc1d-421b-b931-d5d9e700d791,home,0,0,0,0,235,8,1,0,4,1,3,0,4,0,0,LB,,,,,,,,true,,false,false
105b347b-0c61-47cf-a7c6-5ac2584f9be9,a0dee0ba-40fe-458c-8b10-9c84b52fd7bc,away,0,0,0,3,345,8,0,0,0,0,1,0,9,3,3,GK,,,,,,,,true,,false,false
105b347b-0c61-47cf-a7c6-5ac2584f9be9,a6dbbd49-92c7-4e52-aa9b-3799e55a548e,home,1,1,2,0,525,16,2,1,7,0,5,0,13,0,0,Sub 2,,,,,,,,false,2,false,false
105b347b-0c61-47cf-a7c6-5ac2584f9be9,a89648ad-2c02-4899-9504-9dfe645ae994,away,0,1,1,0,375,17,1,1,9,0,0,0,15,0,0,CM,,,,,,,,true,,false,false
105b347b-0c61-47cf-a7c6-5ac2584f9be9,ab48c36d-a7de-4ef3-bf0a-be7a8c40a091,home,2,1,3,0,485,7,1,3,7,1,3,0,13,0,0,CM,,,,,,,,true,,false,false
105b347b-0c61-47cf-a7c6-5ac2584f9be9,ac239d69-983c-4784-ac0f-6139cd5b61f1,home,3,1,5,0,525,10,1,4,5,0,2,0,19,0,0,RW,,,,,,,,true,,false,false
105b347b-0c61-47cf-a7c6-5ac2584f9be9,c3cc845e-64e3-4b46-9d8e-d67e416acb3b,home,0,2,1,0,550,17,3,1,13,0,3,0,19,0,0,LW,,,,,,,,true,,false,false
105b347b-0c61-47cf-a7c6-5ac2584f9be9,f3ebc231-43d9-4979-bf33-d41928a11c76,away,0,0,0,0,340,15,0,0,12,2,4,1,20,0,0,LB,,,,,,,,true,,false,false
105b347b-0c61-47cf-a7c6-5ac2584f9be9,f8bd073c-178c-4cdc-a07d-8d69d894c647,home,0,0,0,0,255,8,1,0,6,2,2,0,6,0,0,Sub 1,,,,,,,,false,1,false,false
105b347b-0c61-47cf-a7c6-5ac2584f9be9,ff876c02-281d-434e-a4ef-d11693e53f03,away,0,0,0,0,595,20,0,0,10,4,9,2,14,0,0,RB,,,,,,,,true,,false,false
118b956e-e31e-4f03-af44-774be970ab66,058a7596-9774-443f-993a-4b755ffe4f3a,away,2,2,4,0,660,14,4,3,7,0,2,0,18,0,0,CF,,,,,,,,true,,false,false
118b956e-e31e-4f03-af44-774be970ab66,26c6fd97-a374-4786-8561-634c81de2b57,away,1,1,1,0,650,23,2,1,6,1,5,1,12,0,0,RM,,,,,,,,true,,false,false
118b956e-e31e-4f03-af44-774be970ab66,2df70d98-1fcc-4f56-932b-c1aa91c197aa,home,0,0,0,0,0,0,0,0,0,0,0,0,0,0,0,Sub 2,,,,,,,,false,2,true,false
118b956e-e31e-4f03-af44-774be970ab66,46572518-d547-44b4-a9b7-d0847f5a9791,home,1,3,3,0,910,19,5,3,14,1,7,0,22,0,0,LM,,,,,,,,true,,false,false
118b956e-e31e-4f03-af44-774be970ab66,51721016-b394-4dea-a7e7-cb3374f018d1,away,0,0,1,0,115,6,0,0,14,1,1,0,25,0,0,LM,,,,,,,,true,,false,false
118b956e-e31e-4f03-af44-774be970ab66,565f74c4-302b-4d0b-8fe7-057809b2f5c8,home,0,0,0,0,255,10,2,0,6,0,5,0,11,0,0,LB,,,,,,,,true,,false,false
118b956e-e31e-4f03-af44-774be970ab66,59367df6-a831-4a1c-8cb1-a65a16687609,home,0,0,0,3,335,9,0,0,0,0,2,0,8,3,1,GK,,,,,,,,true,,false,false
118b956e-e31e-4f03-af44-774be970ab66,5aa7d6bb-fb61-467b-9200-0e55e5baca83,away,0,0,0,6,930,18,0,0,0,0,3,1,6,6,8,GK,,,,,,,,true,,false,false
118b956e-e31e-4f03-af44-774be970ab66,8224ef9f-3a52-427c-9403-f110b1b0ef47,home,1,1,7,0,635,16,1,5,9,0,3,0,22,0,0,RM,,,,,,,,true,,false,false
118b956e-e31e-4f03-af44-774be970ab66,b51753bc-1a25-4857-b261-605a686e7ae7,home,0,0,1,0,145,5,0,1,1,0,1,0,1,0,0,Sub 3,,,,,,,,false,3,false,false
118b956e-e31e-4f03-af44-774be970ab66,b935858d-f739-483e-a0b3-997fa723f5b4,home,3,0,5,0,535,11,0,5,11,1,0,0,22,0,0,CF,,,,,,,,true,,false,false
118b956e-e31e-4f03-af44-774be970ab66,df4cf9bb-c82d-447f-9c35-22f9bd145e11,away,0,0,0,0,375,14,0,0,10,3,5,1,16,0,0,LB,,,,,,,,true,,false,false
118b956e-e31e-4f03-af44-774be970ab66,e3c8c19a-1b7b-44df-9724-a9ba90dbb7af,home,0,0,0,0,0,0,0,0,0,0,0,0,0,0,0,Sub 1,,,,,,,,false,1,true,false
118b956e-e31e-4f03-af44-774be970ab66,e4145b3b-509f-48c4-aa60-d6df540f762f,away,1,0,2,0,525,18,0,1,14,3,1,0,17,0,0,RB,,,,,,,,true,,false,false
118b956e-e31e-4f03-af44-774be970ab66,fb870e63-dd63-4a29-89d6-55ce8da81176,home,0,0,0,0,455,20,1,0,9,0,5,0,8,0,0,RB,,,,,,,,true,,false,false
119559e0-c5ef-4589-811b-a51c608a0af0,0dd49f0b-f99d-4b20-8f47-8c6b62139b98,home,0,0,1,0,300,9,0,1,6,2,4,1,11,0,0,LB,,,,,,,,true,,false,false
119559e0-c5ef-4589-811b-a51c608a0af0,51f3dbda-8258-44b1-8ee7-906bc14a2f56,away,1,0,4,1,630,18,0,2,9,2,4,0,16,1,0,GK,,,,,,,,true,,false,false
119559e0-c5ef-4589-811b-a51c608a0af0,6006e119-0315-48fa-a960-99688e274550,home,0,0,1,0,125,8,0,1,11,0,2,0,24,0,0,RW,,,,,,,,true,,false,false
119559e0-c5ef-4589-811b-a51c608a0af0,6adf6e5f-a0dd-4e91-be62-6ab6080c9b7f,away,0,1,0,0,450,16,1,0,11,2,3,1,16,0,0,RB,,,,,,,,true,,false,false
119559e0-c5ef-4589-811b-a51c608a0af0,7e5502a7-6938-427e-9edd-e08064b11735,away,2,1,3,0,525,13,3,3,11,0,0,0,22,0,0,LW,,,,,,,,true,,false,false
119559e0-c5ef-4589-811b-a51c608a0af0,836dc937-6f74-4e8c-a576-5c01226de7be,away,1,0,2,0,370,12,1,2,10,0,1,0,15,0,0,RW,,,,,,,,true,,false,false
119559e0-c5ef-4589-811b-a51c608a0af0,9bb8426f-d9fb-4ccb-a9e5-9bf4f49b5bca,away,0,0,0,1,135,3,0,0,0,0,0,0,1,1,1,Sub,,,,,,,,false,1,false,false
119559e0-c5ef-4589-811b-a51c608a0af0,b6ff4b52-fa8f-4ede-ae27-c1e83b4733e4,home,0,0,0,0,475,11,0,0,15,4,6,1,13,0,0,RB,,,,,,,,true,,false,false
119559e0-c5ef-4589-811b-a51c608a0af0,d1ad216c-0bbb-4d7a-aabd-cdb52cb3d808,away,0,1,2,0,810,16,2,2,20,6,7,1,22,0,0,LB,,,,,,,,true,,false,false
119559e0-c5ef-4589-811b-a51c608a0af0,e832ed13-1bbd-4057-bdcf-51dceba99a0a,home,0,0,0,5,545,9,0,0,0,0,2,0,7,5,3,GK,,,,,,,,true,,false,false
119559e0-c5ef-4589-811b-a51c608a0af0,f81bcb96-24dd-4377-bb0c-062806417b9c,away,0,1,0,2,410,8,1,0,2,1,1,0,4,2,1,CM,,,,,,,,true,,false,false
119559e0-c5ef-4589-811b-a51c608a0af0,fac3b9dc-c0db-4bfa-90e4-37ec9e71f61f,home,0,0,1,0,300,9,0,1,12,2,4,1,20,0,0,CM,,,,,,,,true,,false,false
12847716-c05b-4c75-b95a-67654803bd8e,04d5a6ba-608c-4a00-86c8-f374369d89bb,home,2,0,8,0,505,5,1,6,6,0,1,0,15,0,0,RW,,,,,,,,true,,false,false
12847716-c05b-4c75-b95a-67654803bd8e,2000e422-67b4-4331-b13c-235b87c5f18d,away,0,1,1,0,555,21,2,1,6,2,7,1,19,0,0,CM,,,,,,,,true,,false,false
12847716-c05b-4c75-b95a-67654803bd8e,2c966158-8cad-4b74-8cdc-f095259817a5,away,2,1,4,0,420,5,1,4,7,0,1,0,16,0,0,LW,,,,,,,,true,,false,false
12847716-c05b-4c75-b95a-67654803bd8e,38ccfa50-824a-41f6-a72c-fc8f897fb15e,home,0,1,0,0,380,14,2,0,5,1,3,1,11,0,0,CM,,,,,,,,true,,false,false
12847716-c05b-4c75-b95a-67654803bd8e,6cbece72-a0f9-4c80-a6e4-332abe28faf6,away,2,0,2,0,400,11,1,2,6,0,4,0,14,0,0,RW,,,,,,,,true,,false,false
12847716-c05b-4c75-b95a-67654803bd8e,7bce360c-9582-4ae3-a11f-ede63cedebe3,home,1,1,6,0,680,15,2,4,4,0,3,0,6,0,0,LW,,,,,,,,true,,false,false
12847716-c05b-4c75-b95a-67654803bd8e,865c7086-2d02-48dd-8ea3-8d1b45ef2cfb,away,0,0,0,10,1040,14,0,0,2,1,0,0,5,10,3,GK,,,,,,,,true,,false,false
12847716-c05b-4c75-b95a-67654803bd8e,97c0be85-49b4-48bc-a162-40cbb24c2d30,away,0,0,1,0,445,11,0,1,6,1,7,4,9,0,0,LB,,,,,,,,true,,false,false
12847716-c05b-4c75-b95a-67654803bd8e,991e6f31-863a-44d6-b530-5376b19d027b,home,0,1,2,0,470,10,3,2,10,1,4,2,20,0,0,RB,,,,,,,,true,,false,false
12847716-c05b-4c75-b95a-67654803bd8e,9d0a604d-1960-493d-833a-47ea82bfd83b,home,0,0,0,0,395,13,0,0,11,2,7,0,12,0,0,LB,,,,,,,,true,,false,false
12847716-c05b-4c75-b95a-67654803bd8e,b43c872a-ee18-435d-9b92-6e3486484ea9,home,0,0,0,5,730,15,1,0,0,0,2,1,10,5,6,GK,,,,,,,,true,,false,false
12847716-c05b-4c75-b95a-67654803bd8e,c337388c-ea44-4078-8efa-3b3d0f0bc013,away,0,0,3,0,145,5,0,2,4,0,1,0,13,0,0,RB,,,,,,,,true,,false,false
1369b9a6-0028-457f-8f03-b6d89f56151b,1fba72d3-2686-40a2-8a95-841fa23d8122,home,0,0,0,0,305,11,0,0,15,1,4,0,17,0,0,LB,,,,,,,,true,,false,false
1369b9a6-0028-457f-8f03-b6d89f56151b,21c61bd1-10fd-4974-9031-a18bd5e6520f,home,0,1,0,0,555,18,2,0,10,0,8,1,12,0,0,RB,,,,,,,,true,,false,false
1369b9a6-0028-457f-8f03-b6d89f56151b,2af14ed0-2243-436a-8000-4fbfa191d50e,home,2,2,6,0,840,16,4,4,14,0,4,0,24,0,0,CM,,,,,,,,true,,false,false
1369b9a6-0028-457f-8f03-b6d89f56151b,31620b64-7505-4c6d-a438-e8ddfef3f4ee,away,0,0,0,0,500,16,0,0,15,4,5,0,14,0,0,LB,,,,,,,,true,,false,false
1369b9a6-0028-457f-8f03-b6d89f56151b,5e927a04-5f33-4ecf-8a9a-c20df7b61564,away,0,0,1,0,475,17,0,1,8,0,6,4,14,0,0,LW,,,,,,,,true,,false,false
1369b9a6-0028-457f-8f03-b6d89f56151b,7888df90-020a-4dd1-99da-85cb04dac66b,home,6,2,14,0,1695,25,5,11,16,0,10,0,24,0,0,LW,,,,,,,,true,,false,false
1369b9a6-0028-457f-8f03-b6d89f56151b,c2e1ef6c-89f7-4065-a6c5-c0d89e58dff8,home,2,2,6,0,895,20,3,4,19,1,0,0,26,0,0,RW,,,,,,,,true,,false,false
1369b9a6-0028-457f-8f03-b6d89f56151b,cdd132ef-969b-46a7-98fa-fe35c4848c39,home,0,0,0,4,560,15,0,0,0,0,2,0,2,4,1,GK,,,,,,,,true,,false,false
1369b9a6-0028-457f-8f03-b6d89f56151b,fb127318-8f44-45b0-acff-7fdb4b7bcc59,away,0,0,0,0,115,13,0,0,13,0,1,0,29,0,0,RB,,,,,,,,true,,false,false
15ed4cee-c763-438e-9701-169ee452260e,33fc7bb2-da88-42b5-a813-da33ae7fd0f6,home,0,1,0,7,740,10,2,0,0,0,0,0,7,7,1,GK,,,,,,,,true,,false,false
15ed4cee-c763-438e-9701-169ee452260e,3bb34974-24c9-4f3c-ba76-df9d9e5d6a0b,away,1,2,2,0,615,13,3,2,6,1,1,1,8,0,0,LW,,,,,,,,true,,false,false
15ed4cee-c763-438e-9701-169ee452260e,8c6111bf-9272-4230-8bfd-511be5d0103c,home,0,1,0,0,265,8,1,0,9,1,6,0,19,0,0,LB,,,,,,,,true,,false,false
15ed4cee-c763-438e-9701-169ee452260e,8e59c7a3-0343-4c4f-b9aa-a387deb9ba0c,home,0,0,0,0,205,7,1,0,4,1,2,0,4,0,0,Sub 1,,,,,,,,false,1,false,false
15ed4cee-c763-438e-9701-169ee452260e,9685e3be-747c-47cf-bf8f-5010c0c0ce0b,home,1,0,6,0,380,11,0,5,7,0,5,0,29,0,0,CM,,,,,,,,true,,false,false
15ed4cee-c763-438e-9701-169ee452260e,9acc63cc-08a0-4fa2-95ef-f7fc6a11306a,away,3,1,6,0,820,17,3,5,10,0,5,0,22,0,0,CM,,,,,,,,true,,false,false
15ed4cee-c763-438e-9701-169ee452260e,9bb8426f-d9fb-4ccb-a9e5-9bf4f49b5bca,away,0,0,0,7,635,9,0,0,0,0,0,0,10,7,3,GK,,,,,,,,true,,false,false
15ed4cee-c763-438e-9701-169ee452260e,ac71326a-35d1-4686-bf2e-2a504f0f59c8,away,3,0,9,0,645,7,0,7,5,0,6,1,20,0,0,RW,,,,,,,,true,,false,false
15ed4cee-c763-438e-9701-169ee452260e,b4b73326-af94-4abd-93d5-0fe537e63df1,away,0,0,0,0,255,7,0,0,8,1,10,1,17,0,0,LB,,,,,,,,true,,false,false
15ed4cee-c763-438e-9701-169ee452260e,c754b89e-7b24-4cc8-a3db-2547941507ab,home,1,0,1,0,185,3,0,1,3,0,1,0,2,0,0,LW,,,,,,,,true,,false,false
15ed4cee-c763-438e-9701-169ee452260e,d1ad216c-0bbb-4d7a-aabd-cdb52cb3d808,away,0,2,2,0,645,15,3,1,6,0,8,0,6,0,0,RB,,,,,,,,true,,false,false
15ed4cee-c763-438e-9701-169ee452260e,ec291dd8-90c4-4dcb-b2c6-9d7fd7890c01,home,2,0,3,0,420,12,0,3,5,0,1,0,10,0,0,RW,,,,,,,,true,,false,false
15ed4cee-c763-438e-9701-169ee452260e,f26aa9f9-6d09-4040-baa1-669858f45bef,home,0,0,2,0,555,14,1,2,14,2,5,1,14,0,0,RB,,,,,,,,true,,false,false
16f1d06d-acde-4a48-8c5d-22eb23e6fe7b,2000e422-67b4-4331-b13c-235b87c5f18d,away,0,0,1,0,330,16,0,1,4,2,3,1,14,0,0,LW,,,,,,,,true,,false,false
16f1d06d-acde-4a48-8c5d-22eb23e6fe7b,3135f05c-09ba-4d3e-aa97-f433001eca33,home,0,1,1,0,565,14,2,1,7,4,5,1,11,0,0,LB,,,,,,,,true,,false,false
16f1d06d-acde-4a48-8c5d-22eb23e6fe7b,6cbece72-a0f9-4c80-a6e4-332abe28faf6,away,1,0,1,0,375,13,1,1,6,2,3,0,13,0,0,RW,,,,,,,,true,,false,false
16f1d06d-acde-4a48-8c5d-22eb23e6fe7b,7c811d9b-f926-4ccd-a62f-3323ce07002f,home,0,1,0,2,375,7,1,0,0,0,2,0,2,2,1,GK,,,,,,,,true,,false,false
16f1d06d-acde-4a48-8c5d-22eb23e6fe7b,865c7086-2d02-48dd-8ea3-8d1b45ef2cfb,away,0,0,0,9,685,5,0,0,0,0,0,0,9,9,1,GK,,,,,,,,true,,false,false
16f1d06d-acde-4a48-8c5d-22eb23e6fe7b,887fe9a5-ab38-42a5-bf57-1ebeddd232be,home,0,2,3,0,585,19,2,3,7,0,1,0,14,0,0,CM,,,,,,,,true,,false,false
16f1d06d-acde-4a48-8c5d-22eb23e6fe7b,93eab822-843e-4350-bb44-e331a423571d,home,0,1,0,0,600,22,1,0,7,1,6,1,6,0,0,RB,,,,,,,,true,,false,false
16f1d06d-acde-4a48-8c5d-22eb23e6fe7b,97c0be85-49b4-48bc-a162-40cbb24c2d30,away,0,0,0,0,380,15,0,0,5,2,6,2,11,0,0,LB,,,,,,,,true,,false,false
16f1d06d-acde-4a48-8c5d-22eb23e6fe7b,c337388c-ea44-4078-8efa-3b3d0f0bc013,away,0,0,0,0,325,11,2,0,13,2,1,0,15,0,0,RB,,,,,,,,true,,false,false
16f1d06d-acde-4a48-8c5d-22eb23e6fe7b,cfd4522f-90d3-4a23-a7e6-81b061c6cb7e,home,5,0,10,0,850,12,2,9,9,0,0,0,24,0,0,LW,,,,,,,,true,,false,false
16f1d06d-acde-4a48-8c5d-22eb23e6fe7b,cffce0e1-86ca-48bb-860d-f6b468ddbcc2,home,3,1,4,0,800,17,2,4,10,1,3,1,16,0,0,RW,,,,,,,,true,,false,false
16f1d06d-acde-4a48-8c5d-22eb23e6fe7b,d8d6951a-d2b9-4b85-9418-595fdfe1884a,away,0,1,2,0,295,7,1,1,6,0,2,0,9,0,0,CM,,,,,,,,true,,false,false
16f687a6-d6ce-45e2-95e3-0043d4eebaa7,046899fd-0bde-4075-ba8d-0941f433ad3d,away,0,0,0,5,675,10,0,0,0,0,4,2,6,5,4,GK,,,,,,,,true,,false,false
16f687a6-d6ce-45e2-95e3-0043d4eebaa7,094407eb-e583-47f9-8060-5160a7dfab50,home,3,1,5,0,850,14,2,4,7,0,9,1,11,0,0,RW,,,,,,,,true,,false,false
16f687a6-d6ce-45e2-95e3-0043d4eebaa7,16035b5a-d273-4398-af43-dbb9f5fbd632,home,0,0,0,0,200,6,0,0,10,1,5,0,14,0,0,LB,,,,,,,,true,,false,false
16f687a6-d6ce-45e2-95e3-0043d4eebaa7,275e8362-7767-4a8d-b923-5c9a17351908,home,0,0,2,0,405,16,1,2,14,0,4,0,23,0,0,CM,,,,,,,,true,,false,false
16f687a6-d6ce-45e2-95e3-0043d4eebaa7,2aa78263-64f9-47ab-af2d-522f7a0bcf5e,home,0,0,0,1,155,6,0,0,0,0,1,0,10,1,3,GK,,,,,,,,true,,false,false
16f687a6-d6ce-45e2-95e3-0043d4eebaa7,3557690c-79cf-4580-9dbe-91a153aaf171,home,1,1,4,0,550,13,2,3,10,0,2,0,16,0,0,LW,,,,,,,,true,,false,false
16f687a6-d6ce-45e2-95e3-0043d4eebaa7,3bb34974-24c9-4f3c-ba76-df9d9e5d6a0b,away,3,0,4,0,490,11,1,4,3,0,3,0,14,0,0,RW,,,,,,,,true,,false,false
16f687a6-d6ce-45e2-95e3-0043d4eebaa7,59f0a37c-49ea-43d1-88b8-32bde1f42136,away,0,2,2,0,405,17,2,1,11,0,0,0,26,0,0,CM,,,,,,,,true,,false,false
16f687a6-d6ce-45e2-95e3-0043d4eebaa7,7c42e1a2-b750-4d00-a214-26225d726f8f,away,0,0,0,0,305,12,0,0,7,1,9,0,14,0,0,RB,,,,,,,,true,,false,false
16f687a6-d6ce-45e2-95e3-0043d4eebaa7,87c4e7ce-9c13-4e09-a532-5738dcf1876e,home,0,0,1,0,295,6,0,1,13,3,4,1,20,0,0,RB,,,,,,,,true,,false,false
16f687a6-d6ce-45e2-95e3-0043d4eebaa7,9acc63cc-08a0-4fa2-95ef-f7fc6a11306a,away,0,0,2,0,320,16,1,0,13,0,2,0,22,0,0,LW,,,,,,,,true,,false,false
16f687a6-d6ce-45e2-95e3-0043d4eebaa7,b2ec8317-6571-47f3-ba1c-00fdb37bf350,home,0,0,0,0,0,0,0,0,0,0,0,0,0,0,0,Sub 1,,,,,,,,false,1,true,false
16f687a6-d6ce-45e2-95e3-0043d4eebaa7,d1ad216c-0bbb-4d7a-aabd-cdb52cb3d808,away,0,1,0,0,740,19,2,0,9,4,11,3,13,0,0,LB,,,,,,,,true,,false,false
1976eddb-5378-4453-9ae3-6f6683b90604,05b15568-4bb8-4b6e-93b0-5d41a269bb8f,away,0,0,0,0,175,5,0,0,8,0,3,1,9,0,0,LB,,,,,,,,true,,false,false
1976eddb-5378-4453-9ae3-6f6683b90604,101b3f9c-1167-4c49-a9c8-7361e58edf1e,away,0,0,3,0,190,9,0,3,4,0,3,0,20,0,0,LW,,,,,,,,true,,false,false
1976eddb-5378-4453-9ae3-6f6683b90604,1c7e1afb-48d5-4a56-abe2-239960d81e04,home,2,0,7,0,660,10,0,4,14,3,6,0,24,0,0,CM,,,,,,,,true,,false,false
1976eddb-5378-4453-9ae3-6f6683b90604,3026383c-4582-4341-8c2e-882b11b2c457,home,0,0,0,0,0,0,0,0,0,0,0,0,0,0,0,Sub 2,,,,,,,,false,2,true,false
1976eddb-5378-4453-9ae3-6f6683b90604,374198d0-b3d9-42b9-81e8-e76e0deed5fc,home,0,2,0,0,1180,11,2,0,0,0,0,0,18,12,5,GK,,,,,,,,true,,false,false
1976eddb-5378-4453-9ae3-6f6683b90604,53d6d6c1-28a9-4032-a655-dd77b6f97574,home,0,1,0,0,405,12,4,0,12,0,1,0,13,0,0,RW,,,,,,,,true,,false,false
1976eddb-5378-4453-9ae3-6f6683b90604,65e478e9-920c-40ed-9247-cd6642b83f36,away,0,0,0,0,810,18,0,0,0,0,3,2,3,5,4,GK,,,,,,,,true,,false,false
1976eddb-5378-4453-9ae3-6f6683b90604,70d054d7-25b2-4ece-87ce-2e477bcd3903,home,0,0,0,0,300,9,0,0,7,1,5,2,9,0,0,RB,,,,,,,,true,,false,false
1976eddb-5378-4453-9ae3-6f6683b90604,74a27bb8-dc1d-421b-b931-d5d9e700d791,away,0,0,2,0,375,13,0,1,4,2,8,1,15,0,0,RB,,,,,,,,true,,false,false
1976eddb-5378-4453-9ae3-6f6683b90604,8ee6711b-919f-4762-bd96-41fba5138bec,home,1,0,4,0,375,6,1,4,13,0,1,0,20,0,0,LW,,,,,,,,true,,false,false
1976eddb-5378-4453-9ae3-6f6683b90604,a6dbbd49-92c7-4e52-aa9b-3799e55a548e,away,0,0,2,0,610,30,1,2,11,1,5,0,23,0,0,CM,,,,,,,,true,,false,false
1976eddb-5378-4453-9ae3-6f6683b90604,bdc97355-04f9-4e4e-8311-ff0cc4ac503e,home,0,0,0,0,0,0,0,0,0,0,0,0,0,0,0,Sub 1,,,,,,,,false,1,true,false
1976eddb-5378-4453-9ae3-6f6683b90604,e9bc6114-366a-44cf-a6f5-bc9e7495920a,home,0,0,0,0,205,5,0,0,8,1,6,1,13,0,0,LB,,,,,,,,true,,false,false
1976eddb-5378-4453-9ae3-6f6683b90604,f8bd073c-178c-4cdc-a07d-8d69d894c647,away,0,0,3,0,360,12,0,3,13,0,3,0,21,0,0,RW,,,,,,,,true,,false,false
1b262c95-3010-4886-a99e-249c7699bf4e,00521f1a-5d0f-4ef4-adec-69d95c103a64,home,0,0,0,0,260,11,0,0,8,1,4,0,11,0,0,CM,,,,,,,,true,,false,false
1b262c95-3010-4886-a99e-249c7699bf4e,096da32a-44f3-4780-ab78-1cecebab6fa6,away,0,0,0,3,410,12,0,0,0,0,1,0,1,3,0,GK,,,,,,,,true,,false,false
1b262c95-3010-4886-a99e-249c7699bf4e,0f810a4b-07df-49e9-a69c-e285f67c56c1,away,0,0,0,0,535,24,1,0,10,2,4,0,11,0,0,RB,,,,,,,,true,,false,false
1b262c95-3010-4886-a99e-249c7699bf4e,56a42e4d-7b9b-47c6-a154-ecdee7fb8213,away,1,2,4,0,760,18,4,3,13,1,5,0,25,0,0,CM,,,,,,,,true,,false,false
1b262c95-3010-4886-a99e-249c7699bf4e,7066872c-bfdb-482b-b521-1084d9f96012,away,3,1,10,0,1050,26,1,8,4,0,5,0,16,0,0,RW,,,,,,,,true,,false,false
1b262c95-3010-4886-a99e-249c7699bf4e,7c42e1a2-b750-4d00-a214-26225d726f8f,home,0,1,0,0,435,10,1,0,13,5,4,0,18,0,0,RB,,,,,,,,true,,false,false
1b262c95-3010-4886-a99e-249c7699bf4e,9bb8426f-d9fb-4ccb-a9e5-9bf4f49b5bca,home,0,0,0,10,820,9,1,0,0,0,0,0,9,10,0,GK,,,,,,,,true,,false,false
1b262c95-3010-4886-a99e-249c7699bf4e,d44e31a5-7773-47e2-93f3-a76abb4e7666,away,1,0,4,0,560,17,2,4,5,0,5,1,17,0,0,LW,,,,,,,,true,,false,false
1b262c95-3010-4886-a99e-249c7699bf4e,ec5a612f-490d-4baa-a35a-b83f6426191f,away,0,1,0,0,415,11,1,0,10,4,3,0,13,0,0,LB,,,,,,,,true,,false,false
1d1e3da7-e248-4af4-8311-0f6726281d15,136f7943-c243-4d8f-a269-2793bf9aeaed,away,1,1,2,0,345,8,2,1,8,0,2,0,16,0,0,RW,,,,,,,,true,,false,false
1d1e3da7-e248-4af4-8311-0f6726281d15,28665e99-bf57-4d6f-9303-8f24750764c5,home,2,0,3,0,535,20,0,3,7,0,4,0,18,0,0,Sub 3,,,,,,,,false,3,false,false
1d1e3da7-e248-4af4-8311-0f6726281d15,3914a82e-650b-4260-8805-0ff2dfa80104,home,0,0,0,0,90,3,0,0,4,1,0,0,4,0,0,LW,,,,,,,,true,,false,false
1d1e3da7-e248-4af4-8311-0f6726281d15,40c0efeb-bb6e-4b81-a99d-c1a0fba0da8c,away,0,0,0,2,620,14,0,0,0,0,4,2,5,2,8,GK,,,,,,,,true,,false,false
1d1e3da7-e248-4af4-8311-0f6726281d15,4d4cd3e6-24cf-452f-bf78-85ae39cb37b5,home,0,0,0,0,240,16,0,0,9,1,2,0,19,0,0,Sub 2,,,,,,,,false,2,false,false
1d1e3da7-e248-4af4-8311-0f6726281d15,515cb6b3-cc0a-4765-88f6-b2e0851935ef,home,0,0,1,0,395,17,1,1,4,0,6,1,11,0,0,LB,,,,,,,,true,,false,false
1d1e3da7-e248-4af4-8311-0f6726281d15,53d6d6c1-28a9-4032-a655-dd77b6f97574,home,0,0,0,0,0,0,0,0,0,0,0,0,0,0,0,CM,,,,,,,,true,,false,false
1d1e3da7-e248-4af4-8311-0f6726281d15,67d84d4a-34e1-425a-b5af-aa80ba3e1ce7,home,0,2,1,0,775,19,2,1,9,5,7,1,12,0,0,RB,,,,,,,,true,,false,false
1d1e3da7-e248-4af4-8311-0f6726281d15,6dd2ea29-a00b-4393-a556-448387245400,home,0,0,0,0,0,0,0,0,0,0,0,0,0,0,0,Sub 1,,,,,,,,false,1,true,false
1d1e3da7-e248-4af4-8311-0f6726281d15,7af8310e-a70e-4984-826c-45c8b97f4b62,home,1,1,3,0,460,14,1,3,5,0,0,0,11,0,0,RW,,,,,,,,true,,false,false
1d1e3da7-e248-4af4-8311-0f6726281d15,a2465e24-580f-4995-a354-50ba3d66eda6,away,0,1,0,0,350,8,1,0,9,2,6,0,13,0,0,RB,,,,,,,,true,,false,false
1d1e3da7-e248-4af4-8311-0f6726281d15,b08fdbb8-4270-4ac4-8b79-6e67bdd5ac0f,away,0,0,0,0,505,17,2,0,10,2,5,1,10,0,0,LB,,,,,,,,true,,false,false
1d1e3da7-e248-4af4-8311-0f6726281d15,ee42f965-d798-4724-8299-0b92747ba50d,away,1,1,2,0,385,14,2,1,6,0,0,0,15,0,0,CM,,,,,,,,true,,false,false
1d1e3da7-e248-4af4-8311-0f6726281d15,f60373ce-e3c7-4cdf-b5f3-bcb94a6d167a,away,3,0,7,0,555,4,0,6,4,0,2,0,7,0,0,LW,,,,,,,,true,,false,false
1d1e3da7-e248-4af4-8311-0f6726281d15,f6698742-ffc2-43c6-a141-9f7b61a0d9c0,home,0,0,0,2,410,12,0,0,1,1,0,0,1,2,2,GK,,,,,,,,true,,false,false
1d44e38f-5c76-40dd-baf1-1c02681b47f6,058a7596-9774-443f-993a-4b755ffe4f3a,away,1,2,6,0,605,9,2,5,17,0,4,0,34,0,0,RW,,,,,,,,true,,false,false
1d44e38f-5c76-40dd-baf1-1c02681b47f6,08bf68b8-e774-4a56-bfc9-4c1e6066490b,home,1,0,1,0,200,8,0,1,5,1,4,0,18,0,0,CM,,,,,,,,true,,false,false
1d44e38f-5c76-40dd-baf1-1c02681b47f6,18e370bf-57fc-4db6-9f3e-75d67c9dff3f,home,1,0,1,0,190,4,0,1,5,1,0,0,7,0,0,Sub 1,,,,,,,,false,1,false,false
1d44e38f-5c76-40dd-baf1-1c02681b47f6,21be9337-e89b-4e27-bab7-ab6c2e736d39,away,0,0,0,0,0,0,0,0,0,0,0,0,0,0,0,Sub 2,,,,,,,,false,2,true,false
1d44e38f-5c76-40dd-baf1-1c02681b47f6,21dd894a-7f63-494f-94b4-1ba66091938d,away,0,0,0,0,5,1,0,0,0,0,0,0,1,0,0,RB,,,,,,,,true,,false,false
1d44e38f-5c76-40dd-baf1-1c02681b47f6,26c6fd97-a374-4786-8561-634c81de2b57,away,0,1,3,0,580,18,3,2,12,0,2,0,16,0,0,CM,,,,,,,,true,,false,false
1d44e38f-5c76-40dd-baf1-1c02681b47f6,3d0afe97-fd94-40db-ac93-d30c1ef08a7c,home,0,2,5,0,645,12,2,5,24,2,3,0,41,0,0,RW,,,,,,,,true,,false,false
1d44e38f-5c76-40dd-baf1-1c02681b47f6,5aa7d6bb-fb61-467b-9200-0e55e5baca83,away,0,0,0,6,695,12,0,0,1,0,1,0,4,6,3,GK,,,,,,,,true,,false,false
1d44e38f-5c76-40dd-baf1-1c02681b47f6,6b37ad10-c1bc-4fb4-94ba-4a3b6acf55eb,home,1,0,3,0,270,6,0,3,5,0,1,0,11,0,0,LW,,,,,,,,true,,false,false
1d44e38f-5c76-40dd-baf1-1c02681b47f6,760a6131-0069-4e05-9e70-6bec90191637,home,0,0,0,0,260,9,0,0,9,0,6,0,10,0,0,RB,,,,,,,,true,,false,false
1d44e38f-5c76-40dd-baf1-1c02681b47f6,92797380-296a-4899-8648-6bdf3395c18c,home,0,0,0,0,0,0,0,0,0,0,0,0,0,0,0,Sub 2,,,,,,,,false,2,true,false
1d44e38f-5c76-40dd-baf1-1c02681b47f6,b9801db9-e9ca-46d3-a349-9b5c5ab161ca,home,0,0,0,0,280,7,0,0,9,1,5,0,6,0,0,LB,,,,,,,,true,,false,false
1d44e38f-5c76-40dd-baf1-1c02681b47f6,c677e3e5-95d1-4001-b620-6350764d9a29,home,0,0,0,7,750,13,0,0,0,0,3,0,9,7,3,GK,,,,,,,,true,,false,false
1d44e38f-5c76-40dd-baf1-1c02681b47f6,d858e07a-5d49-453f-869c-ef7c12e38e0f,away,2,0,4,0,415,7,0,3,6,0,1,0,7,0,0,LW,,,,,,,,true,,false,false
1d44e38f-5c76-40dd-baf1-1c02681b47f6,df4cf9bb-c82d-447f-9c35-22f9bd145e11,away,0,0,0,0,470,18,2,0,8,1,8,1,14,0,0,LB,,,,,,,,true,,false,false
1d44e38f-5c76-40dd-baf1-1c02681b47f6,e4145b3b-509f-48c4-aa60-d6df540f762f,away,0,1,1,0,380,10,1,1,14,1,3,1,21,0,0,Sub 1,,,,,,,,false,1,false,false
1dd9934d-36d7-4f02-a310-9135a3c789f9,136f7943-c243-4d8f-a269-2793bf9aeaed,away,0,2,0,0,285,11,2,0,6,1,1,0,18,0,0,RW,,,,,,,,true,,false,false
1dd9934d-36d7-4f02-a310-9135a3c789f9,2000e422-67b4-4331-b13c-235b87c5f18d,home,3,2,6,0,1135,23,2,5,15,2,6,0,17,0,0,CM,,,,,,,,true,,false,false
1dd9934d-36d7-4f02-a310-9135a3c789f9,2c966158-8cad-4b74-8cdc-f095259817a5,home,4,2,7,0,755,11,2,4,5,0,6,0,22,0,0,LW,,,,,,,,true,,false,false
1dd9934d-36d7-4f02-a310-9135a3c789f9,5eee5035-5f13-495b-8b2e-145c235d860a,home,1,0,1,0,305,9,2,1,9,1,0,0,14,0,0,RW,,,,,,,,true,,false,false
1dd9934d-36d7-4f02-a310-9135a3c789f9,865c7086-2d02-48dd-8ea3-8d1b45ef2cfb,home,0,0,0,4,410,8,0,0,0,0,1,0,5,4,1,GK,,,,,,,,true,,false,false
1dd9934d-36d7-4f02-a310-9135a3c789f9,8cd953ac-d603-43fe-9611-c5365d62f321,away,0,0,0,1,240,5,0,0,0,0,6,1,5,1,1,GK,,,,,,,,true,,false,false
1dd9934d-36d7-4f02-a310-9135a3c789f9,97c0be85-49b4-48bc-a162-40cbb24c2d30,home,0,0,0,0,245,10,1,0,3,1,2,0,3,0,0,LB,,,,,,,,true,,false,false
1dd9934d-36d7-4f02-a310-9135a3c789f9,b08fdbb8-4270-4ac4-8b79-6e67bdd5ac0f,away,0,0,0,0,280,9,2,0,7,1,2,1,9,0,0,LB,,,,,,,,true,,false,false
1dd9934d-36d7-4f02-a310-9135a3c789f9,c337388c-ea44-4078-8efa-3b3d0f0bc013,home,0,1,0,0,425,11,2,0,6,0,7,3,12,0,0,RB,,,,,,,,true,,false,false
1dd9934d-36d7-4f02-a310-9135a3c789f9,c4c0b646-0bfc-4574-95fe-67901103ea8a,away,0,1,2,0,425,14,1,1,10,2,3,0,19,0,0,CM,,,,,,,,true,,false,false
1dd9934d-36d7-4f02-a310-9135a3c789f9,e68cb10d-9edb-44a4-8097-b78f783292cc,away,0,0,0,0,525,15,2,0,18,4,4,0,18,0,0,RB,,,,,,,,true,,false,false
1dd9934d-36d7-4f02-a310-9135a3c789f9,f60373ce-e3c7-4cdf-b5f3-bcb94a6d167a,away,3,0,6,0,560,11,0,6,5,0,0,0,13,0,0,LW,,,,,,,,true,,false,false
1ea8f22c-9452-4f6b-93db-33724a15f128,2a06d573-a6e1-4fbf-b675-267d49df828a,home,0,0,0,0,290,10,0,0,12,1,4,1,15,0,0,LB,,,,,,,,true,,false,false
1ea8f22c-9452-4f6b-93db-33724a15f128,4074bd27-2945-48e1-ad1c-a6fecabf859c,home,1,0,2,0,180,2,0,2,2,0,0,0,3,0,0,RW,,,,,,,,true,,false,false
1ea8f22c-9452-4f6b-93db-33724a15f128,447b6c36-21b2-47a0-8ce4-b122df357de4,away,0,0,0,0,0,0,0,0,0,0,0,0,0,0,0,Sub 1,,,,,,,,false,1,true,false
1ea8f22c-9452-4f6b-93db-33724a15f128,565f74c4-302b-4d0b-8fe7-057809b2f5c8,away,0,0,0,0,375,15,2,0,9,2,3,0,13,0,0,RB,,,,,,,,true,,false,false
1ea8f22c-9452-4f6b-93db-33724a15f128,6f37dca2-7250-4c16-b0de-d88a88327ee7,home,2,0,4,0,530,14,0,3,8,0,3,0,12,0,0,LW,,,,,,,,true,,false,false
1ea8f22c-9452-4f6b-93db-33724a15f128,8224ef9f-3a52-427c-9403-f110b1b0ef47,away,0,0,1,0,310,14,1,0,10,3,1,0,19,0,0,CM,,,,,,,,true,,false,false
1ea8f22c-9452-4f6b-93db-33724a15f128,8e6af089-fdd5-4ab3-854a-677599513198,home,0,1,1,0,235,8,1,0,5,0,3,1,14,0,0,CM,,,,,,,,true,,false,false
1ea8f22c-9452-4f6b-93db-33724a15f128,9b662727-19aa-4f5d-8459-696c178c498e,home,0,0,0,1,240,8,0,0,0,0,1,0,2,1,2,GK,,,,,,,,true,,false,false
1ea8f22c-9452-4f6b-93db-33724a15f128,b935858d-f739-483e-a0b3-997fa723f5b4,away,2,0,7,0,595,13,0,3,7,1,3,1,15,0,0,LW,,,,,,,,true,,false,false
1ea8f22c-9452-4f6b-93db-33724a15f128,d6dd92d0-afb2-4cc5-b9e8-7149502890f1,away,0,1,0,5,700,12,2,0,0,0,2,1,7,5,2,GK,,,,,,,,true,,false,false
1ea8f22c-9452-4f6b-93db-33724a15f128,f503bb9e-7264-4a3b-8b81-5035f1ef8188,home,0,1,0,0,425,12,2,0,7,2,6,0,11,0,0,RB,,,,,,,,true,,false,false
1ea8f22c-9452-4f6b-93db-33724a15f128,fac3b9dc-c0db-4bfa-90e4-37ec9e71f61f,away,0,0,3,0,290,11,1,2,16,0,1,0,28,0,0,RW,,,,,,,,true,,false,false
1ea8f22c-9452-4f6b-93db-33724a15f128,fb870e63-dd63-4a29-89d6-55ce8da81176,away,0,0,0,0,500,22,0,0,12,1,4,1,12,0,0,LB,,,,,,,,true,,false,false
1f435158-fa2e-4c01-aef8-c95f82a1449d,16be98a3-38b7-43cb-a21f-818d25515684,home,0,4,1,0,890,19,4,1,9,3,4,1,8,0,0,LB,,,,,,,,true,,false,false
1f435158-fa2e-4c01-aef8-c95f82a1449d,18705b90-e5c8-4cc2-98fb-902cb958d376,home,3,1,6,0,770,12,3,5,9,0,2,1,16,0,0,LW,,,,,,,,true,,false,false
1f435158-fa2e-4c01-aef8-c95f82a1449d,19fc78b0-3311-42e2-ab04-d8e7c0b37bab,home,0,0,0,0,0,0,0,0,0,0,0,0,0,0,0,Sub 3,,,,,,,,false,3,true,false
1f435158-fa2e-4c01-aef8-c95f82a1449d,2000e422-67b4-4331-b13c-235b87c5f18d,away,0,0,1,0,205,10,0,1,11,0,2,0,19,0,0,RW,,,,,,,,true,,false,false
1f435158-fa2e-4c01-aef8-c95f82a1449d,2b288bb1-8f2c-472c-85f6-1163b2a378f8,home,1,0,1,0,695,17,3,1,11,3,9,2,16,0,0,RB,,,,,,,,true,,false,false
1f435158-fa2e-4c01-aef8-c95f82a1449d,33da5ff2-7f7a-4007-8497-8f563951c77d,home,2,1,8,0,780,18,2,5,6,1,2,0,17,0,0,RW,,,,,,,,true,,false,false
1f435158-fa2e-4c01-aef8-c95f82a1449d,7593f03f-2200-45ae-9a01-fd8019c47470,home,0,0,0,0,0,0,0,0,0,0,0,0,0,0,0,Sub 1,,,,,,,,false,1,true,false
1f435158-fa2e-4c01-aef8-c95f82a1449d,827a57e6-345c-4019-8e06-5e31845cf8ef,away,1,0,1,0,360,12,0,1,13,0,5,0,19,0,0,LW,,,,,,,,true,,false,false
1f435158-fa2e-4c01-aef8-c95f82a1449d,942c88aa-c32c-4f4a-8ae2-ac0c8fda6cb7,home,2,1,4,0,880,21,2,3,11,4,1,0,10,0,0,CM,,,,,,,,true,,false,false
1f435158-fa2e-4c01-aef8-c95f82a1449d,97c0be85-49b4-48bc-a162-40cbb24c2d30,away,0,0,0,7,775,15,0,0,0,0,1,0,4,7,2,GK,,,,,,,,true,,false,false
1f435158-fa2e-4c01-aef8-c95f82a1449d,c337388c-ea44-4078-8efa-3b3d0f0bc013,away,0,0,0,0,140,9,0,0,5,0,1,1,11,0,0,RB,,,,,,,,true,,false,false
1f435158-fa2e-4c01-aef8-c95f82a1449d,d1807b1d-e27c-4c51-89ec-17470d5a7510,away,0,0,2,0,270,13,0,2,3,0,2,0,10,0,0,CM,,,,,,,,true,,false,false
1f435158-fa2e-4c01-aef8-c95f82a1449d,d8d6951a-d2b9-4b85-9418-595fdfe1884a,away,0,0,0,0,190,6,0,0,6,1,5,0,9,0,0,LB,,,,,,,,true,,false,false
1f435158-fa2e-4c01-aef8-c95f82a1449d,f097b613-dba4-4dfb-b6ee-733a9a2ba61a,home,0,0,0,3,300,7,0,0,0,0,0,0,3,3,0,GK,,,,,,,,true,,false,false
225c1be0-7359-4dd3-8c28-6267de227172,094407eb-e583-47f9-8060-5160a7dfab50,home,0,0,0,0,860,0,0,0,0,0,0,0,0,0,0,CM,,,,,,,,true,,false,true
225c1be0-7359-4dd3-8c28-6267de227172,2000e422-67b4-4331-b13c-235b87c5f18d,away,1,0,3,0,580,24,1,3,9,0,4,2,25,0,0,CM,,,,,,,,true,,false,false
225c1be0-7359-4dd3-8c28-6267de227172,275e8362-7767-4a8d-b923-5c9a17351908,home,0,0,0,0,445,0,0,0,0,0,0,0,0,0,0,RB,,,,,,,,true,,false,true
225c1be0-7359-4dd3-8c28-6267de227172,2aa78263-64f9-47ab-af2d-522f7a0bcf5e,home,0,0,0,0,660,0,0,0,0,0,0,0,0,0,0,GK,,,,,,,,true,,false,true
225c1be0-7359-4dd3-8c28-6267de227172,2c966158-8cad-4b74-8cdc-f095259817a5,away,1,1,4,0,445,6,3,3,16,0,1,0,26,0,0,LW,,,,,,,,true,,false,false
225c1be0-7359-4dd3-8c28-6267de227172,668a7154-1460-4148-9133-ead6e78e3a97,home,0,0,0,0,140,0,0,0,0,0,0,0,0,0,0,LB,,,,,,,,true,,false,true
225c1be0-7359-4dd3-8c28-6267de227172,6cbece72-a0f9-4c80-a6e4-332abe28faf6,away,1,0,2,0,340,14,0,1,7,0,1,1,14,0,0,RW,,,,,,,,true,,false,false
225c1be0-7359-4dd3-8c28-6267de227172,827a57e6-345c-4019-8e06-5e31845cf8ef,home,0,0,0,0,590,0,0,0,0,0,0,0,0,0,0,LW,,,,,,,,true,,false,true
225c1be0-7359-4dd3-8c28-6267de227172,97c0be85-49b4-48bc-a162-40cbb24c2d30,away,0,1,0,0,425,17,1,0,4,0,5,0,5,0,0,LB,,,,,,,,true,,false,false
225c1be0-7359-4dd3-8c28-6267de227172,a76ec29a-de3b-4334-a33b-a4efd0c7cc80,away,0,0,0,6,690,10,0,0,1,1,0,0,5,6,4,GK,,,,,,,,true,,false,false
225c1be0-7359-4dd3-8c28-6267de227172,c09d080a-af97-43e9-861c-367ee120e3f4,home,0,0,0,0,550,0,0,0,0,0,0,0,0,0,0,RW,,,,,,,,true,,false,true
225c1be0-7359-4dd3-8c28-6267de227172,c337388c-ea44-4078-8efa-3b3d0f0bc013,away,0,0,2,0,575,16,1,1,17,3,4,1,18,0,0,RB,,,,,,,,true,,false,false
2524d367-ba5f-45d7-b123-04d22a426a8b,19fc78b0-3311-42e2-ab04-d8e7c0b37bab,home,0,0,1,0,495,19,0,1,11,2,3,0,10,0,0,LB,,,,,,,,true,,false,false
2524d367-ba5f-45d7-b123-04d22a426a8b,1ef81557-4610-448a-9114-a54e57e308e9,away,0,0,0,0,0,0,0,0,0,0,0,0,0,0,0,Sub 1,,,,,,,,false,1,true,false
2524d367-ba5f-45d7-b123-04d22a426a8b,21c61bd1-10fd-4974-9031-a18bd5e6520f,home,0,1,0,0,410,16,1,0,7,0,2,0,5,0,0,RB,,,,,,,,true,,false,false
2524d367-ba5f-45d7-b123-04d22a426a8b,23ead12c-77ac-4e35-bc74-5f690af34010,away,0,2,0,0,440,17,3,0,6,0,0,0,10,0,0,RW,,,,,,,,true,,false,false
2524d367-ba5f-45d7-b123-04d22a426a8b,2af14ed0-2243-436a-8000-4fbfa191d50e,home,1,0,1,0,570,22,2,1,11,1,4,0,16,0,0,CM,,,,,,,,true,,false,false
2524d367-ba5f-45d7-b123-04d22a426a8b,323ee32d-4a4d-47b6-8a0d-02e192d1fdff,away,3,0,3,0,375,7,0,3,6,0,0,0,12,0,0,LW,,,,,,,,true,,false,false
2524d367-ba5f-45d7-b123-04d22a426a8b,66baf5f0-2eda-4953-b088-96c35e37afa5,away,0,0,0,6,800,15,0,0,0,0,1,0,9,6,8,GK,,,,,,,,true,,false,false
2524d367-ba5f-45d7-b123-04d22a426a8b,7888df90-020a-4dd1-99da-85cb04dac66b,home,1,3,1,0,750,20,4,1,8,1,5,0,15,0,0,RW,,,,,,,,true,,false,false
2524d367-ba5f-45d7-b123-04d22a426a8b,b0470ce4-f04e-4e82-a572-aafd4e91491a,away,0,0,1,0,440,13,0,1,9,3,3,2,11,0,0,RB,,,,,,,,true,,false,false
2524d367-ba5f-45d7-b123-04d22a426a8b,b3fc8de3-ee53-4c8e-8051-f0f934b9c23f,home,0,0,0,0,475,19,0,0,0,0,5,3,1,0,2,GK,,,,,,,,true,,false,false
2524d367-ba5f-45d7-b123-04d22a426a8b,c2e1ef6c-89f7-4065-a6c5-c0d89e58dff8,home,2,0,8,0,585,15,1,7,7,0,1,0,26,0,0,LW,,,,,,,,true,,false,false
2524d367-ba5f-45d7-b123-04d22a426a8b,f039da87-06a7-4f3f-a14e-1240ab0d8e97,away,0,0,0,0,490,20,1,0,6,2,3,2,7,0,0,LB,,,,,,,,true,,false,false
2524d367-ba5f-45d7-b123-04d22a426a8b,fab1aec0-0fe0-430d-8799-a0da1a9009d7,away,0,0,0,0,0,0,0,0,0,0,0,0,0,0,0,Sub 2,,,,,,,,false,2,true,false
2524d367-ba5f-45d7-b123-04d22a426a8b,fac3b9dc-c0db-4bfa-90e4-37ec9e71f61f,away,0,0,1,0,270,13,0,0,12,1,5,0,23,0,0,CM,,,,,,,,true,,false,false
266dc272-18e2-4bd4-b533-900e83945143,0a6ad410-3fc1-4282-bb1b-4414efff1994,away,0,0,0,0,30,2,0,0,1,0,1,0,3,0,0,LW,,,,,,,,true,,false,false
266dc272-18e2-4bd4-b533-900e83945143,13500732-dfbf-4237-9344-3c6aae572dc1,home,0,0,0,0,0,0,0,0,0,0,0,0,0,0,0,Sub 1,,,,,,,,false,1,true,false
266dc272-18e2-4bd4-b533-900e83945143,1c7e1afb-48d5-4a56-abe2-239960d81e04,away,1,0,3,0,645,13,0,2,22,5,3,1,25,0,0,CM,,,,,,,,true,,false,false
266dc272-18e2-4bd4-b533-900e83945143,25585696-f9d7-40ac-908a-14527ff9af38,home,2,0,4,0,590,15,1,4,12,0,4,0,20,0,0,CM,,,,,,,,true,,false,false
266dc272-18e2-4bd4-b533-900e83945143,33460ef6-9496-447d-b805-93ee54267e19,home,1,0,1,0,650,23,3,1,11,0,4,1,12,0,0,RB,,,,,,,,true,,false,false
266dc272-18e2-4bd4-b533-900e83945143,374198d0-b3d9-42b9-81e8-e76e0deed5fc,away,0,0,0,4,405,9,1,0,0,0,1,0,12,4,2,GK,,,,,,,,true,,false,false
266dc272-18e2-4bd4-b533-900e83945143,3ce7cd0b-04fc-4a08-89ec-7132eae60b27,away,0,0,1,0,270,12,0,1,9,1,3,1,19,0,0,RW,,,,,,,,true,,false,false
266dc272-18e2-4bd4-b533-900e83945143,49a40d7b-26c8-46bd-98e1-e77621af162a,away,0,0,0,0,145,5,0,0,12,2,0,0,16,0,0,LB,,,,,,,,true,,false,false
266dc272-18e2-4bd4-b533-900e83945143,53d6d6c1-28a9-4032-a655-dd77b6f97574,away,0,0,0,0,0,0,0,0,0,0,0,0,0,0,0,Sub 3,,,,,,,,false,3,true,false
266dc272-18e2-4bd4-b533-900e83945143,54a39c86-4cfe-47cb-ab1a-52f46cbf2437,away,0,0,0,0,320,13,0,0,5,1,4,1,6,0,0,RB,,,,,,,,true,,false,false
266dc272-18e2-4bd4-b533-900e83945143,59f47cc9-4c4a-4cd7-89a2-9af74d276af8,home,1,0,3,0,260,5,0,2,10,0,0,0,14,0,0,LW,,,,,,,,true,,false,false
266dc272-18e2-4bd4-b533-900e83945143,9023f26d-b97d-448f-990e-24edf9decbe0,home,1,3,1,0,640,14,4,1,14,0,2,0,19,0,0,RW,,,,,,,,true,,false,false
266dc272-18e2-4bd4-b533-900e83945143,93ad0ca5-4c0e-4c96-9ea0-d2a85f51926e,home,1,1,2,0,785,25,3,1,12,2,5,1,18,0,0,LB,,,,,,,,true,,false,false
266dc272-18e2-4bd4-b533-900e83945143,bdc97355-04f9-4e4e-8311-ff0cc4ac503e,away,0,0,0,0,0,0,0,0,0,0,0,0,0,0,0,Sub 2,,,,,,,,false,2,true,false
266dc272-18e2-4bd4-b533-900e83945143,f592304d-ca58-49ac-ba98-a83c9097acc4,away,0,0,0,0,205,7,0,0,11,1,3,1,16,0,0,Sub 1,,,,,,,,false,1,false,false
266dc272-18e2-4bd4-b533-900e83945143,faed2e41-4f0c-405d-9d47-df805cded117,home,0,1,0,2,485,8,1,0,0,0,5,2,7,2,3,GK,,,,,,,,true,,false,false
270c649e-6029-4777-be8b-1322baa40539,0da92a73-1862-4942-a3e7-845de730c89d,away,0,0,0,0,495,18,1,0,13,4,6,1,21,0,0,CM,,,,,,,,true,,false,false
270c649e-6029-4777-be8b-1322baa40539,19fc78b0-3311-42e2-ab04-d8e7c0b37bab,home,0,0,0,0,575,24,0,0,7,3,6,1,8,0,0,RB,,,,,,,,true,,false,false
270c649e-6029-4777-be8b-1322baa40539,21c61bd1-10fd-4974-9031-a18bd5e6520f,home,0,0,1,0,440,17,0,1,16,1,2,0,16,0,0,LB,,,,,,,,true,,false,false
270c649e-6029-4777-be8b-1322baa40539,49b04121-e468-4401-b524-4329a1fd9ef9,away,0,0,0,10,875,8,0,0,0,0,1,0,11,10,4,GK,,,,,,,,true,,false,false
270c649e-6029-4777-be8b-1322baa40539,5a7ca4b8-c24e-4832-a4fb-a15984a2448e,away,0,0,2,0,300,4,0,2,9,3,6,0,16,0,0,RB,,,,,,,,true,,false,false
270c649e-6029-4777-be8b-1322baa40539,6a3f628f-7dad-48b0-afe2-be3969115b0d,home,0,0,4,0,260,8,0,4,7,0,3,0,21,0,0,LW,,,,,,,,true,,false,false
270c649e-6029-4777-be8b-1322baa40539,bf044aef-0cad-4899-8e12-cd7dac3f5650,away,0,0,1,0,70,8,0,0,3,0,0,0,12,0,0,RW,,,,,,,,false,1,false,false
270c649e-6029-4777-be8b-1322baa40539,c2e1ef6c-89f7-4065-a6c5-c0d89e58dff8,home,0,0,3,0,860,36,0,3,9,2,6,1,13,0,0,CM,,,,,,,,true,,false,false
270c649e-6029-4777-be8b-1322baa40539,d8c46dc4-b346-4aa6-a929-4e5d0d4dcd91,away,0,0,1,0,205,11,0,0,10,0,1,0,15,0,0,LW,,,,,,,,true,,false,false
270c649e-6029-4777-be8b-1322baa40539,f3366acb-e947-4395-9d05-d32701b5f986,home,0,0,0,2,460,20,0,0,0,0,4,0,5,2,0,GK,,,,,,,,true,,false,false
270c649e-6029-4777-be8b-1322baa40539,f3ebc231-43d9-4979-bf33-d41928a11c76,away,0,0,0,0,425,10,0,0,14,4,3,2,13,0,0,LB,,,,,,,,true,,false,false
27a287ab-f6db-43d4-9f35-30fc6b5156f8,0570d1ed-7ffc-416d-8fae-caa701f920e3,away,0,0,0,0,350,9,0,0,13,6,2,0,16,0,0,RB,,,,,,,,true,,false,false
27a287ab-f6db-43d4-9f35-30fc6b5156f8,3135f05c-09ba-4d3e-aa97-f433001eca33,home,0,0,0,0,480,17,0,0,8,1,11,1,11,0,0,RB,,,,,,,,true,,false,false
27a287ab-f6db-43d4-9f35-30fc6b5156f8,3dcd7592-94ca-4eee-81b4-1405e50406d9,away,0,0,2,3,700,21,0,2,8,1,3,0,18,3,2,GK,,,,,,,,true,,false,false
27a287ab-f6db-43d4-9f35-30fc6b5156f8,7c811d9b-f926-4ccd-a62f-3323ce07002f,home,0,0,0,3,500,13,1,0,0,0,1,0,1,3,2,GK,,,,,,,,true,,false,false
27a287ab-f6db-43d4-9f35-30fc6b5156f8,887fe9a5-ab38-42a5-bf57-1ebeddd232be,home,4,1,8,0,1050,18,4,5,9,0,5,1,14,0,0,CM,,,,,,,,true,,false,false
27a287ab-f6db-43d4-9f35-30fc6b5156f8,8938e670-d21b-41eb-bcbf-db25ef7a6e6f,away,0,0,2,0,415,13,1,1,10,2,3,1,15,0,0,LW,,,,,,,,true,,false,false
27a287ab-f6db-43d4-9f35-30fc6b5156f8,92075f2f-9d2e-4092-8a4f-ab225ea7cbad,away,0,0,0,0,5,1,0,0,0,0,0,0,1,0,0,RW,,,,,,,,true,,false,false
27a287ab-f6db-43d4-9f35-30fc6b5156f8,93eab822-843e-4350-bb44-e331a423571d,home,2,2,5,0,945,22,3,4,11,0,6,0,16,0,0,LB,,,,,,,,true,,false,false
27a287ab-f6db-43d4-9f35-30fc6b5156f8,9b390ad1-bd39-4f92-87bb-3e5f68365353,away,0,0,0,0,335,18,0,0,10,2,1,0,15,0,0,CM,,,,,,,,true,,false,false
27a287ab-f6db-43d4-9f35-30fc6b5156f8,cfd4522f-90d3-4a23-a7e6-81b061c6cb7e,home,4,1,11,0,1015,18,3,7,10,0,2,0,22,0,0,LW,,,,,,,,true,,false,false
27a287ab-f6db-43d4-9f35-30fc6b5156f8,cffce0e1-86ca-48bb-860d-f6b468ddbcc2,home,6,2,7,0,1155,18,4,6,11,0,1,0,14,0,0,RW,,,,,,,,true,,false,false
28470a8e-7c7b-48bd-adba-bda81b26ccad,00d95f21-b5ea-41c4-8871-8d8530c5b9f3,away,0,0,0,5,630,13,0,0,0,0,3,2,6,5,1,GK,,,,,,,,true,,false,false
28470a8e-7c7b-48bd-adba-bda81b26ccad,04d5a6ba-608c-4a00-86c8-f374369d89bb,home,5,2,10,0,1095,10,3,7,12,0,3,0,15,0,0,RW,,,,,,,,true,,false,false
28470a8e-7c7b-48bd-adba-bda81b26ccad,0f810a4b-07df-49e9-a69c-e285f67c56c1,away,0,0,0,0,270,13,1,0,12,1,2,1,21,0,0,RW,,,,,,,,true,,false,false
28470a8e-7c7b-48bd-adba-bda81b26ccad,38ccfa50-824a-41f6-a72c-fc8f897fb15e,home,1,0,2,0,325,7,0,1,6,1,8,2,19,0,0,CM,,,,,,,,true,,false,false
28470a8e-7c7b-48bd-adba-bda81b26ccad,991e6f31-863a-44d6-b530-5376b19d027b,home,0,0,2,0,360,14,0,1,13,0,8,0,24,0,0,RB,,,,,,,,true,,false,false
28470a8e-7c7b-48bd-adba-bda81b26ccad,9d0a604d-1960-493d-833a-47ea82bfd83b,home,0,1,1,0,450,13,2,1,8,0,7,0,13,0,0,LB,,,,,,,,true,,false,false
28470a8e-7c7b-48bd-adba-bda81b26ccad,ad286928-f093-4148-a4e3-13aedc82fa13,away,1,0,1,0,330,15,0,1,8,0,1,0,13,0,0,LW,,,,,,,,true,,false,false
28470a8e-7c7b-48bd-adba-bda81b26ccad,b29c9326-ccf1-4f6a-b7dd-d32d1b3eb3a1,away,0,0,0,0,330,18,0,0,9,1,2,0,13,0,0,RB,,,,,,,,true,,false,false
28470a8e-7c7b-48bd-adba-bda81b26ccad,b43c872a-ee18-435d-9b92-6e3486484ea9,home,0,0,0,4,480,11,1,0,0,0,1,0,5,4,1,GK,,,,,,,,true,,false,false
28470a8e-7c7b-48bd-adba-bda81b26ccad,d44e31a5-7773-47e2-93f3-a76abb4e7666,away,0,0,1,0,580,28,0,0,19,1,8,1,32,0,0,CM,,,,,,,,true,,false,false
28470a8e-7c7b-48bd-adba-bda81b26ccad,dd6bad4e-3564-4c45-b5ff-2cfb4b9fa8e9,home,3,2,5,0,840,11,4,4,13,0,1,0,13,0,0,LW,,,,,,,,true,,false,false
28470a8e-7c7b-48bd-adba-bda81b26ccad,ec5a612f-490d-4baa-a35a-b83f6426191f,away,0,0,0,0,320,14,0,0,6,2,3,1,10,0,0,LB,,,,,,,,true,,false,false
28a7f9e8-b7b7-4704-9657-7483f521fb0d,0dd49f0b-f99d-4b20-8f47-8c6b62139b98,away,0,0,0,0,70,2,0,0,2,1,1,0,3,0,0,RB,,,,,,,,true,,false,false
28a7f9e8-b7b7-4704-9657-7483f521fb0d,2df6118a-d3a1-4ade-a47a-24df97b599ac,home,0,0,0,7,610,8,0,0,0,0,0,0,11,7,3,GK,,,,,,,,true,,false,false
28a7f9e8-b7b7-4704-9657-7483f521fb0d,4bc91dfc-5b1a-46d9-8bcc-c7acd0f53b7d,home,1,0,1,0,310,13,0,1,10,1,2,0,19,0,0,LW,,,,,,,,true,,false,false
28a7f9e8-b7b7-4704-9657-7483f521fb0d,6006e119-0315-48fa-a960-99688e274550,away,3,2,4,0,985,22,4,3,14,1,3,0,17,0,0,CM,,,,,,,,true,,false,false
28a7f9e8-b7b7-4704-9657-7483f521fb0d,9aa47da7-4052-4e12-9904-1493db5777c0,home,0,0,0,0,-10,0,0,0,0,0,0,0,1,0,0,CM,,,,,,,,true,,false,false
28a7f9e8-b7b7-4704-9657-7483f521fb0d,a8ed201d-725f-4e26-b85d-e9250662e8ad,away,0,1,0,0,155,4,1,0,1,0,1,0,2,0,0,LB,,,,,,,,true,,false,false
28a7f9e8-b7b7-4704-9657-7483f521fb0d,b1c4eb92-e9ac-4581-9ee8-9ac8baf7ecd6,away,3,1,5,0,585,10,3,4,11,0,0,0,24,0,0,RW,,,,,,,,true,,false,false
28a7f9e8-b7b7-4704-9657-7483f521fb0d,b3a498f0-d632-4d47-9794-eb67f6c40a74,away,2,2,6,0,790,10,3,6,21,1,1,0,31,0,0,LW,,,,,,,,true,,false,false
28a7f9e8-b7b7-4704-9657-7483f521fb0d,b6ff4b52-fa8f-4ede-ae27-c1e83b4733e4,away,0,0,0,0,505,16,0,0,18,2,7,0,16,0,0,Sub 3,,,,,,,,false,3,false,false
28a7f9e8-b7b7-4704-9657-7483f521fb0d,be25796e-cbbd-4f0f-804f-be89344383c8,away,0,0,0,0,0,0,0,0,0,0,0,0,0,0,0,Sub 2,,,,,,,,false,2,true,false
28a7f9e8-b7b7-4704-9657-7483f521fb0d,bf4c4e23-eb90-4cec-9712-75ab9e36683b,away,1,0,3,0,425,7,0,2,13,0,6,0,14,0,0,Sub 1,,,,,,,,false,1,false,false
28a7f9e8-b7b7-4704-9657-7483f521fb0d,ccd4cae1-2ab6-49b5-aa8d-22fc3cf49a2d,home,0,0,0,0,450,11,0,0,29,3,7,2,38,0,0,RB,,,,,,,,true,,false,false
28a7f9e8-b7b7-4704-9657-7483f521fb0d,d62405cb-44a0-41ad-8368-fcf20b9d9af0,away,0,0,0,2,315,8,0,0,0,0,4,1,9,2,2,GK,,,,,,,,true,,false,false
28a7f9e8-b7b7-4704-9657-7483f521fb0d,dcd3dd2d-8842-4645-b995-4f2a22b9dfea,home,0,0,1,0,470,16,1,1,16,3,5,1,26,0,0,RW,,,,,,,,true,,false,false
28a7f9e8-b7b7-4704-9657-7483f521fb0d,fa4bba90-e9b0-435c-bda8-fe6bfcc23d99,home,0,0,1,0,155,9,0,0,5,1,1,0,12,0,0,LB,,,,,,,,true,,false,false
28eb2d51-effd-4654-a809-48d1736397ae,1b16f329-da48-4e29-bc1d-cf225c278e2e,home,0,0,1,0,510,10,2,1,17,5,3,1,19,0,0,LB,,,,,,,,true,,false,false
28eb2d51-effd-4654-a809-48d1736397ae,1fba72d3-2686-40a2-8a95-841fa23d8122,away,0,0,0,0,290,12,1,0,6,1,4,0,9,0,0,RB,,,,,,,,true,,false,false
28eb2d51-effd-4654-a809-48d1736397ae,21c61bd1-10fd-4974-9031-a18bd5e6520f,away,0,0,0,0,560,20,1,0,9,2,7,1,8,0,0,LB,,,,,,,,true,,false,false
28eb2d51-effd-4654-a809-48d1736397ae,2af14ed0-2243-436a-8000-4fbfa191d50e,away,0,1,1,0,465,19,1,1,9,0,4,0,15,0,0,CM,,,,,,,,true,,false,false
28eb2d51-effd-4654-a809-48d1736397ae,33fc7bb2-da88-42b5-a813-da33ae7fd0f6,home,0,0,0,4,575,11,1,0,0,0,5,1,9,4,3,GK,,,,,,,,true,,false,false
28eb2d51-effd-4654-a809-48d1736397ae,5bae39d4-413b-4ba4-96fd-be6e36a51fec,away,3,1,5,0,660,10,2,4,11,0,3,1,21,0,0,RW,,,,,,,,true,,false,false
28eb2d51-effd-4654-a809-48d1736397ae,7888df90-020a-4dd1-99da-85cb04dac66b,away,2,2,6,0,740,14,2,4,8,0,2,0,14,0,0,LW,,,,,,,,true,,false,false
28eb2d51-effd-4654-a809-48d1736397ae,8e59c7a3-0343-4c4f-b9aa-a387deb9ba0c,home,0,1,0,0,460,10,1,0,6,3,5,1,4,0,0,RB,,,,,,,,true,,false,false
28eb2d51-effd-4654-a809-48d1736397ae,9685e3be-747c-47cf-bf8f-5010c0c0ce0b,home,1,0,6,0,420,11,1,3,8,1,3,1,26,0,0,CM,,,,,,,,true,,false,false
28eb2d51-effd-4654-a809-48d1736397ae,cdd132ef-969b-46a7-98fa-fe35c4848c39,away,0,0,0,1,150,6,0,0,0,0,0,0,4,1,1,GK,,,,,,,,true,,false,false
28eb2d51-effd-4654-a809-48d1736397ae,ec291dd8-90c4-4dcb-b2c6-9d7fd7890c01,home,0,0,1,0,90,4,0,1,3,1,2,0,12,0,0,RW,,,,,,,,true,,false,false
28eb2d51-effd-4654-a809-48d1736397ae,f26aa9f9-6d09-4040-baa1-669858f45bef,home,0,0,2,0,280,12,0,1,8,0,2,1,15,0,0,LW,,,,,,,,true,,false,false
2a119187-6e7a-45c9-82f7-79fdd71171cd,058a7596-9774-443f-993a-4b755ffe4f3a,away,0,1,5,0,520,14,1,4,10,0,4,0,21,0,0,RW,,,,,,,,true,,false,false
2a119187-6e7a-45c9-82f7-79fdd71171cd,447b6c36-21b2-47a0-8ce4-b122df357de4,home,0,0,0,7,530,7,0,0,0,0,1,0,19,7,3,GK,,,,,,,,true,,false,false
2a119187-6e7a-45c9-82f7-79fdd71171cd,51721016-b394-4dea-a7e7-cb3374f018d1,away,0,0,1,0,545,13,0,1,21,3,10,2,29,0,0,CM,,,,,,,,true,,false,false
2a119187-6e7a-45c9-82f7-79fdd71171cd,565f74c4-302b-4d0b-8fe7-057809b2f5c8,home,0,0,1,0,555,16,0,1,12,0,10,3,14,0,0,RB,,,,,,,,true,,false,false
2a119187-6e7a-45c9-82f7-79fdd71171cd,5aa7d6bb-fb61-467b-9200-0e55e5baca83,away,0,0,0,7,630,7,0,0,0,0,4,0,11,7,2,GK,,,,,,,,true,,false,false
2a119187-6e7a-45c9-82f7-79fdd71171cd,7e5502a7-6938-427e-9edd-e08064b11735,away,0,0,2,0,285,12,1,2,9,1,4,0,24,0,0,LW,,,,,,,,true,,false,false
2a119187-6e7a-45c9-82f7-79fdd71171cd,8224ef9f-3a52-427c-9403-f110b1b0ef47,home,1,0,4,0,225,6,0,3,9,0,3,0,27,0,0,RW,,,,,,,,true,,false,false
2a119187-6e7a-45c9-82f7-79fdd71171cd,b51753bc-1a25-4857-b261-605a686e7ae7,home,0,0,0,0,0,0,0,0,0,0,0,0,0,0,0,Sub 1,,,,,,,,false,1,true,false
2a119187-6e7a-45c9-82f7-79fdd71171cd,b935858d-f739-483e-a0b3-997fa723f5b4,home,1,0,3,0,580,14,0,3,24,1,7,0,32,0,0,CM,,,,,,,,true,,false,false
2a119187-6e7a-45c9-82f7-79fdd71171cd,d858e07a-5d49-453f-869c-ef7c12e38e0f,away,0,0,0,0,0,0,0,0,0,0,0,0,0,0,0,Sub 1,,,,,,,,false,1,true,false
2a119187-6e7a-45c9-82f7-79fdd71171cd,df4cf9bb-c82d-447f-9c35-22f9bd145e11,away,1,0,1,0,525,12,0,1,16,4,4,1,18,0,0,LB,,,,,,,,true,,false,false
2a119187-6e7a-45c9-82f7-79fdd71171cd,e3c8c19a-1b7b-44df-9724-a9ba90dbb7af,home,0,0,0,0,260,7,0,0,11,1,3,0,8,0,0,LB,,,,,,,,true,,false,false
2a119187-6e7a-45c9-82f7-79fdd71171cd,e4145b3b-509f-48c4-aa60-d6df540f762f,away,0,0,0,0,425,12,0,0,13,3,8,1,17,0,0,RB,,,,,,,,true,,false,false
2a119187-6e7a-45c9-82f7-79fdd71171cd,fb870e63-dd63-4a29-89d6-55ce8da81176,home,0,2,1,0,455,15,2,1,10,0,4,0,20,0,0,LW,,,,,,,,true,,false,false
2a8a44d5-49df-4ee4-b4fe-2126b2577a18,13500732-dfbf-4237-9344-3c6aae572dc1,home,0,0,0,1,255,4,1,0,0,0,2,1,1,1,2,GK,,,,,,,,true,,false,false
2a8a44d5-49df-4ee4-b4fe-2126b2577a18,142a5453-eab4-4527-8d47-ded3dbadcce3,home,0,0,0,0,335,16,2,0,12,0,3,0,18,0,0,RW,,,,,,,,true,,false,false
2a8a44d5-49df-4ee4-b4fe-2126b2577a18,25585696-f9d7-40ac-908a-14527ff9af38,home,2,2,2,0,695,18,3,2,5,0,5,0,12,0,0,CM,,,,,,,,true,,false,false
2a8a44d5-49df-4ee4-b4fe-2126b2577a18,2d9ee886-9040-47f6-9571-38fe058ec225,away,1,0,1,0,505,16,0,1,13,2,3,1,15,0,0,RB,,,,,,,,true,,false,false
2a8a44d5-49df-4ee4-b4fe-2126b2577a18,2df6118a-d3a1-4ade-a47a-24df97b599ac,away,0,0,0,0,-10,0,0,0,0,0,0,0,1,0,0,GK,,,,,,,,true,,false,false
2a8a44d5-49df-4ee4-b4fe-2126b2577a18,2df70d98-1fcc-4f56-932b-c1aa91c197aa,home,0,1,0,0,560,15,3,0,11,4,5,0,14,0,0,LB,,,,,,,,true,,false,false
2a8a44d5-49df-4ee4-b4fe-2126b2577a18,33460ef6-9496-447d-b805-93ee54267e19,home,1,2,2,0,755,20,3,1,15,0,4,2,20,0,0,RB,,,,,,,,true,,false,false
2a8a44d5-49df-4ee4-b4fe-2126b2577a18,7066872c-bfdb-482b-b521-1084d9f96012,home,0,0,0,0,0,0,0,0,0,0,0,0,0,0,0,Sub 1,,,,,,,,false,1,true,false
2a8a44d5-49df-4ee4-b4fe-2126b2577a18,8d6c49a2-86ef-4f6b-9fd6-7bd2eca30272,away,0,0,0,0,260,10,1,0,9,0,4,0,11,0,0,LB,,,,,,,,true,,false,false
2a8a44d5-49df-4ee4-b4fe-2126b2577a18,a426b60c-337e-41c4-a721-c12a801b9273,home,5,0,10,0,670,2,0,7,14,0,1,0,26,0,0,LW,,,,,,,,true,,false,false
2a8a44d5-49df-4ee4-b4fe-2126b2577a18,c4e05493-5efa-4185-b3fc-91d4e1b13b05,away,0,0,2,0,280,12,1,1,10,0,2,0,18,0,0,RW,,,,,,,,true,,false,false
2a8a44d5-49df-4ee4-b4fe-2126b2577a18,de4dc1ae-593d-496d-b94c-9f9a06c43390,away,0,0,0,0,210,9,0,0,10,1,4,0,16,0,0,LW,,,,,,,,true,,false,false
2a8a44d5-49df-4ee4-b4fe-2126b2577a18,ea96470c-88aa-4490-ab37-ec86e25f6c7a,away,3,1,5,0,765,17,1,4,19,0,5,0,31,0,0,CM,,,,,,,,true,,false,false
2ac6812b-064b-47aa-819e-8502396a8016,0afc2696-c043-405f-bbe5-cd3fabbdba0b,away,0,0,0,0,475,13,1,0,17,3,5,0,15,0,0,RB,,,,,,,,true,,false,false
2ac6812b-064b-47aa-819e-8502396a8016,136f7943-c243-4d8f-a269-2793bf9aeaed,away,2,1,3,1,645,16,1,3,8,0,2,0,18,1,1,GK,,,,,,,,true,,false,false
2ac6812b-064b-47aa-819e-8502396a8016,3fb2b88f-0175-4bdd-9307-fd3d375f7c53,away,0,0,0,7,705,9,0,0,4,0,6,0,18,7,3,CM,,,,,,,,true,,false,false
2ac6812b-064b-47aa-819e-8502396a8016,6763dad4-5c07-4f42-abe2-58f6f09e4af0,home,3,1,8,0,785,11,1,7,14,1,1,0,24,0,0,RW,,,,,,,,true,,false,false
2ac6812b-064b-47aa-819e-8502396a8016,7066872c-bfdb-482b-b521-1084d9f96012,home,0,0,0,0,0,0,0,0,0,0,0,0,0,0,0,Sub 1,,,,,,,,false,1,true,false
2ac6812b-064b-47aa-819e-8502396a8016,801602ed-ce27-44f5-a861-a5414dbf4842,home,0,1,1,0,495,8,2,1,9,4,5,1,12,0,0,RB,,,,,,,,true,,false,false
2ac6812b-064b-47aa-819e-8502396a8016,8cd953ac-d603-43fe-9611-c5365d62f321,away,0,0,0,0,205,6,0,0,8,3,3,1,15,0,0,LB,,,,,,,,true,,false,false
2ac6812b-064b-47aa-819e-8502396a8016,adab89d9-3725-4e2c-9e05-d968297ae2f8,home,1,0,2,0,655,14,0,2,18,3,9,1,21,0,0,LB,,,,,,,,true,,false,false
2ac6812b-064b-47aa-819e-8502396a8016,b1c9d678-21e9-40ef-832d-a1607170baa8,home,2,1,2,0,575,14,1,2,19,0,5,0,28,0,0,CM,,,,,,,,true,,false,false
2ac6812b-064b-47aa-819e-8502396a8016,bf66b0b2-db55-4313-bcb2-1ad69567f6da,home,2,1,5,0,640,8,1,4,9,2,3,0,12,0,0,LW,,,,,,,,true,,false,false
2ac6812b-064b-47aa-819e-8502396a8016,f6a4dff0-c1fc-497c-8cf5-0889361418ee,home,0,0,0,7,735,14,0,0,0,0,2,0,13,7,4,GK,,,,,,,,true,,false,false
2b740a5f-7700-4636-823d-8fab6112a99d,175e33f3-010c-42f6-85b3-f78bae479455,away,0,0,0,0,225,0,0,0,0,0,0,0,0,0,0,LB,,,,,,,,true,,false,true
2b740a5f-7700-4636-823d-8fab6112a99d,2cf2ae7b-1f0d-44fa-b8c0-c7a343159e66,away,0,0,0,0,20,0,0,0,0,0,0,0,0,0,0,RW,,,,,,,,true,,false,true
2b740a5f-7700-4636-823d-8fab6112a99d,3ae0f2b9-08db-4594-86e1-81772e94fb0e,away,0,0,0,0,415,0,0,0,0,0,0,0,0,0,0,LW,,,,,,,,true,,false,true
2b740a5f-7700-4636-823d-8fab6112a99d,6006e119-0315-48fa-a960-99688e274550,home,0,0,0,0,595,0,0,0,0,0,0,0,0,0,0,CM,,,,,,,,true,,false,true
2b740a5f-7700-4636-823d-8fab6112a99d,790cd3b0-f9ef-4591-8529-4fd2ef273cfb,home,0,0,0,0,720,0,0,0,0,0,0,0,0,0,0,GK,,,,,,,,true,,false,true
2b740a5f-7700-4636-823d-8fab6112a99d,7c32cfc6-9a24-42e1-b48e-b35fc9a40a93,away,0,0,0,0,270,0,0,0,0,0,0,0,0,0,0,RB,,,,,,,,true,,false,true
2b740a5f-7700-4636-823d-8fab6112a99d,7c42e1a2-b750-4d00-a214-26225d726f8f,home,0,0,0,0,0,0,0,0,0,0,0,0,0,0,0,,,,,,,,,false,2,true,true
2b740a5f-7700-4636-823d-8fab6112a99d,869007c5-5391-421c-b4cb-60c77874049b,away,0,0,0,0,445,0,0,0,0,0,0,0,0,0,0,GK,,,,,,,,true,,false,true
2b740a5f-7700-4636-823d-8fab6112a99d,b1c4eb92-e9ac-4581-9ee8-9ac8baf7ecd6,home,0,0,0,0,730,0,0,0,0,0,0,0,0,0,0,RW,,,,,,,,true,,false,true
2b740a5f-7700-4636-823d-8fab6112a99d,bac85c56-45b4-4e35-b0de-70e24bd0335f,home,0,0,0,0,0,0,0,0,0,0,0,0,0,0,0,,,,,,,,,false,3,true,true
2b740a5f-7700-4636-823d-8fab6112a99d,be25796e-cbbd-4f0f-804f-be89344383c8,home,0,0,0,0,370,0,0,0,0,0,0,0,0,0,0,RB,,,,,,,,true,,false,true
2b740a5f-7700-4636-823d-8fab6112a99d,d056431b-35f3-4e15-955a-0a25a981b624,home,0,0,0,0,0,0,0,0,0,0,0,0,0,0,0,,,,,,,,,false,1,true,true
2b740a5f-7700-4636-823d-8fab6112a99d,d62405cb-44a0-41ad-8368-fcf20b9d9af0,home,0,0,0,0,375,0,0,0,0,0,0,0,0,0,0,LB,,,,,,,,true,,false,true
2b740a5f-7700-4636-823d-8fab6112a99d,fac3b9dc-c0db-4bfa-90e4-37ec9e71f61f,away,0,0,0,0,575,0,0,0,0,0,0,0,0,0,0,CM,,,,,,,,true,,false,true
2c83e77d-39d4-480c-a792-2ef35f3e4545,05b15568-4bb8-4b6e-93b0-5d41a269bb8f,away,0,1,0,0,490,15,1,0,11,3,4,0,12,0,0,RB,,,,,,,,true,,false,false
2c83e77d-39d4-480c-a792-2ef35f3e4545,101b3f9c-1167-4c49-a9c8-7361e58edf1e,away,3,0,6,0,585,9,0,6,13,1,0,0,22,0,0,LW,,,,,,,,true,,false,false
2c83e77d-39d4-480c-a792-2ef35f3e4545,136f7943-c243-4d8f-a269-2793bf9aeaed,home,3,0,7,0,440,7,0,5,6,0,1,0,22,0,0,RW,,,,,,,,true,,false,false
2c83e77d-39d4-480c-a792-2ef35f3e4545,3fb2b88f-0175-4bdd-9307-fd3d375f7c53,home,0,0,0,5,610,10,2,0,1,1,4,0,9,5,1,GK,,,,,,,,true,,false,false
2c83e77d-39d4-480c-a792-2ef35f3e4545,74a27bb8-dc1d-421b-b931-d5d9e700d791,away,0,0,0,0,325,13,0,0,7,4,5,0,15,0,0,LB,,,,,,,,true,,false,false
2c83e77d-39d4-480c-a792-2ef35f3e4545,8cd953ac-d603-43fe-9611-c5365d62f321,home,0,0,0,0,155,7,0,0,4,1,1,0,5,0,0,LW,,,,,,,,true,,false,false
2c83e77d-39d4-480c-a792-2ef35f3e4545,a6dbbd49-92c7-4e52-aa9b-3799e55a548e,away,0,1,1,0,835,32,2,1,14,1,6,0,13,0,0,CM,,,,,,,,true,,false,false
2c83e77d-39d4-480c-a792-2ef35f3e4545,ab48c36d-a7de-4ef3-bf0a-be7a8c40a091,away,0,0,1,0,80,5,0,1,8,0,1,0,18,0,0,RW,,,,,,,,true,,false,false
2c83e77d-39d4-480c-a792-2ef35f3e4545,b328f503-88f7-4f65-813e-5caf60b4f479,home,0,0,0,0,505,17,0,0,13,0,10,1,12,0,0,RB,,,,,,,,true,,false,false
2c83e77d-39d4-480c-a792-2ef35f3e4545,c3cc845e-64e3-4b46-9d8e-d67e416acb3b,away,0,0,0,0,0,0,0,0,0,0,0,0,0,0,0,Sub 2,,,,,,,,false,2,true,false
2c83e77d-39d4-480c-a792-2ef35f3e4545,cf9af189-1319-4ad1-8fb3-dfccd32bf30c,home,0,1,2,0,280,10,1,1,5,2,1,0,17,0,0,CM,,,,,,,,true,,false,false
2c83e77d-39d4-480c-a792-2ef35f3e4545,e68cb10d-9edb-44a4-8097-b78f783292cc,home,1,1,2,0,620,18,1,2,14,0,4,1,18,0,0,LB,,,,,,,,true,,false,false
2c83e77d-39d4-480c-a792-2ef35f3e4545,ea97c79e-8088-4e00-b478-f3f473ec5390,away,0,0,0,4,540,16,0,0,0,0,1,0,4,4,1,GK,,,,,,,,true,,false,false
2c83e77d-39d4-480c-a792-2ef35f3e4545,f8bd073c-178c-4cdc-a07d-8d69d894c647,away,0,0,0,0,0,0,0,0,0,0,0,0,0,0,0,Sub 1,,,,,,,,false,1,true,false
2e634c7d-aafb-40c1-a7c7-3035dc72511a,04d5a6ba-608c-4a00-86c8-f374369d89bb,away,0,1,3,0,350,11,1,2,8,0,1,0,16,0,0,RW,,,,,,,,true,,false,false
2e634c7d-aafb-40c1-a7c7-3035dc72511a,3135f05c-09ba-4d3e-aa97-f433001eca33,home,0,0,0,0,370,12,0,0,12,3,3,0,11,0,0,LB,,,,,,,,true,,false,false
2e634c7d-aafb-40c1-a7c7-3035dc72511a,38ccfa50-824a-41f6-a72c-fc8f897fb15e,away,3,0,8,0,635,12,0,5,8,0,2,0,17,0,0,LW,,,,,,,,true,,false,false
2e634c7d-aafb-40c1-a7c7-3035dc72511a,64084aa4-1519-4593-8be4-6b8dee34f3e9,home,0,0,2,0,400,11,1,1,7,2,4,2,13,0,0,CM,,,,,,,,true,,false,false
2e634c7d-aafb-40c1-a7c7-3035dc72511a,7bce360c-9582-4ae3-a11f-ede63cedebe3,away,0,0,0,0,0,0,0,0,0,0,0,0,0,0,0,Sub,,,,,,,,false,1,true,false
2e634c7d-aafb-40c1-a7c7-3035dc72511a,7c811d9b-f926-4ccd-a62f-3323ce07002f,home,0,0,0,5,435,6,0,0,0,0,0,0,3,5,0,GK,,,,,,,,true,,false,false
2e634c7d-aafb-40c1-a7c7-3035dc72511a,93eab822-843e-4350-bb44-e331a423571d,home,0,0,1,0,445,20,0,0,8,2,6,0,14,0,0,RB,,,,,,,,true,,false,false
2e634c7d-aafb-40c1-a7c7-3035dc72511a,991e6f31-863a-44d6-b530-5376b19d027b,away,0,1,2,0,405,8,2,1,9,2,3,2,18,0,0,RB,,,,,,,,true,,false,false
2e634c7d-aafb-40c1-a7c7-3035dc72511a,9d0a604d-1960-493d-833a-47ea82bfd83b,away,0,0,1,0,395,10,1,0,11,3,7,0,15,0,0,LB,,,,,,,,true,,false,false
2e634c7d-aafb-40c1-a7c7-3035dc72511a,b43c872a-ee18-435d-9b92-6e3486484ea9,away,0,0,0,7,815,12,1,0,0,0,2,0,7,7,5,GK,,,,,,,,true,,false,false
2e634c7d-aafb-40c1-a7c7-3035dc72511a,cfd4522f-90d3-4a23-a7e6-81b061c6cb7e,home,1,1,2,0,495,16,3,2,11,0,3,0,24,0,0,LW,,,,,,,,true,,false,false
2e634c7d-aafb-40c1-a7c7-3035dc72511a,cffce0e1-86ca-48bb-860d-f6b468ddbcc2,home,2,0,5,0,550,17,0,3,9,1,3,0,21,0,0,RW,,,,,,,,true,,false,false
2e634c7d-aafb-40c1-a7c7-3035dc72511a,db29b279-55c3-4841-91f6-8a5f9c7bcdc4,away,1,1,1,0,730,21,6,1,10,1,3,1,14,0,0,CM,,,,,,,,true,,false,false
2e7415b9-2a6a-4472-8e31-a8aa260a8364,05b15568-4bb8-4b6e-93b0-5d41a269bb8f,home,0,0,0,0,400,15,0,0,12,1,5,1,13,0,0,LB,,,,,,,,true,,false,false
2e7415b9-2a6a-4472-8e31-a8aa260a8364,21c5c593-bdf6-472f-8a91-8f2a1753774d,away,0,0,1,0,435,10,0,1,18,2,9,2,27,0,0,LB,,,,,,,,true,,false,false
2e7415b9-2a6a-4472-8e31-a8aa260a8364,48ef7d04-216c-4a68-b5ac-b057c0f9a2b1,away,0,0,0,10,885,12,0,0,0,0,2,0,10,10,1,GK,,,,,,,,true,,false,false
2e7415b9-2a6a-4472-8e31-a8aa260a8364,635fb223-b598-45a3-bbaa-cd0da12c33ab,away,0,0,3,0,320,6,1,2,13,1,4,0,20,0,0,RB,,,,,,,,true,,false,false
2e7415b9-2a6a-4472-8e31-a8aa260a8364,6553959c-ab4c-4ef1-9df4-f1c366929211,away,1,0,1,0,210,5,0,1,6,0,1,0,7,0,0,LW,,,,,,,,true,,false,false
2e7415b9-2a6a-4472-8e31-a8aa260a8364,65e478e9-920c-40ed-9247-cd6642b83f36,home,0,0,0,3,335,5,0,0,0,0,5,1,9,3,1,GK,,,,,,,,true,,false,false
2e7415b9-2a6a-4472-8e31-a8aa260a8364,74a27bb8-dc1d-421b-b931-d5d9e700d791,home,0,0,0,0,0,0,0,0,0,0,0,0,0,0,0,Sub 1,,,,,,,,false,1,true,false
2e7415b9-2a6a-4472-8e31-a8aa260a8364,924a77ca-0fc6-44ec-b754-1e107b516cf5,away,1,0,2,0,560,13,0,1,14,6,6,0,21,0,0,CM,,,,,,,,true,,false,false
2e7415b9-2a6a-4472-8e31-a8aa260a8364,a6dbbd49-92c7-4e52-aa9b-3799e55a548e,home,1,0,2,0,715,24,0,2,14,2,7,2,21,0,0,CM,,,,,,,,true,,false,false
2e7415b9-2a6a-4472-8e31-a8aa260a8364,ab48c36d-a7de-4ef3-bf0a-be7a8c40a091,home,2,0,5,0,375,7,0,5,4,0,0,0,14,0,0,RW,,,,,,,,true,,false,false
2e7415b9-2a6a-4472-8e31-a8aa260a8364,c3cc845e-64e3-4b46-9d8e-d67e416acb3b,home,0,1,3,0,305,12,2,3,5,0,2,0,24,0,0,LW,,,,,,,,true,,false,false
2e7415b9-2a6a-4472-8e31-a8aa260a8364,e125c947-37f1-4ee5-bcfa-b9ef06bcdf46,away,0,0,0,0,55,5,0,0,3,0,1,0,8,0,0,Sub 1,,,,,,,,false,1,false,false
2e7415b9-2a6a-4472-8e31-a8aa260a8364,e28d0af9-11c6-4b32-ace5-bc21f6d90806,away,0,0,1,0,190,8,0,1,6,1,1,0,11,0,0,RW,,,,,,,,true,,false,false
2e7415b9-2a6a-4472-8e31-a8aa260a8364,ff7bd7a0-2bf1-4fd8-8a85-3e3eabe17c4e,home,0,2,1,0,635,17,2,1,11,1,6,0,12,0,0,RB,,,,,,,,true,,false,false
30497bca-6b74-4b18-a1bd-a9426f36134a,1f3d2c25-37aa-41cf-86e9-6afd067b2847,away,0,0,0,0,360,0,0,0,0,0,0,0,0,0,0,LB,,,,,,,,true,,false,true
30497bca-6b74-4b18-a1bd-a9426f36134a,8c6111bf-9272-4230-8bfd-511be5d0103c,home,0,0,0,0,330,0,0,0,0,0,0,0,0,0,0,LB,,,,,,,,true,,false,true
30497bca-6b74-4b18-a1bd-a9426f36134a,8e59c7a3-0343-4c4f-b9aa-a387deb9ba0c,home,0,0,0,0,565,0,0,0,0,0,0,0,0,0,0,GK,,,,,,,,true,,false,true
30497bca-6b74-4b18-a1bd-a9426f36134a,9685e3be-747c-47cf-bf8f-5010c0c0ce0b,home,0,0,0,0,880,0,0,0,0,0,0,0,0,0,0,CM,,,,,,,,true,,false,true
30497bca-6b74-4b18-a1bd-a9426f36134a,c8144abc-df24-456b-8e27-4e84ffd21414,home,0,0,0,0,455,0,0,0,0,0,0,0,0,0,0,LW,,,,,,,,true,,false,true
30497bca-6b74-4b18-a1bd-a9426f36134a,c9d42d84-52c0-46a2-90ce-c253bbd1fceb,away,0,0,0,0,470,0,0,0,0,0,0,0,0,0,0,CM,,,,,,,,true,,false,true
30497bca-6b74-4b18-a1bd-a9426f36134a,d7b38164-bd97-410b-a444-0b1f0a93f75a,away,0,0,0,0,135,0,0,0,0,0,0,0,0,0,0,RW,,,,,,,,true,,false,true
30497bca-6b74-4b18-a1bd-a9426f36134a,e82c9845-4657-4df9-a437-c58c486f3d6b,away,0,0,0,0,360,0,0,0,0,0,0,0,0,0,0,RB,,,,,,,,true,,false,true
30497bca-6b74-4b18-a1bd-a9426f36134a,ec291dd8-90c4-4dcb-b2c6-9d7fd7890c01,home,0,0,0,0,290,0,0,0,0,0,0,0,0,0,0,RW,,,,,,,,true,,false,true
30497bca-6b74-4b18-a1bd-a9426f36134a,eeaed5b1-a58f-48bd-a142-214c6686ace4,away,0,0,0,0,295,0,0,0,0,0,0,0,0,0,0,LW,,,,,,,,true,,false,true
30497bca-6b74-4b18-a1bd-a9426f36134a,f26aa9f9-6d09-4040-baa1-669858f45bef,home,0,0,0,0,365,0,0,0,0,0,0,0,0,0,0,RB,,,,,,,,true,,false,true
30497bca-6b74-4b18-a1bd-a9426f36134a,fbac096f-ba5f-4a8b-949c-4b590f74e929,away,0,0,0,0,570,0,0,0,0,0,0,0,0,0,0,GK,,,,,,,,true,,false,true
31333b18-9175-45be-9519-9e8dcbe198f4,0149da01-4684-4fd2-bfaa-67f7deeff4ab,away,0,1,0,0,715,29,1,0,14,0,7,0,12,0,0,RB,,,,,,,,true,,false,false
31333b18-9175-45be-9519-9e8dcbe198f4,058a7596-9774-443f-993a-4b755ffe4f3a,home,2,0,4,0,465,13,0,4,16,0,0,0,27,0,0,RW,,,,,,,,true,,false,false
31333b18-9175-45be-9519-9e8dcbe198f4,0b8a523f-e03a-4ffe-9298-5082d52108cd,away,0,0,3,0,350,16,0,1,10,2,5,1,29,0,0,CM,,,,,,,,true,,false,false
31333b18-9175-45be-9519-9e8dcbe198f4,2003feaa-1897-4a5a-8e1b-a4012896a3b1,away,2,0,5,0,555,10,1,5,10,0,2,0,15,0,0,LW,,,,,,,,true,,false,false
31333b18-9175-45be-9519-9e8dcbe198f4,21be9337-e89b-4e27-bab7-ab6c2e736d39,home,0,0,0,0,125,4,0,0,1,0,3,1,2,0,0,LB,,,,,,,,true,,false,false
31333b18-9175-45be-9519-9e8dcbe198f4,26c6fd97-a374-4786-8561-634c81de2b57,home,0,0,1,0,385,13,0,1,9,1,6,2,16,0,0,RB,,,,,,,,true,,false,false
31333b18-9175-45be-9519-9e8dcbe198f4,51721016-b394-4dea-a7e7-cb3374f018d1,home,0,2,1,0,425,10,2,1,14,1,6,0,27,0,0,LW,,,,,,,,true,,false,false
31333b18-9175-45be-9519-9e8dcbe198f4,5548d172-12d4-4219-bfaa-f7fcd907cfea,away,0,0,0,0,85,4,1,0,1,0,1,0,3,0,0,RW,,,,,,,,true,,false,false
31333b18-9175-45be-9519-9e8dcbe198f4,5aa7d6bb-fb61-467b-9200-0e55e5baca83,home,0,0,0,3,445,11,0,0,0,0,0,0,2,3,3,GK,,,,,,,,true,,false,false
31333b18-9175-45be-9519-9e8dcbe198f4,783b9d50-39ff-48b0-84d9-b608fdf515b3,away,0,0,0,5,570,12,0,0,0,0,0,0,1,5,1,GK,,,,,,,,true,,false,false
31333b18-9175-45be-9519-9e8dcbe198f4,ad181db3-ad78-4b44-ac31-23e780257ea2,away,1,0,1,0,540,17,1,1,12,0,5,1,12,0,0,LB,,,,,,,,true,,false,false
31333b18-9175-45be-9519-9e8dcbe198f4,df4cf9bb-c82d-447f-9c35-22f9bd145e11,home,0,0,0,0,460,13,1,0,10,5,4,1,12,0,0,CM,,,,,,,,true,,false,false
317c009a-817d-4bca-9227-387368dbdb34,0149da01-4684-4fd2-bfaa-67f7deeff4ab,away,0,0,1,0,455,20,0,1,14,2,3,0,20,0,0,RB,,,,,,,,true,,false,false
317c009a-817d-4bca-9227-387368dbdb34,073e2660-b71a-44a8-8576-ad70594cbc97,home,0,2,1,0,600,14,3,1,19,1,1,0,18,0,0,LW,,,,,,,,true,,false,false
317c009a-817d-4bca-9227-387368dbdb34,0b8a523f-e03a-4ffe-9298-5082d52108cd,away,0,0,2,0,420,19,0,2,5,1,8,1,21,0,0,CM,,,,,,,,true,,false,false
317c009a-817d-4bca-9227-387368dbdb34,2003feaa-1897-4a5a-8e1b-a4012896a3b1,away,1,0,7,0,655,14,0,7,14,0,5,0,24,0,0,LW,,,,,,,,true,,false,false
317c009a-817d-4bca-9227-387368dbdb34,2fab2277-3b1e-4c7c-a2bd-ee80005a842a,home,0,0,0,0,225,9,0,0,6,3,8,0,12,0,0,LB,,,,,,,,true,,false,false
317c009a-817d-4bca-9227-387368dbdb34,48ef7d04-216c-4a68-b5ac-b057c0f9a2b1,home,0,0,0,9,730,5,0,0,0,0,2,1,15,9,3,GK,,,,,,,,true,,false,false
317c009a-817d-4bca-9227-387368dbdb34,4e7a8d64-733f-46ba-aeff-b35e8b3258e6,home,3,1,5,0,790,13,1,3,14,3,2,1,18,0,0,CM,,,,,,,,true,,false,false
317c009a-817d-4bca-9227-387368dbdb34,635fb223-b598-45a3-bbaa-cd0da12c33ab,home,1,0,2,0,265,6,1,2,10,0,2,0,18,0,0,RW,,,,,,,,true,,false,false
317c009a-817d-4bca-9227-387368dbdb34,6553959c-ab4c-4ef1-9df4-f1c366929211,home,0,0,2,0,530,18,1,1,12,3,7,3,20,0,0,RB,,,,,,,,true,,false,false
317c009a-817d-4bca-9227-387368dbdb34,783b9d50-39ff-48b0-84d9-b608fdf515b3,away,0,0,0,3,305,4,0,0,0,0,1,1,2,3,0,GK,,,,,,,,true,,false,false
317c009a-817d-4bca-9227-387368dbdb34,8b8d6e06-f585-4e8e-960f-d15ab4abd940,away,0,0,1,0,385,15,0,1,16,1,5,0,23,0,0,LB,,,,,,,,true,,false,false
317c009a-817d-4bca-9227-387368dbdb34,9f00aa95-962f-40c7-a55a-318d7bd0e312,away,2,0,3,0,550,14,0,2,7,1,7,0,12,0,0,RW,,,,,,,,true,,false,false
317c009a-817d-4bca-9227-387368dbdb34,c5dd4bdb-d1fb-4aea-868c-83069bfcaf69,away,0,0,0,0,0,0,0,0,0,0,0,0,0,0,0,Sub 1,,,,,,,,false,1,true,false
3587a12b-fdf7-4f3e-9a02-60862d7daf16,21c5c593-bdf6-472f-8a91-8f2a1753774d,home,0,0,1,0,265,9,0,0,11,0,8,0,18,0,0,LB,,,,,,,,true,,false,false
3587a12b-fdf7-4f3e-9a02-60862d7daf16,2fab2277-3b1e-4c7c-a2bd-ee80005a842a,home,0,0,1,0,640,17,0,1,8,2,10,5,11,0,0,RB,,,,,,,,true,,false,false
3587a12b-fdf7-4f3e-9a02-60862d7daf16,48ef7d04-216c-4a68-b5ac-b057c0f9a2b1,home,0,0,0,8,730,11,0,0,0,0,1,1,15,8,3,GK,,,,,,,,true,,false,false
3587a12b-fdf7-4f3e-9a02-60862d7daf16,51f3dbda-8258-44b1-8ee7-906bc14a2f56,away,0,1,3,0,480,12,2,2,12,1,6,0,23,0,0,CM,,,,,,,,true,,false,false
3587a12b-fdf7-4f3e-9a02-60862d7daf16,6553959c-ab4c-4ef1-9df4-f1c366929211,home,0,0,0,0,315,14,0,0,13,0,7,1,22,0,0,CM,,,,,,,,true,,false,false
3587a12b-fdf7-4f3e-9a02-60862d7daf16,6adf6e5f-a0dd-4e91-be62-6ab6080c9b7f,away,0,0,1,0,510,18,0,1,9,1,8,0,9,0,0,LB,,,,,,,,true,,false,false
3587a12b-fdf7-4f3e-9a02-60862d7daf16,7d7bcb08-f42b-499f-a019-c49f91641a6b,home,0,0,0,0,140,11,0,0,6,0,1,0,13,0,0,RW,,,,,,,,true,,false,false
3587a12b-fdf7-4f3e-9a02-60862d7daf16,b97768bd-0745-49ec-b961-a0404701547b,away,0,0,0,1,325,7,0,0,0,0,5,0,8,1,6,GK,,,,,,,,true,,false,false
3587a12b-fdf7-4f3e-9a02-60862d7daf16,e28d0af9-11c6-4b32-ace5-bc21f6d90806,home,1,0,1,0,185,7,0,1,6,0,2,0,14,0,0,LW,,,,,,,,true,,false,false
3587a12b-fdf7-4f3e-9a02-60862d7daf16,e4ca84fb-e03d-4938-a499-da884a27a61a,away,2,0,6,0,565,13,1,5,9,0,3,0,21,0,0,RW,,,,,,,,true,,false,false
3587a12b-fdf7-4f3e-9a02-60862d7daf16,f55bc845-38ae-463b-b682-54680aec2aeb,away,2,1,6,0,550,6,1,4,5,1,3,0,12,0,0,LW,,,,,,,,true,,false,false
3587a12b-fdf7-4f3e-9a02-60862d7daf16,f81bcb96-24dd-4377-bb0c-062806417b9c,away,0,0,1,0,405,14,2,0,7,0,9,1,16,0,0,RB,,,,,,,,true,,false,false
35a6796d-6765-482a-a1b6-13b36b7f2cb1,0dd49f0b-f99d-4b20-8f47-8c6b62139b98,away,0,0,0,0,300,9,0,0,4,2,4,3,8,0,0,LB,,,,,,,,true,,false,false
35a6796d-6765-482a-a1b6-13b36b7f2cb1,51f3dbda-8258-44b1-8ee7-906bc14a2f56,home,1,1,5,0,1205,24,5,3,20,6,12,2,27,0,0,CM,,,,,,,,true,,false,false
35a6796d-6765-482a-a1b6-13b36b7f2cb1,6006e119-0315-48fa-a960-99688e274550,away,1,0,4,0,620,18,0,3,18,3,4,2,33,0,0,CM,,,,,,,,true,,false,false
35a6796d-6765-482a-a1b6-13b36b7f2cb1,6adf6e5f-a0dd-4e91-be62-6ab6080c9b7f,home,0,0,0,0,390,15,1,0,8,2,5,1,13,0,0,LB,,,,,,,,true,,false,false
35a6796d-6765-482a-a1b6-13b36b7f2cb1,7e5502a7-6938-427e-9edd-e08064b11735,home,4,2,9,0,950,15,3,6,9,0,3,1,25,0,0,LW,,,,,,,,true,,false,false
35a6796d-6765-482a-a1b6-13b36b7f2cb1,836dc937-6f74-4e8c-a576-5c01226de7be,home,2,2,4,0,545,10,2,3,6,0,0,0,14,0,0,RW,,,,,,,,true,,false,false
35a6796d-6765-482a-a1b6-13b36b7f2cb1,9bb8426f-d9fb-4ccb-a9e5-9bf4f49b5bca,home,0,0,0,4,490,10,0,0,0,0,2,0,4,4,2,GK,,,,,,,,true,,false,false
35a6796d-6765-482a-a1b6-13b36b7f2cb1,be25796e-cbbd-4f0f-804f-be89344383c8,away,0,1,0,0,385,11,1,0,10,0,4,1,10,0,0,RB,,,,,,,,true,,false,false
35a6796d-6765-482a-a1b6-13b36b7f2cb1,e832ed13-1bbd-4057-bdcf-51dceba99a0a,away,0,0,0,3,395,7,0,0,0,0,1,0,5,3,4,GK,,,,,,,,true,,false,false
35a6796d-6765-482a-a1b6-13b36b7f2cb1,f81bcb96-24dd-4377-bb0c-062806417b9c,home,0,1,0,0,380,11,1,0,11,1,4,0,12,0,0,RB,,,,,,,,true,,false,false
35a6796d-6765-482a-a1b6-13b36b7f2cb1,fac3b9dc-c0db-4bfa-90e4-37ec9e71f61f,away,1,0,2,0,420,15,0,2,15,0,4,0,24,0,0,RW,,,,,,,,true,,false,false
3829b665-cbf9-4296-95bd-d6c7e74822fb,073e2660-b71a-44a8-8576-ad70594cbc97,away,0,0,2,0,520,12,0,2,29,3,5,1,37,0,0,CM,,,,,,,,true,,false,false
3829b665-cbf9-4296-95bd-d6c7e74822fb,2cf2ae7b-1f0d-44fa-b8c0-c7a343159e66,home,0,0,0,4,475,10,1,0,1,0,1,0,3,4,0,RB,,,,,,,,true,,false,false
3829b665-cbf9-4296-95bd-d6c7e74822fb,2fab2277-3b1e-4c7c-a2bd-ee80005a842a,away,0,0,1,0,435,9,0,1,6,2,7,5,12,0,0,LB,,,,,,,,true,,false,false
3829b665-cbf9-4296-95bd-d6c7e74822fb,3ae0f2b9-08db-4594-86e1-81772e94fb0e,home,0,1,1,0,280,12,1,1,4,0,3,0,14,0,0,RW,,,,,,,,true,,false,false
3829b665-cbf9-4296-95bd-d6c7e74822fb,48ef7d04-216c-4a68-b5ac-b057c0f9a2b1,away,0,0,0,6,530,7,0,0,0,0,1,0,9,6,2,GK,,,,,,,,true,,false,false
3829b665-cbf9-4296-95bd-d6c7e74822fb,57ed0735-3daf-49d4-b4e3-63c2527f8d57,home,1,2,3,0,810,21,3,3,9,1,5,1,16,0,0,GK,,,,,,,,true,,false,false
3829b665-cbf9-4296-95bd-d6c7e74822fb,635fb223-b598-45a3-bbaa-cd0da12c33ab,away,1,1,2,0,415,14,1,2,8,0,0,0,15,0,0,RW,,,,,,,,true,,false,false
3829b665-cbf9-4296-95bd-d6c7e74822fb,7d522140-9b97-4111-ab0f-95aa1be11fdf,home,1,1,1,0,565,19,1,1,6,0,6,1,11,0,0,LB,,,,,,,,true,,false,false
3829b665-cbf9-4296-95bd-d6c7e74822fb,88680cfe-47fa-4e5f-a5cc-0bc6de7c0853,home,1,1,3,0,525,15,3,1,9,0,4,0,18,0,0,LW,,,,,,,,true,,false,false
3829b665-cbf9-4296-95bd-d6c7e74822fb,9acc63cc-08a0-4fa2-95ef-f7fc6a11306a,home,3,0,6,0,885,28,1,5,12,0,5,0,24,0,0,CM,,,,,,,,true,,false,false
3829b665-cbf9-4296-95bd-d6c7e74822fb,e125c947-37f1-4ee5-bcfa-b9ef06bcdf46,away,1,0,1,0,200,2,1,1,5,0,4,0,9,0,0,LW,,,,,,,,true,,false,false
3829b665-cbf9-4296-95bd-d6c7e74822fb,e28d0af9-11c6-4b32-ace5-bc21f6d90806,away,0,0,0,0,190,6,0,0,5,3,0,0,5,0,0,RB,,,,,,,,true,,false,false
39ec2337-e93c-4673-8974-61c1e0f90cd5,28665e99-bf57-4d6f-9303-8f24750764c5,away,3,2,7,0,785,9,2,6,4,0,4,1,14,0,0,Sub 3,,,,,,,,false,3,false,false
39ec2337-e93c-4673-8974-61c1e0f90cd5,3914a82e-650b-4260-8805-0ff2dfa80104,away,3,0,3,0,720,17,1,3,14,0,6,0,16,0,0,CM,,,,,,,,true,,false,false
39ec2337-e93c-4673-8974-61c1e0f90cd5,4989d80d-8611-494b-a878-f011860bdc81,away,1,0,2,0,130,0,0,2,0,0,0,0,2,0,0,LW,,,,,,,,true,,false,false
39ec2337-e93c-4673-8974-61c1e0f90cd5,515cb6b3-cc0a-4765-88f6-b2e0851935ef,away,0,0,0,0,200,11,0,0,1,0,2,0,1,0,0,RB,,,,,,,,true,,false,false
39ec2337-e93c-4673-8974-61c1e0f90cd5,5780051c-a5b1-4dd6-a549-c6a3ca457c93,away,0,0,0,0,0,0,0,0,0,0,0,0,0,0,0,Sub 1,,,,,,,,false,1,true,false
39ec2337-e93c-4673-8974-61c1e0f90cd5,67d84d4a-34e1-425a-b5af-aa80ba3e1ce7,away,0,0,1,0,445,17,1,1,6,0,7,0,8,0,0,LB,,,,,,,,true,,false,false
39ec2337-e93c-4673-8974-61c1e0f90cd5,6dd2ea29-a00b-4393-a556-448387245400,away,0,0,0,0,0,0,0,0,0,0,0,0,0,0,0,Sub 2,,,,,,,,false,2,true,false
39ec2337-e93c-4673-8974-61c1e0f90cd5,7af8310e-a70e-4984-826c-45c8b97f4b62,away,1,2,2,0,360,3,2,2,3,0,0,0,5,0,0,RW,,,,,,,,true,,false,false
39ec2337-e93c-4673-8974-61c1e0f90cd5,7fd5353d-009f-448f-8c7a-98d0a8825c0a,away,0,3,0,3,850,17,4,0,0,0,5,1,11,3,4,GK,,,,,,,,true,,false,false
39ec2337-e93c-4673-8974-61c1e0f90cd5,8e59c7a3-0343-4c4f-b9aa-a387deb9ba0c,home,0,0,0,0,295,7,0,0,10,2,7,1,14,0,0,LW,,,,,,,,true,,false,false
39ec2337-e93c-4673-8974-61c1e0f90cd5,9685e3be-747c-47cf-bf8f-5010c0c0ce0b,home,0,0,2,0,410,15,0,2,15,3,10,1,39,0,0,CM,,,,,,,,true,,false,false
39ec2337-e93c-4673-8974-61c1e0f90cd5,c754b89e-7b24-4cc8-a3db-2547941507ab,home,0,0,3,0,275,10,0,2,6,1,1,0,13,0,0,GK,,,,,,,,true,,false,false
39ec2337-e93c-4673-8974-61c1e0f90cd5,ec291dd8-90c4-4dcb-b2c6-9d7fd7890c01,home,0,0,0,0,145,13,0,0,1,0,1,0,8,0,0,RW,,,,,,,,true,,false,false
3c756bdd-666a-4450-b264-df5ecde15e3c,13d262ff-7af4-417b-88d1-3818693781ad,away,0,0,0,0,205,9,0,0,3,0,9,0,11,0,0,LW,,,,,,,,true,,false,false
3c756bdd-666a-4450-b264-df5ecde15e3c,18e370bf-57fc-4db6-9f3e-75d67c9dff3f,home,0,0,3,0,250,4,0,3,16,2,2,0,28,0,0,CM,,,,,,,,true,,false,false
3c756bdd-666a-4450-b264-df5ecde15e3c,19a503d9-0de9-42d4-965e-230c4772a949,home,0,0,0,3,435,3,0,0,0,0,3,1,13,5,3,GK,,,,,,,,true,,false,false
3c756bdd-666a-4450-b264-df5ecde15e3c,6b37ad10-c1bc-4fb4-94ba-4a3b6acf55eb,home,1,0,3,0,610,12,0,3,11,3,9,1,17,0,0,RW,,,,,,,,true,,false,false
3c756bdd-666a-4450-b264-df5ecde15e3c,760a6131-0069-4e05-9e70-6bec90191637,home,1,0,3,0,235,5,0,2,1,0,2,0,6,0,0,LW,,,,,,,,true,,false,false
3c756bdd-666a-4450-b264-df5ecde15e3c,7c42e1a2-b750-4d00-a214-26225d726f8f,away,0,0,1,0,545,18,0,1,11,2,16,0,23,0,0,RB,,,,,,,,true,,false,false
3c756bdd-666a-4450-b264-df5ecde15e3c,8cf93859-0288-42ed-ac2d-973f430f6080,home,0,0,1,0,275,4,1,1,12,1,6,1,18,0,0,LB,,,,,,,,true,,false,false
3c756bdd-666a-4450-b264-df5ecde15e3c,9acc63cc-08a0-4fa2-95ef-f7fc6a11306a,away,0,1,0,0,250,16,1,0,7,0,2,0,21,0,0,RW,,,,,,,,true,,false,false
3c756bdd-666a-4450-b264-df5ecde15e3c,9bb8426f-d9fb-4ccb-a9e5-9bf4f49b5bca,away,0,0,0,10,1075,13,0,0,0,0,5,1,12,10,6,GK,,,,,,,,true,,false,false
3c756bdd-666a-4450-b264-df5ecde15e3c,ac46e3e8-b7d7-4732-ace9-b51a9cd58aea,away,1,0,5,0,500,10,1,4,9,1,2,0,14,0,0,CM,,,,,,,,true,,false,false
3c756bdd-666a-4450-b264-df5ecde15e3c,b9801db9-e9ca-46d3-a349-9b5c5ab161ca,home,0,0,1,0,655,16,0,1,7,5,11,2,8,0,0,RB,,,,,,,,true,,false,false
3c756bdd-666a-4450-b264-df5ecde15e3c,d1ad216c-0bbb-4d7a-aabd-cdb52cb3d808,away,0,0,1,0,185,10,0,1,4,0,3,0,12,0,0,LB,,,,,,,,true,,false,false
3dac7297-0540-451e-9378-0e096c909ab8,0e1f2bd6-7b36-4abb-962b-cedc9effea35,away,0,0,0,0,0,0,0,0,0,0,0,0,0,0,0,Sub 1,,,,,,,,false,1,true,false
3dac7297-0540-451e-9378-0e096c909ab8,11b9e702-95bd-466f-a980-cac33251fff6,away,1,0,4,0,340,6,0,4,4,0,4,0,12,0,0,RW,,,,,,,,true,,false,false
3dac7297-0540-451e-9378-0e096c909ab8,447b6c36-21b2-47a0-8ce4-b122df357de4,home,0,0,0,9,715,7,0,0,0,0,3,1,16,9,1,GK,,,,,,,,true,,false,false
3dac7297-0540-451e-9378-0e096c909ab8,48a2f7dc-4a48-46ee-b8d4-d4fbd912d429,away,1,0,4,0,535,10,0,4,18,2,4,1,27,0,0,LB,,,,,,,,true,,false,false
3dac7297-0540-451e-9378-0e096c909ab8,565f74c4-302b-4d0b-8fe7-057809b2f5c8,home,0,1,0,0,430,15,1,0,7,1,4,2,12,0,0,LB,,,,,,,,true,,false,false
3dac7297-0540-451e-9378-0e096c909ab8,598daf18-47a2-4c69-86b9-38c3a92f5138,away,2,0,4,0,655,12,2,4,15,1,7,0,23,0,0,CM,,,,,,,,true,,false,false
3dac7297-0540-451e-9378-0e096c909ab8,8224ef9f-3a52-427c-9403-f110b1b0ef47,home,1,0,2,0,450,15,1,1,15,0,0,0,15,0,0,RW,,,,,,,,true,,false,false
3dac7297-0540-451e-9378-0e096c909ab8,b0a2cee3-5f40-4b19-bddf-996b0c613b7b,away,0,0,0,4,445,7,0,0,2,0,1,0,8,4,3,GK,,,,,,,,true,,false,false
3dac7297-0540-451e-9378-0e096c909ab8,b51753bc-1a25-4857-b261-605a686e7ae7,home,0,0,0,0,80,4,0,0,1,0,1,0,1,0,0,RB,,,,,,,,true,,false,false
3dac7297-0540-451e-9378-0e096c909ab8,b935858d-f739-483e-a0b3-997fa723f5b4,home,0,0,3,0,485,12,0,3,24,4,3,0,35,0,0,CM,,,,,,,,true,,false,false
3dac7297-0540-451e-9378-0e096c909ab8,d404bc12-2609-4043-b084-b12152865c6b,away,2,0,2,0,395,10,0,2,10,1,2,0,16,0,0,LW,,,,,,,,true,,false,false
3dac7297-0540-451e-9378-0e096c909ab8,d48df599-2dd9-4fef-aa5c-b511893d91cd,away,1,1,4,0,710,14,1,2,17,1,7,2,22,0,0,RB,,,,,,,,true,,false,false
3dac7297-0540-451e-9378-0e096c909ab8,fb870e63-dd63-4a29-89d6-55ce8da81176,home,0,0,1,0,290,6,1,1,13,3,1,0,16,0,0,LW,,,,,,,,true,,false,false
44393b5f-8a87-440d-9086-d59cf6368ff0,18705b90-e5c8-4cc2-98fb-902cb958d376,away,3,3,8,0,1035,13,8,5,8,0,1,0,15,0,0,LW,,,,,,,,true,,false,false
44393b5f-8a87-440d-9086-d59cf6368ff0,2df70d98-1fcc-4f56-932b-c1aa91c197aa,away,0,1,2,0,765,19,2,2,12,4,6,0,10,0,0,LB,,,,,,,,true,,false,false
44393b5f-8a87-440d-9086-d59cf6368ff0,2e0a50d1-d25a-4dad-aa0c-3b94592cf9a7,home,0,1,0,5,815,15,2,0,10,0,4,1,18,5,2,GK,,,,,,,,true,,false,false
44393b5f-8a87-440d-9086-d59cf6368ff0,4d4cd3e6-24cf-452f-bf78-85ae39cb37b5,home,0,0,1,0,150,8,1,1,8,1,2,0,22,0,0,CM,,,,,,,,true,,false,false
44393b5f-8a87-440d-9086-d59cf6368ff0,515cb6b3-cc0a-4765-88f6-b2e0851935ef,away,1,3,1,0,915,20,6,1,10,1,7,1,12,0,0,RB,,,,,,,,true,,false,false
44393b5f-8a87-440d-9086-d59cf6368ff0,5780051c-a5b1-4dd6-a549-c6a3ca457c93,home,1,0,4,0,245,3,0,2,2,0,4,0,9,0,0,LB,,,,,,,,true,,false,false
44393b5f-8a87-440d-9086-d59cf6368ff0,72088eb5-3ed7-4e55-80c8-a4ba93b8eaff,away,0,0,0,0,0,0,0,0,0,0,0,0,0,0,0,Sub 1,,,,,,,,false,1,true,false
44393b5f-8a87-440d-9086-d59cf6368ff0,7593f03f-2200-45ae-9a01-fd8019c47470,away,3,0,8,0,785,17,1,6,3,0,5,1,14,0,0,CM,,,,,,,,true,,false,false
44393b5f-8a87-440d-9086-d59cf6368ff0,8393cbe5-88e0-4437-a995-91c200dd3090,home,3,0,9,0,620,5,0,7,9,1,1,0,18,0,0,RW,,,,,,,,true,,false,false
44393b5f-8a87-440d-9086-d59cf6368ff0,942c88aa-c32c-4f4a-8ae2-ac0c8fda6cb7,away,2,3,6,1,1135,22,4,3,11,0,2,1,22,1,5,RW,,,,,,,,true,,false,false
44393b5f-8a87-440d-9086-d59cf6368ff0,ad29ada0-9a5b-4d0e-9464-32317ed4cd31,home,2,2,4,0,750,17,2,4,7,0,2,0,11,0,0,LW,,,,,,,,true,,false,false
44393b5f-8a87-440d-9086-d59cf6368ff0,ad5ae02b-9fe4-49fb-abc1-36a36fbaba55,home,0,0,0,2,175,2,0,0,0,0,0,0,3,2,1,Sub 2,,,,,,,,false,2,false,false
44393b5f-8a87-440d-9086-d59cf6368ff0,d2fc286f-3473-4cd4-9554-0fe46dece9ec,home,1,0,2,0,430,9,0,1,6,3,8,1,14,0,0,RB,,,,,,,,true,,false,false
44393b5f-8a87-440d-9086-d59cf6368ff0,f097b613-dba4-4dfb-b6ee-733a9a2ba61a,away,0,0,1,7,905,17,1,1,1,0,2,0,12,7,5,GK,,,,,,,,true,,false,false
44acf10a-9740-4183-810a-5bd568355930,1ef81557-4610-448a-9114-a54e57e308e9,away,0,0,0,0,-20,0,0,0,0,0,0,0,2,0,0,RW,,,,,,,,true,,false,false
44acf10a-9740-4183-810a-5bd568355930,23ead12c-77ac-4e35-bc74-5f690af34010,away,1,1,3,0,225,4,1,2,8,0,1,0,23,0,0,LW,,,,,,,,true,,false,false
44acf10a-9740-4183-810a-5bd568355930,2a7d62cf-c73a-46f0-a85b-13ef59a02ef7,away,0,0,0,9,1120,24,0,0,2,1,4,0,8,9,2,GK,,,,,,,,true,,false,false
44acf10a-9740-4183-810a-5bd568355930,2b288bb1-8f2c-472c-85f6-1163b2a378f8,away,0,0,0,0,0,0,0,0,0,0,0,0,0,0,0,Sub 1,,,,,,,,false,1,true,false
44acf10a-9740-4183-810a-5bd568355930,46e608cb-e83f-44fb-ba15-09a4430015c9,home,0,0,1,0,470,10,1,1,9,3,6,1,8,0,0,RB,,,,,,,,true,,false,false
44acf10a-9740-4183-810a-5bd568355930,566e76a8-c7a8-4696-ab74-8860fbb4a54e,away,0,0,0,0,105,9,0,0,5,0,2,1,16,0,0,CM,,,,,,,,true,,false,false
44acf10a-9740-4183-810a-5bd568355930,9685e3be-747c-47cf-bf8f-5010c0c0ce0b,home,0,0,6,0,620,16,0,5,15,0,7,1,25,0,0,CM,,,,,,,,true,,false,false
44acf10a-9740-4183-810a-5bd568355930,b0470ce4-f04e-4e82-a572-aafd4e91491a,away,1,0,1,0,560,17,1,1,11,2,10,1,21,0,0,RB,,,,,,,,true,,false,false
44acf10a-9740-4183-810a-5bd568355930,c754b89e-7b24-4cc8-a3db-2547941507ab,home,0,0,0,0,150,6,0,0,9,0,3,0,12,0,0,LB,,,,,,,,true,,false,false
44acf10a-9740-4183-810a-5bd568355930,ec291dd8-90c4-4dcb-b2c6-9d7fd7890c01,home,0,0,2,0,245,11,0,1,13,0,0,0,19,0,0,RW,,,,,,,,true,,false,false
44acf10a-9740-4183-810a-5bd568355930,f039da87-06a7-4f3f-a14e-1240ab0d8e97,away,0,0,0,0,575,26,0,0,13,0,7,1,14,0,0,LB,,,,,,,,true,,false,false
44acf10a-9740-4183-810a-5bd568355930,f26aa9f9-6d09-4040-baa1-669858f45bef,home,1,0,2,0,275,5,0,2,8,0,4,0,13,0,0,LW,,,,,,,,true,,false,false
44acf10a-9740-4183-810a-5bd568355930,f5632ac5-d549-4221-a374-2a52bed2c5cb,home,0,0,0,1,135,6,0,0,0,0,1,0,12,1,3,GK,,,,,,,,true,,false,false
44acf10a-9740-4183-810a-5bd568355930,fab1aec0-0fe0-430d-8799-a0da1a9009d7,away,0,0,2,0,140,7,0,1,5,0,3,0,16,0,0,Sub 3,,,,,,,,false,3,false,false
44f30d9c-9ecf-4aa9-ad5a-14c6f4997c7f,0d100302-039c-488b-bf0c-1347f76879f5,home,0,0,0,0,475,7,0,0,20,5,5,2,18,0,0,LB,,,,,,,,true,,false,false
44f30d9c-9ecf-4aa9-ad5a-14c6f4997c7f,13bb6995-1085-4aa5-b29a-8a5e3126aabd,home,0,0,0,0,90,3,0,0,8,0,3,0,12,0,0,LW,,,,,,,,true,,false,false
44f30d9c-9ecf-4aa9-ad5a-14c6f4997c7f,227babbe-6fea-43f5-b595-e567b074634b,home,0,0,0,0,150,4,0,0,9,3,2,0,15,0,0,RB,,,,,,,,true,,false,false
44f30d9c-9ecf-4aa9-ad5a-14c6f4997c7f,49105744-5fa4-4ec7-a742-749038bbcc3a,away,1,2,3,0,670,24,2,1,17,0,1,0,28,0,0,RW,,,,,,,,true,,false,false
44f30d9c-9ecf-4aa9-ad5a-14c6f4997c7f,57a03f72-a308-4db8-86d1-3031aae6bc13,away,1,0,3,0,650,18,2,2,13,0,10,0,19,0,0,RB,,,,,,,,true,,false,false
44f30d9c-9ecf-4aa9-ad5a-14c6f4997c7f,598daf18-47a2-4c69-86b9-38c3a92f5138,away,2,0,4,0,730,17,0,3,14,0,7,5,24,0,0,CM,,,,,,,,true,,false,false
44f30d9c-9ecf-4aa9-ad5a-14c6f4997c7f,7d309808-fb3f-4a9c-94fc-b851290b13de,home,0,0,1,0,165,5,0,1,13,0,1,0,17,0,0,RW,,,,,,,,true,,false,false
44f30d9c-9ecf-4aa9-ad5a-14c6f4997c7f,ab8294c2-f185-4d63-8cb9-cedca35a65f7,home,0,0,0,0,80,6,0,0,10,0,0,0,16,0,0,,,,,,,,,false,1,false,false
44f30d9c-9ecf-4aa9-ad5a-14c6f4997c7f,b0a2cee3-5f40-4b19-bddf-996b0c613b7b,away,0,0,1,4,740,9,0,1,6,0,5,2,11,4,6,GK,,,,,,,,true,,false,false
44f30d9c-9ecf-4aa9-ad5a-14c6f4997c7f,d404bc12-2609-4043-b084-b12152865c6b,away,1,0,2,0,455,19,1,2,12,0,3,0,23,0,0,LW,,,,,,,,true,,false,false
44f30d9c-9ecf-4aa9-ad5a-14c6f4997c7f,d6b6ca4e-af5a-4b26-8a6a-a49e326e625f,away,0,0,3,0,580,21,0,2,16,1,6,1,24,0,0,LB,,,,,,,,true,,false,false
44f30d9c-9ecf-4aa9-ad5a-14c6f4997c7f,f6335766-f91c-418e-aae2-0f2d46dd6705,home,0,1,0,5,675,7,3,0,0,0,0,0,9,5,6,GK,,,,,,,,true,,false,false
459b80ce-7421-48a8-b0a6-1da4c947f4f0,01ece89d-d51d-436a-bb31-503f0743d6d3,home,0,0,0,4,425,7,0,0,0,0,1,0,12,4,5,GK,,,,,,,,true,,false,false
459b80ce-7421-48a8-b0a6-1da4c947f4f0,0d100302-039c-488b-bf0c-1347f76879f5,home,0,0,0,0,320,11,0,0,8,2,7,0,12,0,0,Sub 3,,,,,,,,false,3,false,false
459b80ce-7421-48a8-b0a6-1da4c947f4f0,13bb6995-1085-4aa5-b29a-8a5e3126aabd,home,0,0,2,0,230,7,0,1,11,0,3,0,16,0,0,RW,,,,,,,,true,,false,false
459b80ce-7421-48a8-b0a6-1da4c947f4f0,17b7048c-b910-4f56-a64a-d398221dd63a,home,0,0,4,0,545,11,2,4,25,5,5,1,47,0,0,CM,,,,,,,,true,,false,false
459b80ce-7421-48a8-b0a6-1da4c947f4f0,1c7e1afb-48d5-4a56-abe2-239960d81e04,away,1,0,4,0,405,14,0,4,13,1,3,0,32,0,0,CM,,,,,,,,true,,false,false
459b80ce-7421-48a8-b0a6-1da4c947f4f0,374198d0-b3d9-42b9-81e8-e76e0deed5fc,away,0,1,0,5,1010,24,1,0,0,0,4,1,12,5,9,GK,,,,,,,,true,,false,false
459b80ce-7421-48a8-b0a6-1da4c947f4f0,49a40d7b-26c8-46bd-98e1-e77621af162a,away,0,0,2,0,605,17,0,1,11,3,9,2,15,0,0,LB,,,,,,,,true,,false,false
459b80ce-7421-48a8-b0a6-1da4c947f4f0,719f5a24-85fc-4016-9138-0a84fdcf1ce9,away,0,0,2,0,155,3,1,2,2,0,1,0,6,0,0,RW,,,,,,,,true,,false,false
459b80ce-7421-48a8-b0a6-1da4c947f4f0,8ee6711b-919f-4762-bd96-41fba5138bec,away,2,1,4,0,475,8,2,3,5,0,3,0,15,0,0,LW,,,,,,,,true,,false,false
459b80ce-7421-48a8-b0a6-1da4c947f4f0,97ef1b14-348a-410b-83ce-ced05610ef9a,home,0,0,0,0,230,6,0,0,5,2,6,1,10,0,0,RB,,,,,,,,true,,false,false
459b80ce-7421-48a8-b0a6-1da4c947f4f0,ab8294c2-f185-4d63-8cb9-cedca35a65f7,home,0,0,1,0,80,5,0,0,5,0,1,0,11,0,0,LW,,,,,,,,true,,false,false
459b80ce-7421-48a8-b0a6-1da4c947f4f0,b298b56c-db9d-4c7b-a06f-641728c33da0,home,0,0,0,0,40,2,0,0,1,0,1,0,2,0,0,LB,,,,,,,,true,,false,false
459b80ce-7421-48a8-b0a6-1da4c947f4f0,bdc97355-04f9-4e4e-8311-ff0cc4ac503e,away,0,0,0,0,0,0,0,0,0,0,0,0,0,0,0,Sub 1,,,,,,,,false,1,true,false
459b80ce-7421-48a8-b0a6-1da4c947f4f0,f592304d-ca58-49ac-ba98-a83c9097acc4,away,0,0,0,0,45,2,0,0,0,0,1,0,0,0,0,RB,,,,,,,,true,,false,false
45dc2601-905c-41b8-8920-e204436b1854,6763dad4-5c07-4f42-abe2-58f6f09e4af0,home,1,1,3,0,445,11,1,2,14,0,2,0,22,0,0,RW,,,,,,,,true,,false,false
45dc2601-905c-41b8-8920-e204436b1854,695c301a-3f49-4916-8d67-6e198d6529f5,away,0,0,3,0,265,12,0,2,6,0,0,0,13,0,0,RW,,,,,,,,true,,false,false
45dc2601-905c-41b8-8920-e204436b1854,6a3f628f-7dad-48b0-afe2-be3969115b0d,away,0,0,0,0,385,14,1,0,8,0,6,0,6,0,0,LB,,,,,,,,true,,false,false
45dc2601-905c-41b8-8920-e204436b1854,836dc937-6f74-4e8c-a576-5c01226de7be,away,0,0,0,0,0,0,0,0,0,0,0,0,0,0,0,Sub 1,,,,,,,,false,1,true,false
45dc2601-905c-41b8-8920-e204436b1854,8938e670-d21b-41eb-bcbf-db25ef7a6e6f,home,0,1,2,0,530,11,2,1,8,3,6,1,13,0,0,RB,,,,,,,,true,,false,false
45dc2601-905c-41b8-8920-e204436b1854,9e299cb3-3bc4-47d3-98ed-713728ffec07,away,0,0,0,0,225,9,0,0,6,1,4,1,11,0,0,RB,,,,,,,,true,,false,false
45dc2601-905c-41b8-8920-e204436b1854,adab89d9-3725-4e2c-9e05-d968297ae2f8,home,0,0,0,0,495,14,0,0,9,3,7,2,8,0,0,LB,,,,,,,,true,,false,false
45dc2601-905c-41b8-8920-e204436b1854,b1c9d678-21e9-40ef-832d-a1607170baa8,home,2,0,3,0,525,13,0,3,12,1,1,0,14,0,0,CM,,,,,,,,true,,false,false
45dc2601-905c-41b8-8920-e204436b1854,bf66b0b2-db55-4313-bcb2-1ad69567f6da,home,0,0,2,0,110,4,1,1,4,0,2,0,14,0,0,LW,,,,,,,,true,,false,false
45dc2601-905c-41b8-8920-e204436b1854,d015830d-e90a-484e-9c76-b434d6fbb36d,away,0,1,2,0,510,21,1,2,21,1,4,0,39,0,0,CM,,,,,,,,true,,false,false
45dc2601-905c-41b8-8920-e204436b1854,d1418948-96c2-4b56-8cec-3ce6e4938b4c,away,0,0,0,5,655,14,0,0,0,0,3,0,5,5,3,GK,,,,,,,,true,,false,false
45dc2601-905c-41b8-8920-e204436b1854,db8102dd-8fa0-4b8a-b5af-f1abb1483dff,away,1,0,2,0,360,14,1,2,5,0,2,0,13,0,0,LW,,,,,,,,true,,false,false
45dc2601-905c-41b8-8920-e204436b1854,f6a4dff0-c1fc-497c-8cf5-0889361418ee,home,0,0,0,4,630,15,1,0,0,0,8,0,14,4,4,GK,,,,,,,,true,,false,false
482294ea-282b-49b2-b1a0-f42a05914150,111fdb75-e8eb-418e-b83b-52b005e7cee4,away,0,0,0,0,615,0,0,0,0,0,0,0,0,0,0,GK,,,,,,,,true,,false,true
482294ea-282b-49b2-b1a0-f42a05914150,1c7e1afb-48d5-4a56-abe2-239960d81e04,home,0,0,0,0,470,0,0,0,0,0,0,0,0,0,0,CM,,,,,,,,true,,false,true
482294ea-282b-49b2-b1a0-f42a05914150,25a06b48-7632-429a-b266-8efc76272eb9,home,0,0,0,0,355,0,0,0,0,0,0,0,0,0,0,LW,,,,,,,,true,,false,true
482294ea-282b-49b2-b1a0-f42a05914150,3026383c-4582-4341-8c2e-882b11b2c457,home,0,0,0,0,0,0,0,0,0,0,0,0,0,0,0,Sub 1,,,,,,,,false,1,true,true
482294ea-282b-49b2-b1a0-f42a05914150,374198d0-b3d9-42b9-81e8-e76e0deed5fc,home,0,0,0,0,345,0,0,0,0,0,0,0,0,0,0,GK,,,,,,,,true,,false,true
482294ea-282b-49b2-b1a0-f42a05914150,3f35ca99-12f4-40b9-a3ab-fb41119b5d9e,away,0,0,0,0,520,0,0,0,0,0,0,0,0,0,0,RB,,,,,,,,true,,false,true
482294ea-282b-49b2-b1a0-f42a05914150,65f8e00a-7543-4501-8b5f-fcee0c7fdb5d,away,0,0,0,0,455,0,0,0,0,0,0,0,0,0,0,CM,,,,,,,,true,,false,true
482294ea-282b-49b2-b1a0-f42a05914150,70d054d7-25b2-4ece-87ce-2e477bcd3903,home,0,0,0,0,320,0,0,0,0,0,0,0,0,0,0,RW,,,,,,,,true,,false,true
482294ea-282b-49b2-b1a0-f42a05914150,719f5a24-85fc-4016-9138-0a84fdcf1ce9,home,0,0,0,0,320,0,0,0,0,0,0,0,0,0,0,RB,,,,,,,,true,,false,true
482294ea-282b-49b2-b1a0-f42a05914150,a75e3a4d-f9bd-4a2a-8dea-d5c06ae64e69,away,0,0,0,0,325,0,0,0,0,0,0,0,0,0,0,LB,,,,,,,,true,,false,true
482294ea-282b-49b2-b1a0-f42a05914150,e82634ff-ff00-425b-b75f-7be34d6659c2,away,0,0,0,0,340,0,0,0,0,0,0,0,0,0,0,RW,,,,,,,,true,,false,true
482294ea-282b-49b2-b1a0-f42a05914150,eff36500-ba7b-409c-892f-be694d5e1b98,home,0,0,0,0,500,0,0,0,0,0,0,0,0,0,0,LB,,,,,,,,true,,false,true
482294ea-282b-49b2-b1a0-f42a05914150,fb127318-8f44-45b0-acff-7fdb4b7bcc59,away,0,0,0,0,225,0,0,0,0,0,0,0,0,0,0,LW,,,,,,,,true,,false,true
48aa1303-fd53-48e4-91e4-6da634cd1a92,0149da01-4684-4fd2-bfaa-67f7deeff4ab,home,1,1,1,0,650,21,1,1,13,1,4,0,13,0,0,RB,,,,,,,,true,,false,false
48aa1303-fd53-48e4-91e4-6da634cd1a92,0b8a523f-e03a-4ffe-9298-5082d52108cd,home,2,3,2,0,890,24,4,2,10,0,4,2,21,0,0,CM,,,,,,,,true,,false,false
48aa1303-fd53-48e4-91e4-6da634cd1a92,18e370bf-57fc-4db6-9f3e-75d67c9dff3f,away,1,0,1,0,160,6,0,1,2,0,0,0,6,0,0,RW,,,,,,,,true,,false,false
48aa1303-fd53-48e4-91e4-6da634cd1a92,19a503d9-0de9-42d4-965e-230c4772a949,away,0,0,0,3,440,9,0,0,0,0,1,0,6,3,5,GK,,,,,,,,true,,false,false
48aa1303-fd53-48e4-91e4-6da634cd1a92,2003feaa-1897-4a5a-8e1b-a4012896a3b1,home,3,1,3,0,590,8,1,3,11,0,2,0,11,0,0,LW,,,,,,,,true,,false,false
48aa1303-fd53-48e4-91e4-6da634cd1a92,3d0afe97-fd94-40db-ac93-d30c1ef08a7c,away,2,1,4,0,600,14,1,4,15,1,5,2,37,0,0,CM,,,,,,,,true,,false,false
48aa1303-fd53-48e4-91e4-6da634cd1a92,5aebb1a5-2ab6-44c9-a94c-824269f7d773,home,0,0,0,4,585,12,1,0,2,0,1,0,4,4,3,GK,,,,,,,,true,,false,false
48aa1303-fd53-48e4-91e4-6da634cd1a92,5c667d1e-4c6e-4677-ac07-31ebf653d184,home,4,1,8,0,840,14,2,6,8,0,2,0,18,0,0,RW,,,,,,,,true,,false,false
48aa1303-fd53-48e4-91e4-6da634cd1a92,6b37ad10-c1bc-4fb4-94ba-4a3b6acf55eb,away,0,0,1,0,195,11,0,1,7,1,4,0,21,0,0,LW,,,,,,,,true,,false,false
48aa1303-fd53-48e4-91e4-6da634cd1a92,9f00aa95-962f-40c7-a55a-318d7bd0e312,home,0,0,0,0,0,0,0,0,0,0,0,0,0,0,0,,,,,,,,,false,2,true,false
48aa1303-fd53-48e4-91e4-6da634cd1a92,b8435a12-e511-4969-bd98-f0d42a3786ba,away,0,0,0,0,310,8,0,0,11,3,5,1,15,0,0,LB,,,,,,,,true,,false,false
48aa1303-fd53-48e4-91e4-6da634cd1a92,b9801db9-e9ca-46d3-a349-9b5c5ab161ca,away,0,0,0,0,290,10,0,0,4,1,4,1,3,0,0,RB,,,,,,,,true,,false,false
48aa1303-fd53-48e4-91e4-6da634cd1a92,de48b9e4-239f-45e8-8d09-3bcb8c36d051,home,0,1,1,0,545,16,2,1,8,1,4,0,6,0,0,LB,,,,,,,,true,,false,false
48fa8117-647b-4337-928d-562279cd4e51,05b15568-4bb8-4b6e-93b0-5d41a269bb8f,home,0,0,0,0,295,13,0,0,9,0,4,1,12,0,0,RB,,,,,,,,true,,false,false
48fa8117-647b-4337-928d-562279cd4e51,51f3dbda-8258-44b1-8ee7-906bc14a2f56,away,2,1,3,0,705,14,1,2,22,0,8,1,29,0,0,CM,,,,,,,,true,,false,false
48fa8117-647b-4337-928d-562279cd4e51,65e478e9-920c-40ed-9247-cd6642b83f36,home,0,0,0,3,375,11,0,0,0,0,0,0,4,3,1,GK,,,,,,,,true,,false,false
48fa8117-647b-4337-928d-562279cd4e51,6adf6e5f-a0dd-4e91-be62-6ab6080c9b7f,away,1,0,1,0,380,12,1,1,10,1,2,0,13,0,0,RW,,,,,,,,true,,false,false
48fa8117-647b-4337-928d-562279cd4e51,7a2cc320-0a03-40ec-8882-002ba7ab6ce2,away,0,1,0,6,645,9,1,0,0,0,1,0,4,6,0,GK,,,,,,,,true,,false,false
48fa8117-647b-4337-928d-562279cd4e51,a6dbbd49-92c7-4e52-aa9b-3799e55a548e,home,0,1,2,0,475,21,1,2,12,2,1,0,27,0,0,CM,,,,,,,,true,,false,false
48fa8117-647b-4337-928d-562279cd4e51,ac239d69-983c-4784-ac0f-6139cd5b61f1,home,0,0,2,0,145,9,0,2,3,0,1,0,15,0,0,LW,,,,,,,,true,,false,false
48fa8117-647b-4337-928d-562279cd4e51,b75e01a3-7ddf-439c-99df-d6a1166accda,away,0,0,2,0,355,10,0,2,12,2,3,0,17,0,0,RB,,,,,,,,true,,false,false
48fa8117-647b-4337-928d-562279cd4e51,c3cc845e-64e3-4b46-9d8e-d67e416acb3b,home,2,0,3,0,590,15,0,3,18,0,7,0,26,0,0,RW,,,,,,,,true,,false,false
48fa8117-647b-4337-928d-562279cd4e51,f55bc845-38ae-463b-b682-54680aec2aeb,away,2,0,4,0,365,5,1,2,13,0,2,0,21,0,0,LW,,,,,,,,true,,false,false
48fa8117-647b-4337-928d-562279cd4e51,f81bcb96-24dd-4377-bb0c-062806417b9c,away,0,0,0,0,275,11,0,0,10,1,4,1,15,0,0,LB,,,,,,,,true,,false,false
48fa8117-647b-4337-928d-562279cd4e51,f8bd073c-178c-4cdc-a07d-8d69d894c647,home,0,0,0,0,450,14,1,0,13,2,6,2,17,0,0,LB,,,,,,,,true,,false,false
4a246baf-f042-4782-a363-70a446d3f3ef,094407eb-e583-47f9-8060-5160a7dfab50,away,3,1,7,0,1030,22,3,4,14,1,2,1,15,0,0,CM,,,,,,,,true,,false,false
4a246baf-f042-4782-a363-70a446d3f3ef,16035b5a-d273-4398-af43-dbb9f5fbd632,away,1,0,2,0,280,5,0,1,10,1,3,0,14,0,0,RB,,,,,,,,true,,false,false
4a246baf-f042-4782-a363-70a446d3f3ef,21008920-5626-4f22-ba9c-aa71203b027e,away,1,2,6,0,715,10,6,5,6,0,4,0,18,0,0,LW,,,,,,,,true,,false,false
4a246baf-f042-4782-a363-70a446d3f3ef,23ead12c-77ac-4e35-bc74-5f690af34010,home,0,0,0,0,620,18,1,0,13,4,5,3,12,0,0,LB,,,,,,,,true,,false,false
4a246baf-f042-4782-a363-70a446d3f3ef,275e8362-7767-4a8d-b923-5c9a17351908,away,0,0,0,0,355,8,0,0,20,0,6,3,23,0,0,LB,,,,,,,,true,,false,false
4a246baf-f042-4782-a363-70a446d3f3ef,2aa78263-64f9-47ab-af2d-522f7a0bcf5e,away,0,0,0,7,540,4,0,0,0,0,0,0,7,7,1,GK,,,,,,,,true,,false,false
4a246baf-f042-4782-a363-70a446d3f3ef,3557690c-79cf-4580-9dbe-91a153aaf171,away,0,2,3,0,565,14,3,3,8,0,6,0,20,0,0,RW,,,,,,,,true,,false,false
4a246baf-f042-4782-a363-70a446d3f3ef,3bb34974-24c9-4f3c-ba76-df9d9e5d6a0b,home,0,0,1,0,455,19,0,1,13,0,4,1,16,0,0,CM,,,,,,,,true,,false,false
4a246baf-f042-4782-a363-70a446d3f3ef,51cfaa55-2576-47ff-8902-ea91ad89ebcc,home,0,0,0,6,770,11,0,0,1,0,4,2,12,6,6,GK,,,,,,,,true,,false,false
4a246baf-f042-4782-a363-70a446d3f3ef,9179b765-a947-4582-ad2b-35a5882ea0c8,home,1,0,2,0,335,12,0,2,7,0,2,0,13,0,0,LW,,,,,,,,true,,false,false
4a246baf-f042-4782-a363-70a446d3f3ef,af552505-d4b3-4faa-8e94-600c79fbae20,home,2,1,7,0,560,13,1,6,9,1,1,0,32,0,0,RW,,,,,,,,true,,false,false
4a246baf-f042-4782-a363-70a446d3f3ef,b4b73326-af94-4abd-93d5-0fe537e63df1,home,0,1,1,0,405,13,2,1,8,0,3,1,14,0,0,RB,,,,,,,,true,,false,false
4a4b7303-6102-4b62-9d51-e882afce6842,05b15568-4bb8-4b6e-93b0-5d41a269bb8f,away,1,0,1,0,410,11,1,1,3,1,5,1,5,0,0,RB,,,,,,,,true,,false,false
4a4b7303-6102-4b62-9d51-e882afce6842,3ae0f2b9-08db-4594-86e1-81772e94fb0e,home,2,1,6,0,590,9,2,4,7,0,0,0,11,0,0,LW,,,,,,,,true,,false,false
4a4b7303-6102-4b62-9d51-e882afce6842,4db12a51-b358-488a-9c04-ee09cb88e69b,home,0,0,0,5,505,8,0,0,2,1,0,0,7,5,1,GK,,,,,,,,true,,false,false
4a4b7303-6102-4b62-9d51-e882afce6842,65e478e9-920c-40ed-9247-cd6642b83f36,away,0,0,0,4,465,8,0,0,0,0,3,2,5,4,0,GK,,,,,,,,true,,false,false
4a4b7303-6102-4b62-9d51-e882afce6842,7d522140-9b97-4111-ab0f-95aa1be11fdf,home,0,2,1,0,690,16,3,1,9,2,7,1,11,0,0,LB,,,,,,,,true,,false,false
4a4b7303-6102-4b62-9d51-e882afce6842,99380f31-55f5-4e9e-88ef-12763487cbb3,home,1,4,3,0,860,14,6,1,20,2,2,0,27,0,0,CM,,,,,,,,true,,false,false
4a4b7303-6102-4b62-9d51-e882afce6842,a03d311f-fc81-43c5-9161-1fd5649780c2,home,0,0,1,0,400,17,1,0,14,0,1,0,13,0,0,RB,,,,,,,,true,,false,false
4a4b7303-6102-4b62-9d51-e882afce6842,a6dbbd49-92c7-4e52-aa9b-3799e55a548e,away,1,1,5,0,760,22,1,3,18,1,3,1,27,0,0,CM,,,,,,,,true,,false,false
4a4b7303-6102-4b62-9d51-e882afce6842,ab48c36d-a7de-4ef3-bf0a-be7a8c40a091,away,2,1,8,0,730,19,2,6,9,0,2,0,28,0,0,LW,,,,,,,,true,,false,false
4a4b7303-6102-4b62-9d51-e882afce6842,c3cc845e-64e3-4b46-9d8e-d67e416acb3b,away,1,2,1,0,560,16,4,1,9,0,1,0,15,0,0,RW,,,,,,,,true,,false,false
4a4b7303-6102-4b62-9d51-e882afce6842,db29b279-55c3-4841-91f6-8a5f9c7bcdc4,home,5,0,7,0,945,15,3,6,8,0,5,1,15,0,0,RW,,,,,,,,true,,false,false
4a4b7303-6102-4b62-9d51-e882afce6842,f8bd073c-178c-4cdc-a07d-8d69d894c647,away,0,0,0,0,0,0,0,0,0,0,0,0,0,0,0,Sub 1,,,,,,,,false,1,true,false
4a4b7303-6102-4b62-9d51-e882afce6842,ff7bd7a0-2bf1-4fd8-8a85-3e3eabe17c4e,away,0,0,0,0,310,11,0,0,9,1,2,1,7,0,0,LB,,,,,,,,true,,false,false
4c36e170-64b6-4003-b4e7-a226823d7255,2000e422-67b4-4331-b13c-235b87c5f18d,away,0,1,0,0,445,23,3,0,9,1,2,1,25,0,0,CM,,,,,,,,true,,false,false
4c36e170-64b6-4003-b4e7-a226823d7255,5eee5035-5f13-495b-8b2e-145c235d860a,away,0,0,1,0,150,6,0,1,9,0,1,0,14,0,0,RW,,,,,,,,true,,false,false
4c36e170-64b6-4003-b4e7-a226823d7255,6763dad4-5c07-4f42-abe2-58f6f09e4af0,home,1,0,2,0,260,7,1,1,6,0,1,0,10,0,0,RW,,,,,,,,true,,false,false
4c36e170-64b6-4003-b4e7-a226823d7255,827a57e6-345c-4019-8e06-5e31845cf8ef,away,2,0,5,0,465,17,0,2,7,0,4,0,23,0,0,LW,,,,,,,,true,,false,false
4c36e170-64b6-4003-b4e7-a226823d7255,865c7086-2d02-48dd-8ea3-8d1b45ef2cfb,away,0,0,0,6,655,9,0,0,0,0,3,0,5,6,3,GK,,,,,,,,true,,false,false
4c36e170-64b6-4003-b4e7-a226823d7255,8938e670-d21b-41eb-bcbf-db25ef7a6e6f,home,1,1,3,0,800,15,3,2,18,5,4,0,19,0,0,RB,,,,,,,,true,,false,false
4c36e170-64b6-4003-b4e7-a226823d7255,97c0be85-49b4-48bc-a162-40cbb24c2d30,away,0,0,1,0,530,19,1,0,12,2,2,1,9,0,0,LB,,,,,,,,true,,false,false
4c36e170-64b6-4003-b4e7-a226823d7255,adab89d9-3725-4e2c-9e05-d968297ae2f8,home,0,0,0,0,300,8,0,0,10,3,3,0,9,0,0,LB,,,,,,,,true,,false,false
4c36e170-64b6-4003-b4e7-a226823d7255,b1c9d678-21e9-40ef-832d-a1607170baa8,home,2,0,4,0,680,15,2,3,11,3,5,1,21,0,0,GK,,,,,,,,true,,false,false
4c36e170-64b6-4003-b4e7-a226823d7255,bf66b0b2-db55-4313-bcb2-1ad69567f6da,home,1,2,6,0,640,9,3,4,8,1,3,0,18,0,0,LW,,,,,,,,true,,false,false
4c36e170-64b6-4003-b4e7-a226823d7255,c337388c-ea44-4078-8efa-3b3d0f0bc013,away,0,0,2,0,215,6,0,1,8,0,6,2,21,0,0,RB,,,,,,,,true,,false,false
4c36e170-64b6-4003-b4e7-a226823d7255,d1ad216c-0bbb-4d7a-aabd-cdb52cb3d808,home,0,0,0,0,0,0,0,0,0,0,0,0,0,0,0,Sub 1,,,,,,,,false,1,true,false
4c36e170-64b6-4003-b4e7-a226823d7255,f6a4dff0-c1fc-497c-8cf5-0889361418ee,home,0,0,1,4,545,10,0,1,0,0,5,3,13,4,1,CM,,,,,,,,true,,false,false
4ce1d722-5385-483b-b0d0-871333b0576d,01ece89d-d51d-436a-bb31-503f0743d6d3,home,0,0,0,8,650,5,0,0,0,0,2,0,8,8,1,GK,,,,,,,,true,,false,false
4ce1d722-5385-483b-b0d0-871333b0576d,0d100302-039c-488b-bf0c-1347f76879f5,home,0,0,0,0,170,4,0,0,6,1,4,1,9,0,0,LB,,,,,,,,true,,false,false
4ce1d722-5385-483b-b0d0-871333b0576d,142a5453-eab4-4527-8d47-ded3dbadcce3,away,0,1,1,0,805,28,4,1,15,1,5,0,15,0,0,CM,,,,,,,,true,,false,false
4ce1d722-5385-483b-b0d0-871333b0576d,17b7048c-b910-4f56-a64a-d398221dd63a,home,0,1,1,0,420,9,1,1,27,1,5,1,38,0,0,LW,,,,,,,,true,,false,false
4ce1d722-5385-483b-b0d0-871333b0576d,227babbe-6fea-43f5-b595-e567b074634b,home,0,0,0,0,0,0,0,0,0,0,0,0,0,0,0,Sub 1,,,,,,,,false,1,true,false
4ce1d722-5385-483b-b0d0-871333b0576d,22a00cf1-055e-4934-b2a5-f7ba709509c7,home,2,0,2,0,320,6,0,2,14,1,1,0,22,0,0,RW,,,,,,,,true,,false,false
4ce1d722-5385-483b-b0d0-871333b0576d,2df70d98-1fcc-4f56-932b-c1aa91c197aa,away,0,0,0,0,0,0,0,0,0,0,0,0,0,0,0,Sub 2,,,,,,,,false,2,true,false
4ce1d722-5385-483b-b0d0-871333b0576d,33460ef6-9496-447d-b805-93ee54267e19,away,0,1,2,0,650,21,2,1,11,0,7,2,17,0,0,RB,,,,,,,,true,,false,false
4ce1d722-5385-483b-b0d0-871333b0576d,59f47cc9-4c4a-4cd7-89a2-9af74d276af8,away,2,1,5,0,680,18,1,3,13,0,4,0,23,0,0,LW,,,,,,,,true,,false,false
4ce1d722-5385-483b-b0d0-871333b0576d,6763dad4-5c07-4f42-abe2-58f6f09e4af0,away,0,0,0,0,0,0,0,0,0,0,0,0,0,0,0,Sub 1,,,,,,,,false,1,true,false
4ce1d722-5385-483b-b0d0-871333b0576d,7d309808-fb3f-4a9c-94fc-b851290b13de,home,0,0,5,0,325,4,0,3,10,1,4,0,17,0,0,CM,,,,,,,,true,,false,false
4ce1d722-5385-483b-b0d0-871333b0576d,93ad0ca5-4c0e-4c96-9ea0-d2a85f51926e,away,0,0,1,0,525,28,0,0,10,0,8,0,19,0,0,LB,,,,,,,,true,,false,false
4ce1d722-5385-483b-b0d0-871333b0576d,ab8294c2-f185-4d63-8cb9-cedca35a65f7,home,1,0,1,0,340,5,0,1,11,3,2,1,13,0,0,RB,,,,,,,,true,,false,false
4ce1d722-5385-483b-b0d0-871333b0576d,d6cd012d-9b01-4e94-b346-351865411162,away,1,1,1,0,340,8,2,1,7,1,0,0,12,0,0,RW,,,,,,,,true,,false,false
4ce1d722-5385-483b-b0d0-871333b0576d,e832ed13-1bbd-4057-bdcf-51dceba99a0a,away,0,0,0,3,385,8,0,0,0,0,2,1,4,3,1,GK,,,,,,,,true,,false,false
4d0b217d-5ee7-43cd-b2c8-c1828a2cde9f,1c7e1afb-48d5-4a56-abe2-239960d81e04,home,2,0,5,0,650,13,0,4,19,0,7,2,31,0,0,CM,,,,,,,,true,,false,false
4d0b217d-5ee7-43cd-b2c8-c1828a2cde9f,1f191cd8-e475-4e39-aa4c-4eed8c0cfb33,away,2,0,8,0,650,13,0,6,9,0,2,0,16,0,0,RW,,,,,,,,true,,false,false
4d0b217d-5ee7-43cd-b2c8-c1828a2cde9f,2f11361d-ac47-4b50-be6c-37ad3e1747b2,away,0,0,0,5,665,18,1,0,0,0,4,0,14,5,3,GK,,,,,,,,true,,false,false
4d0b217d-5ee7-43cd-b2c8-c1828a2cde9f,3026383c-4582-4341-8c2e-882b11b2c457,home,0,0,0,0,0,0,0,0,0,0,0,0,0,0,0,Sub 2,,,,,,,,false,2,true,false
4d0b217d-5ee7-43cd-b2c8-c1828a2cde9f,374198d0-b3d9-42b9-81e8-e76e0deed5fc,home,0,0,0,9,720,6,0,0,0,0,4,2,23,9,3,GK,,,,,,,,true,,false,false
4d0b217d-5ee7-43cd-b2c8-c1828a2cde9f,43df9127-bb7a-4b5c-826f-9f3941fcdd9f,home,1,0,1,0,125,3,0,1,0,0,0,0,2,0,0,RW,,,,,,,,true,,false,false
4d0b217d-5ee7-43cd-b2c8-c1828a2cde9f,455808e1-206b-4100-8a72-19aa622d3c43,home,0,1,1,0,290,8,1,1,10,1,4,0,20,0,0,LW,,,,,,,,true,,false,false
4d0b217d-5ee7-43cd-b2c8-c1828a2cde9f,719f5a24-85fc-4016-9138-0a84fdcf1ce9,home,0,0,1,0,350,8,0,1,12,2,3,1,12,0,0,LB,,,,,,,,true,,false,false
4d0b217d-5ee7-43cd-b2c8-c1828a2cde9f,80543e79-317b-4c83-b059-d50095730625,away,0,1,0,0,440,11,2,0,15,2,4,0,17,0,0,LB,,,,,,,,true,,false,false
4d0b217d-5ee7-43cd-b2c8-c1828a2cde9f,b51753bc-1a25-4857-b261-605a686e7ae7,away,1,0,3,0,465,10,0,3,11,2,5,1,20,0,0,CM,,,,,,,,true,,false,false
4d0b217d-5ee7-43cd-b2c8-c1828a2cde9f,b690b11e-d45e-4aff-aef4-a1390764758c,away,0,0,0,0,0,0,0,0,0,0,0,0,0,0,0,Sub 1,,,,,,,,false,1,true,false
4d0b217d-5ee7-43cd-b2c8-c1828a2cde9f,db1344db-c3b4-447e-94a9-32572dfac1b6,away,0,0,0,0,440,14,0,0,10,2,7,1,10,0,0,RB,,,,,,,,true,,false,false
4d0b217d-5ee7-43cd-b2c8-c1828a2cde9f,e3c8c19a-1b7b-44df-9724-a9ba90dbb7af,away,0,2,4,0,700,18,4,3,10,0,6,1,23,0,0,LW,,,,,,,,true,,false,false
4d0b217d-5ee7-43cd-b2c8-c1828a2cde9f,eff36500-ba7b-409c-892f-be694d5e1b98,home,1,1,2,0,655,16,1,2,7,1,7,1,8,0,0,RB,,,,,,,,true,,false,false
4ee38ebb-a3e5-4bd0-bc0e-7cc91d7d20a2,0dd49f0b-f99d-4b20-8f47-8c6b62139b98,away,0,0,0,0,135,3,0,0,9,1,3,1,14,0,0,LB,,,,,,,,true,,false,false
4ee38ebb-a3e5-4bd0-bc0e-7cc91d7d20a2,4b3e69ba-0f3e-4c3e-a791-63c6de1a6eda,away,0,1,0,0,425,11,2,0,10,2,4,0,11,0,0,RW,,,,,,,,true,,false,false
4ee38ebb-a3e5-4bd0-bc0e-7cc91d7d20a2,6006e119-0315-48fa-a960-99688e274550,away,2,0,2,0,655,14,1,2,10,2,9,3,19,0,0,CM,,,,,,,,true,,false,false
4ee38ebb-a3e5-4bd0-bc0e-7cc91d7d20a2,8e6af089-fdd5-4ab3-854a-677599513198,home,1,0,5,0,710,15,1,4,11,2,9,1,19,0,0,CM,,,,,,,,true,,false,false
4ee38ebb-a3e5-4bd0-bc0e-7cc91d7d20a2,94a80472-3333-4903-bacb-a840ece6c816,home,0,0,0,0,60,8,0,0,4,0,0,0,12,0,0,GK,,,,,,,,true,,false,false
4ee38ebb-a3e5-4bd0-bc0e-7cc91d7d20a2,9b662727-19aa-4f5d-8459-696c178c498e,home,0,0,0,0,155,6,1,0,0,0,3,1,3,0,0,RW,,,,,,,,true,,false,false
4ee38ebb-a3e5-4bd0-bc0e-7cc91d7d20a2,b3a498f0-d632-4d47-9794-eb67f6c40a74,away,2,0,2,0,265,4,0,2,6,1,2,0,14,0,0,LW,,,,,,,,true,,false,false
4ee38ebb-a3e5-4bd0-bc0e-7cc91d7d20a2,be25796e-cbbd-4f0f-804f-be89344383c8,away,0,1,1,0,275,6,1,0,9,1,3,0,13,0,0,RB,,,,,,,,true,,false,false
4ee38ebb-a3e5-4bd0-bc0e-7cc91d7d20a2,e832ed13-1bbd-4057-bdcf-51dceba99a0a,away,0,0,0,6,610,9,0,0,0,0,0,0,5,6,3,GK,,,,,,,,true,,false,false
4ee38ebb-a3e5-4bd0-bc0e-7cc91d7d20a2,f503bb9e-7264-4a3b-8b81-5035f1ef8188,home,0,0,2,0,490,17,0,1,7,1,3,1,4,0,0,LB,,,,,,,,true,,false,false
52c781cc-1728-48fa-bff3-0a68ecc24bcc,16be98a3-38b7-43cb-a21f-818d25515684,home,1,0,1,0,310,11,0,1,3,1,3,0,7,0,0,Sub 1,,,,,,,,false,1,false,false
52c781cc-1728-48fa-bff3-0a68ecc24bcc,18705b90-e5c8-4cc2-98fb-902cb958d376,home,2,3,6,0,895,13,4,5,9,1,3,0,16,0,0,LW,,,,,,,,true,,false,false
52c781cc-1728-48fa-bff3-0a68ecc24bcc,2b288bb1-8f2c-472c-85f6-1163b2a378f8,home,1,1,3,0,700,17,4,2,16,0,6,0,22,0,0,RB,,,,,,,,true,,false,false
52c781cc-1728-48fa-bff3-0a68ecc24bcc,2cf2ae7b-1f0d-44fa-b8c0-c7a343159e66,away,0,0,0,0,1090,0,0,0,0,0,0,0,0,0,0,GK,,,,,,,,true,,false,true
52c781cc-1728-48fa-bff3-0a68ecc24bcc,33da5ff2-7f7a-4007-8497-8f563951c77d,home,3,1,7,0,960,23,3,6,6,1,4,0,17,0,0,CM,,,,,,,,true,,false,false
52c781cc-1728-48fa-bff3-0a68ecc24bcc,7593f03f-2200-45ae-9a01-fd8019c47470,home,0,0,1,0,175,3,0,1,4,1,2,1,6,0,0,LB,,,,,,,,true,,false,false
52c781cc-1728-48fa-bff3-0a68ecc24bcc,7d522140-9b97-4111-ab0f-95aa1be11fdf,away,0,0,0,0,570,0,0,0,0,0,0,0,0,0,0,LB,,,,,,,,true,,false,true
52c781cc-1728-48fa-bff3-0a68ecc24bcc,942c88aa-c32c-4f4a-8ae2-ac0c8fda6cb7,home,1,3,7,0,910,16,5,5,10,0,3,0,18,0,0,RW,,,,,,,,true,,false,false
52c781cc-1728-48fa-bff3-0a68ecc24bcc,99380f31-55f5-4e9e-88ef-12763487cbb3,away,0,0,0,0,470,0,0,0,0,0,0,0,0,0,0,CM,,,,,,,,true,,false,true
52c781cc-1728-48fa-bff3-0a68ecc24bcc,db29b279-55c3-4841-91f6-8a5f9c7bcdc4,away,0,0,0,0,235,0,0,0,0,0,0,0,0,0,0,LW,,,,,,,,true,,false,true
52c781cc-1728-48fa-bff3-0a68ecc24bcc,f097b613-dba4-4dfb-b6ee-733a9a2ba61a,home,0,0,0,2,495,9,1,0,0,0,3,3,1,2,3,GK,,,,,,,,true,,false,false
53440b8a-b194-4490-a116-ee336c7da99d,4233b6f0-6c2d-47e3-929b-e1ed51e0df86,home,0,0,0,0,530,14,0,0,24,5,5,2,29,0,0,LW,,,,,,,,true,,false,false
53440b8a-b194-4490-a116-ee336c7da99d,51f3dbda-8258-44b1-8ee7-906bc14a2f56,away,3,1,5,0,880,23,2,4,15,1,6,0,29,0,0,CM,,,,,,,,true,,false,false
53440b8a-b194-4490-a116-ee336c7da99d,5bae39d4-413b-4ba4-96fd-be6e36a51fec,away,2,1,3,0,450,10,1,2,13,0,1,0,22,0,0,RW,,,,,,,,true,,false,false
53440b8a-b194-4490-a116-ee336c7da99d,6adf6e5f-a0dd-4e91-be62-6ab6080c9b7f,away,0,0,0,0,485,19,2,0,11,0,9,0,15,0,0,LB,,,,,,,,true,,false,false
53440b8a-b194-4490-a116-ee336c7da99d,7e5502a7-6938-427e-9edd-e08064b11735,away,4,3,5,0,1105,19,4,4,19,0,4,0,23,0,0,LW,,,,,,,,true,,false,false
53440b8a-b194-4490-a116-ee336c7da99d,8e59c7a3-0343-4c4f-b9aa-a387deb9ba0c,home,0,0,0,0,320,7,1,0,20,5,1,0,25,0,0,LB,,,,,,,,true,,false,false
53440b8a-b194-4490-a116-ee336c7da99d,b33bfc14-2138-4b64-9904-b373109a7231,home,0,0,0,0,280,9,0,0,7,1,5,2,11,0,0,RB,,,,,,,,true,,false,false
53440b8a-b194-4490-a116-ee336c7da99d,d1ad216c-0bbb-4d7a-aabd-cdb52cb3d808,away,0,1,0,1,505,21,1,0,5,0,1,0,6,1,0,RB,,,,,,,,true,,false,false
53440b8a-b194-4490-a116-ee336c7da99d,ec291dd8-90c4-4dcb-b2c6-9d7fd7890c01,home,2,0,5,0,415,7,0,4,8,1,2,0,19,0,0,RW,,,,,,,,true,,false,false
53440b8a-b194-4490-a116-ee336c7da99d,f26aa9f9-6d09-4040-baa1-669858f45bef,home,0,0,0,0,15,0,0,0,3,0,0,0,3,0,0,CM,,,,,,,,true,,false,false
53440b8a-b194-4490-a116-ee336c7da99d,f5632ac5-d549-4221-a374-2a52bed2c5cb,home,0,0,0,4,435,6,0,0,0,0,3,3,10,4,1,GK,,,,,,,,true,,false,false
53440b8a-b194-4490-a116-ee336c7da99d,f81bcb96-24dd-4377-bb0c-062806417b9c,away,0,0,0,2,335,10,0,0,0,0,2,0,2,2,1,GK,,,,,,,,true,,false,false
53665c2e-f512-4c7d-892a-31f04549ce79,0dd49f0b-f99d-4b20-8f47-8c6b62139b98,home,0,0,0,0,160,6,0,0,6,2,0,0,7,0,0,Sub 3,,,,,,,,false,3,false,false
53665c2e-f512-4c7d-892a-31f04549ce79,1c7e1afb-48d5-4a56-abe2-239960d81e04,away,1,0,6,0,855,16,0,6,23,2,12,0,31,0,0,CM,,,,,,,,true,,false,false
53665c2e-f512-4c7d-892a-31f04549ce79,3026383c-4582-4341-8c2e-882b11b2c457,away,0,0,0,0,0,0,0,0,0,0,0,0,0,0,0,Sub 2,,,,,,,,false,2,true,false
53665c2e-f512-4c7d-892a-31f04549ce79,374198d0-b3d9-42b9-81e8-e76e0deed5fc,away,0,0,0,0,360,9,0,0,0,0,2,1,13,4,0,Sub 1,,,,,,,,false,1,false,false
53665c2e-f512-4c7d-892a-31f04549ce79,49a40d7b-26c8-46bd-98e1-e77621af162a,away,0,0,0,0,325,12,0,0,7,1,7,0,9,0,0,LB,,,,,,,,true,,false,false
53665c2e-f512-4c7d-892a-31f04549ce79,54a39c86-4cfe-47cb-ab1a-52f46cbf2437,away,0,0,0,0,230,8,0,0,7,1,4,0,8,0,0,RB,,,,,,,,true,,false,false
53665c2e-f512-4c7d-892a-31f04549ce79,6006e119-0315-48fa-a960-99688e274550,home,2,0,3,0,425,15,0,2,13,0,6,0,31,0,0,CM,,,,,,,,true,,false,false
53665c2e-f512-4c7d-892a-31f04549ce79,790cd3b0-f9ef-4591-8529-4fd2ef273cfb,home,0,0,0,0,895,9,0,0,0,0,1,0,13,10,5,GK,,,,,,,,true,,false,false
53665c2e-f512-4c7d-892a-31f04549ce79,7fdc1818-62de-438f-a6f6-626f5788326b,away,2,0,4,0,380,7,1,3,10,0,3,0,22,0,0,RW,,,,,,,,true,,false,false
53665c2e-f512-4c7d-892a-31f04549ce79,8ee6711b-919f-4762-bd96-41fba5138bec,away,0,0,7,0,560,12,0,6,13,0,6,0,23,0,0,LW,,,,,,,,true,,false,false
53665c2e-f512-4c7d-892a-31f04549ce79,b1c4eb92-e9ac-4581-9ee8-9ac8baf7ecd6,home,0,0,1,0,200,9,1,1,9,0,3,0,19,0,0,RW,,,,,,,,true,,false,false
53665c2e-f512-4c7d-892a-31f04549ce79,b3a498f0-d632-4d47-9794-eb67f6c40a74,home,0,0,1,0,115,4,0,1,3,0,2,0,7,0,0,LW,,,,,,,,true,,false,false
53665c2e-f512-4c7d-892a-31f04549ce79,bdc97355-04f9-4e4e-8311-ff0cc4ac503e,away,0,0,0,0,0,0,0,0,0,0,0,0,0,0,0,GK,,,,,,,,true,,false,false
53665c2e-f512-4c7d-892a-31f04549ce79,be25796e-cbbd-4f0f-804f-be89344383c8,home,0,0,1,0,600,19,0,1,11,4,6,2,14,0,0,RB,,,,,,,,true,,false,false
53665c2e-f512-4c7d-892a-31f04549ce79,d056431b-35f3-4e15-955a-0a25a981b624,home,0,0,0,0,0,0,0,0,0,0,0,0,0,0,0,Sub 2,,,,,,,,false,2,true,false
53665c2e-f512-4c7d-892a-31f04549ce79,f435d852-f1f3-4b9b-b15e-468149e439a4,home,0,1,1,0,645,16,2,1,11,2,8,4,19,0,0,LB,,,,,,,,true,,false,false
58830249-c2d6-4e90-a451-d63b21955bae,2ac4ccc7-723b-42fd-bc24-40c74823387a,home,2,0,6,0,515,11,1,5,13,0,3,0,29,0,0,LW,,,,,,,,true,,false,false
58830249-c2d6-4e90-a451-d63b21955bae,2f12cb6f-1c56-4aa4-a593-07403bcf3429,home,0,0,0,1,100,3,0,0,0,0,2,0,5,1,0,GK,,,,,,,,true,,false,false
58830249-c2d6-4e90-a451-d63b21955bae,41d61a44-4b97-4833-a173-b16ac925e267,away,3,3,4,0,860,16,3,4,2,1,4,0,10,0,0,LW,,,,,,,,true,,false,false
58830249-c2d6-4e90-a451-d63b21955bae,43936899-2247-4113-9f54-c1d2123c75a2,home,0,0,0,0,0,0,0,0,0,0,0,0,0,0,0,Sub 1,,,,,,,,false,1,true,false
58830249-c2d6-4e90-a451-d63b21955bae,59f0a37c-49ea-43d1-88b8-32bde1f42136,away,1,1,1,0,385,11,2,1,14,0,2,0,23,0,0,RW,,,,,,,,true,,false,false
58830249-c2d6-4e90-a451-d63b21955bae,7c42e1a2-b750-4d00-a214-26225d726f8f,away,0,0,0,0,275,9,2,0,2,1,2,1,2,0,0,RB,,,,,,,,true,,false,false
58830249-c2d6-4e90-a451-d63b21955bae,9acc63cc-08a0-4fa2-95ef-f7fc6a11306a,away,5,2,5,0,1130,18,4,5,15,2,3,0,18,0,0,CM,,,,,,,,true,,false,false
58830249-c2d6-4e90-a451-d63b21955bae,9bb8426f-d9fb-4ccb-a9e5-9bf4f49b5bca,away,0,0,1,7,620,5,0,0,0,0,0,0,8,7,3,GK,,,,,,,,true,,false,false
58830249-c2d6-4e90-a451-d63b21955bae,a374d177-0be0-415d-97f2-7e29ec1b5cab,home,0,0,1,0,425,12,1,1,7,3,4,0,7,0,0,RB,,,,,,,,true,,false,false
58830249-c2d6-4e90-a451-d63b21955bae,bf2c1bbf-a8e3-4beb-b1c1-edf70ceb9fc5,home,1,0,3,0,655,20,2,3,6,3,4,2,17,0,0,CM,,,,,,,,true,,false,false
58830249-c2d6-4e90-a451-d63b21955bae,d1ad216c-0bbb-4d7a-aabd-cdb52cb3d808,away,0,1,0,0,430,12,2,0,5,2,4,1,7,0,0,LB,,,,,,,,true,,false,false
58830249-c2d6-4e90-a451-d63b21955bae,ea96470c-88aa-4490-ab37-ec86e25f6c7a,home,0,2,0,0,510,14,2,0,7,2,2,1,8,0,0,LB,,,,,,,,true,,false,false
58d9a6c3-e710-4da2-8f03-e19990b4b43e,00d95f21-b5ea-41c4-8871-8d8530c5b9f3,away,2,0,5,0,525,13,0,4,7,1,2,1,18,0,0,LW,,,,,,,,true,,false,false
58d9a6c3-e710-4da2-8f03-e19990b4b43e,0e8fc023-d83d-4463-9706-3b8a5b9cb97d,away,0,0,0,10,935,8,0,0,3,1,2,1,16,10,4,GK,,,,,,,,true,,false,false
58d9a6c3-e710-4da2-8f03-e19990b4b43e,16be98a3-38b7-43cb-a21f-818d25515684,home,0,0,0,3,515,12,1,0,0,0,4,2,5,3,1,GK,,,,,,,,true,,false,false
58d9a6c3-e710-4da2-8f03-e19990b4b43e,2df70d98-1fcc-4f56-932b-c1aa91c197aa,home,1,2,3,0,650,13,3,2,4,1,6,0,9,0,0,LB,,,,,,,,true,,false,false
58d9a6c3-e710-4da2-8f03-e19990b4b43e,33da5ff2-7f7a-4007-8497-8f563951c77d,home,14,3,22,0,2275,16,5,18,8,0,4,0,15,0,0,RW,,,,,,,,true,,false,false
58d9a6c3-e710-4da2-8f03-e19990b4b43e,7593f03f-2200-45ae-9a01-fd8019c47470,home,0,0,3,0,415,11,3,3,3,0,6,0,11,0,0,RB,,,,,,,,true,,false,false
58d9a6c3-e710-4da2-8f03-e19990b4b43e,942c88aa-c32c-4f4a-8ae2-ac0c8fda6cb7,home,5,8,9,0,2175,29,11,8,25,0,7,1,22,0,1,CM,,,,,,,,true,,false,false
58d9a6c3-e710-4da2-8f03-e19990b4b43e,d44e31a5-7773-47e2-93f3-a76abb4e7666,away,2,0,2,4,760,5,0,2,22,2,5,3,37,4,1,LB,,,,,,,,true,,false,false
58d9a6c3-e710-4da2-8f03-e19990b4b43e,db1344db-c3b4-447e-94a9-32572dfac1b6,away,1,1,1,0,510,5,1,1,7,4,4,3,9,0,0,RB,,,,,,,,true,,false,false
58d9a6c3-e710-4da2-8f03-e19990b4b43e,e3c8c19a-1b7b-44df-9724-a9ba90dbb7af,away,0,1,1,0,305,17,1,1,4,0,3,0,19,0,0,RW,,,,,,,,true,,false,false
58d9a6c3-e710-4da2-8f03-e19990b4b43e,f097b613-dba4-4dfb-b6ee-733a9a2ba61a,home,1,0,1,0,60,0,0,1,1,0,1,0,7,0,0,LW,,,,,,,,true,,false,false
5a096ce6-9b72-4baa-b6e6-ea18ea4fd54a,1d892e60-2c3b-4939-98eb-5974a29d7959,away,3,0,5,0,665,12,0,4,21,0,5,0,28,0,0,RW,,,,,,,,true,,false,false
5a096ce6-9b72-4baa-b6e6-ea18ea4fd54a,278c08a8-f3d7-4e8a-a689-4f709d23a10b,home,0,0,3,0,495,17,1,3,18,3,6,0,37,0,0,CM,,,,,,,,true,,false,false
5a096ce6-9b72-4baa-b6e6-ea18ea4fd54a,2df6118a-d3a1-4ade-a47a-24df97b599ac,away,0,0,0,3,270,7,0,0,0,0,1,0,15,3,3,GK,,,,,,,,true,,false,false
5a096ce6-9b72-4baa-b6e6-ea18ea4fd54a,4233b6f0-6c2d-47e3-929b-e1ed51e0df86,home,4,0,6,0,735,16,0,5,12,0,0,0,16,0,0,LW,,,,,,,,true,,false,false
5a096ce6-9b72-4baa-b6e6-ea18ea4fd54a,4bc91dfc-5b1a-46d9-8bcc-c7acd0f53b7d,away,0,1,2,0,440,11,1,2,9,0,5,0,12,0,0,LB,,,,,,,,true,,false,false
5a096ce6-9b72-4baa-b6e6-ea18ea4fd54a,740d81e1-0648-4d09-9ede-fbc0f57a570f,home,0,0,0,13,1020,6,0,0,0,0,1,0,11,13,2,GK,,,,,,,,true,,false,false
5a096ce6-9b72-4baa-b6e6-ea18ea4fd54a,754c6a3f-be8b-4eac-bb05-a7a035b130b5,home,0,0,0,0,270,10,0,0,14,1,3,0,16,0,0,RB,,,,,,,,true,,false,false
5a096ce6-9b72-4baa-b6e6-ea18ea4fd54a,75bb0f59-1470-4a81-9b17-40345dc2c488,away,2,1,8,0,860,15,2,7,14,0,4,0,22,0,0,LW,,,,,,,,true,,false,false
5a096ce6-9b72-4baa-b6e6-ea18ea4fd54a,a9ebcabf-aa44-4adb-a892-11e5d4b55be6,home,0,0,0,0,405,14,0,0,25,2,4,0,29,0,0,LB,,,,,,,,true,,false,false
5a096ce6-9b72-4baa-b6e6-ea18ea4fd54a,bdf9dc41-0c47-4588-a95c-4c701ff0d64e,away,0,0,0,0,250,8,1,0,6,1,4,0,7,0,0,RB,,,,,,,,true,,false,false
5a096ce6-9b72-4baa-b6e6-ea18ea4fd54a,dcd3dd2d-8842-4645-b995-4f2a22b9dfea,away,2,1,5,0,860,17,2,4,25,1,6,0,32,0,0,CM,,,,,,,,true,,false,false
5a096ce6-9b72-4baa-b6e6-ea18ea4fd54a,ee99c914-8bb8-4b2e-a1eb-225ed2ee6a13,home,0,1,0,0,195,4,1,0,9,0,1,0,10,0,0,RW,,,,,,,,true,,false,false
5a096ce6-9b72-4baa-b6e6-ea18ea4fd54a,fa4bba90-e9b0-435c-bda8-fe6bfcc23d99,away,0,0,0,0,0,0,0,0,0,0,0,0,0,0,0,LM,,,,,,,,false,1,true,false
5a8dac91-2e6b-46be-a398-e48402343a94,0570d1ed-7ffc-416d-8fae-caa701f920e3,home,0,0,1,0,320,4,0,1,10,6,2,0,12,0,0,RB,,,,,,,,true,,false,false
5a8dac91-2e6b-46be-a398-e48402343a94,13d262ff-7af4-417b-88d1-3818693781ad,away,0,0,0,0,25,1,0,0,2,1,1,0,6,0,0,Sub 1,,,,,,,,false,1,false,false
5a8dac91-2e6b-46be-a398-e48402343a94,23ead12c-77ac-4e35-bc74-5f690af34010,home,0,1,1,0,700,21,1,0,10,4,8,1,12,0,0,LB,,,,,,,,true,,false,false
5a8dac91-2e6b-46be-a398-e48402343a94,3135f05c-09ba-4d3e-aa97-f433001eca33,away,0,0,0,0,215,10,0,0,6,1,2,0,8,0,0,RB,,,,,,,,true,,false,false
5a8dac91-2e6b-46be-a398-e48402343a94,3dcd7592-94ca-4eee-81b4-1405e50406d9,home,0,1,3,0,450,19,1,3,6,0,4,0,22,0,0,LW,,,,,,,,true,,false,false
5a8dac91-2e6b-46be-a398-e48402343a94,70d61877-2c58-4630-bec4-5175ebece3bf,home,0,0,0,8,720,8,1,0,0,0,0,0,5,8,1,GK,,,,,,,,true,,false,false
5a8dac91-2e6b-46be-a398-e48402343a94,7c811d9b-f926-4ccd-a62f-3323ce07002f,away,0,0,0,6,715,13,0,0,0,0,2,2,6,6,2,GK,,,,,,,,true,,false,false
5a8dac91-2e6b-46be-a398-e48402343a94,93eab822-843e-4350-bb44-e331a423571d,away,2,2,8,0,1010,19,3,6,11,1,4,0,17,0,0,CM,,,,,,,,true,,false,false
5a8dac91-2e6b-46be-a398-e48402343a94,c09d080a-af97-43e9-861c-367ee120e3f4,home,2,0,2,0,555,11,1,2,11,4,3,1,17,0,0,CM,,,,,,,,true,,false,false
5a8dac91-2e6b-46be-a398-e48402343a94,cfd4522f-90d3-4a23-a7e6-81b061c6cb7e,away,4,0,7,0,850,22,1,6,10,0,2,0,21,0,0,LW,,,,,,,,true,,false,false
5a8dac91-2e6b-46be-a398-e48402343a94,cffce0e1-86ca-48bb-860d-f6b468ddbcc2,away,3,5,6,0,1255,18,6,6,14,1,4,0,21,0,0,RW,,,,,,,,true,,false,false
5a8dac91-2e6b-46be-a398-e48402343a94,d6f23bc8-244a-46d3-9929-5ecab99b175d,home,1,0,4,0,340,9,1,4,8,0,2,0,22,0,0,RW,,,,,,,,true,,false,false
5a8dac91-2e6b-46be-a398-e48402343a94,d866f609-fb9f-4f45-b296-c6d2852a3dfa,away,0,1,0,0,565,19,2,0,8,1,5,0,5,0,0,LB,,,,,,,,true,,false,false
5bb476eb-1beb-4617-9232-0441817b1d5d,2df70d98-1fcc-4f56-932b-c1aa91c197aa,home,0,0,0,0,0,0,0,0,0,0,0,0,0,0,0,Sub 1,,,,,,,,false,1,true,false
5bb476eb-1beb-4617-9232-0441817b1d5d,447b6c36-21b2-47a0-8ce4-b122df357de4,home,0,0,0,4,500,9,0,0,2,0,6,2,18,4,3,GK,,,,,,,,true,,false,false
5bb476eb-1beb-4617-9232-0441817b1d5d,51f3dbda-8258-44b1-8ee7-906bc14a2f56,away,1,0,1,0,400,15,1,1,16,0,4,2,30,0,0,CM,,,,,,,,true,,false,false
5bb476eb-1beb-4617-9232-0441817b1d5d,565f74c4-302b-4d0b-8fe7-057809b2f5c8,home,0,0,0,0,275,12,0,0,9,0,5,1,14,0,0,LB,,,,,,,,true,,false,false
5bb476eb-1beb-4617-9232-0441817b1d5d,6adf6e5f-a0dd-4e91-be62-6ab6080c9b7f,away,0,1,2,0,250,7,1,2,8,0,2,0,19,0,0,LW,,,,,,,,true,,false,false
5bb476eb-1beb-4617-9232-0441817b1d5d,8224ef9f-3a52-427c-9403-f110b1b0ef47,home,0,1,3,0,420,8,1,3,5,0,7,1,14,0,0,RW,,,,,,,,true,,false,false
5bb476eb-1beb-4617-9232-0441817b1d5d,836dc937-6f74-4e8c-a576-5c01226de7be,away,3,0,4,0,520,12,0,4,6,0,4,0,16,0,0,RW,,,,,,,,true,,false,false
5bb476eb-1beb-4617-9232-0441817b1d5d,9bb8426f-d9fb-4ccb-a9e5-9bf4f49b5bca,away,0,0,0,8,810,11,0,0,0,0,1,1,12,8,5,GK,,,,,,,,true,,false,false
5bb476eb-1beb-4617-9232-0441817b1d5d,b51753bc-1a25-4857-b261-605a686e7ae7,home,0,0,0,0,355,11,0,0,9,1,6,2,11,0,0,RB,,,,,,,,true,,false,false
5bb476eb-1beb-4617-9232-0441817b1d5d,b935858d-f739-483e-a0b3-997fa723f5b4,home,0,2,3,0,560,12,2,2,18,1,8,0,33,0,0,CM,,,,,,,,true,,false,false
5bb476eb-1beb-4617-9232-0441817b1d5d,d1ad216c-0bbb-4d7a-aabd-cdb52cb3d808,away,0,2,1,0,685,16,3,1,11,2,7,0,12,0,0,LB,,,,,,,,true,,false,false
5bb476eb-1beb-4617-9232-0441817b1d5d,f81bcb96-24dd-4377-bb0c-062806417b9c,away,0,1,0,0,480,14,2,0,11,1,9,1,19,0,0,RB,,,,,,,,true,,false,false
5bb476eb-1beb-4617-9232-0441817b1d5d,fb870e63-dd63-4a29-89d6-55ce8da81176,home,4,0,6,0,640,13,1,6,6,0,2,0,20,0,0,LW,,,,,,,,true,,false,false
5c74d44a-1dd0-4efe-8f6b-2017a391c268,00d95f21-b5ea-41c4-8871-8d8530c5b9f3,home,0,0,0,6,595,12,0,0,0,0,1,0,5,6,0,GK,,,,,,,,true,,false,false
5c74d44a-1dd0-4efe-8f6b-2017a391c268,13d262ff-7af4-417b-88d1-3818693781ad,away,0,0,0,0,395,17,0,0,10,1,5,2,16,0,0,RB,,,,,,,,true,,false,false
5c74d44a-1dd0-4efe-8f6b-2017a391c268,33460ef6-9496-447d-b805-93ee54267e19,home,0,1,1,0,760,25,2,0,21,3,5,1,24,0,0,RB,,,,,,,,true,,false,false
5c74d44a-1dd0-4efe-8f6b-2017a391c268,41d61a44-4b97-4833-a173-b16ac925e267,away,0,1,3,0,640,16,2,3,16,1,6,1,24,0,0,CM,,,,,,,,true,,false,false
5c74d44a-1dd0-4efe-8f6b-2017a391c268,9944ee0d-a999-4ca6-bfd1-19d2185ac946,home,2,1,5,0,580,13,2,3,6,0,1,0,13,0,0,LW,,,,,,,,true,,false,false
5c74d44a-1dd0-4efe-8f6b-2017a391c268,9bb8426f-d9fb-4ccb-a9e5-9bf4f49b5bca,away,0,0,0,5,445,7,0,0,0,0,1,0,5,5,0,GK,,,,,,,,true,,false,false
5c74d44a-1dd0-4efe-8f6b-2017a391c268,9c036ac6-7708-44c8-9cd9-28ee1ee44454,home,1,2,5,0,805,23,5,3,12,1,3,1,31,0,0,CM,,,,,,,,true,,false,false
5c74d44a-1dd0-4efe-8f6b-2017a391c268,ac71326a-35d1-4686-bf2e-2a504f0f59c8,away,3,0,4,0,510,10,0,4,15,0,3,0,26,0,0,LW,,,,,,,,true,,false,false
5c74d44a-1dd0-4efe-8f6b-2017a391c268,ad286928-f093-4148-a4e3-13aedc82fa13,home,0,0,0,0,0,0,0,0,0,0,0,0,0,0,0,Sub 1,,,,,,,,false,1,true,false
5c74d44a-1dd0-4efe-8f6b-2017a391c268,d1ad216c-0bbb-4d7a-aabd-cdb52cb3d808,away,0,0,0,0,415,12,0,0,8,4,4,3,12,0,0,LB,,,,,,,,true,,false,false
5c74d44a-1dd0-4efe-8f6b-2017a391c268,d44e31a5-7773-47e2-93f3-a76abb4e7666,home,1,0,3,0,1005,32,3,3,14,3,5,2,16,0,0,RW,,,,,,,,true,,false,false
5c74d44a-1dd0-4efe-8f6b-2017a391c268,e207b1b9-1fcc-45aa-9c23-27a14eb38bf9,away,0,0,3,0,280,7,0,2,12,0,2,0,16,0,0,RW,,,,,,,,true,,false,false
5c74d44a-1dd0-4efe-8f6b-2017a391c268,ec5a612f-490d-4baa-a35a-b83f6426191f,home,0,0,2,0,465,15,1,0,11,3,3,0,12,0,0,LB,,,,,,,,true,,false,false
5c81488e-8ea7-4668-9b02-513864b1caf7,0d100302-039c-488b-bf0c-1347f76879f5,home,0,0,0,0,330,10,0,0,5,1,7,3,10,0,0,LB,,,,,,,,true,,false,false
5c81488e-8ea7-4668-9b02-513864b1caf7,17a87d78-36e2-4c98-8aa5-1389850fcb91,away,0,4,1,0,1065,37,6,1,22,0,4,0,32,0,0,CM,,,,,,,,true,,false,false
5c81488e-8ea7-4668-9b02-513864b1caf7,17b7048c-b910-4f56-a64a-d398221dd63a,home,1,0,4,0,490,11,0,1,22,1,5,2,33,0,0,CM,,,,,,,,true,,false,false
5c81488e-8ea7-4668-9b02-513864b1caf7,227babbe-6fea-43f5-b595-e567b074634b,home,0,0,0,0,60,1,0,0,3,2,0,0,5,0,0,Sub 1,,,,,,,,false,1,false,false
5c81488e-8ea7-4668-9b02-513864b1caf7,22a00cf1-055e-4934-b2a5-f7ba709509c7,home,0,0,3,0,370,13,1,3,13,0,5,0,27,0,0,RW,,,,,,,,true,,false,false
5c81488e-8ea7-4668-9b02-513864b1caf7,5e63ae3d-def3-460e-baa4-33ebfb9a91d9,away,0,0,0,0,330,14,1,0,11,0,4,0,13,0,0,LB,,,,,,,,true,,false,false
5c81488e-8ea7-4668-9b02-513864b1caf7,695c301a-3f49-4916-8d67-6e198d6529f5,away,4,1,8,0,855,15,2,7,4,0,3,0,16,0,0,RW,,,,,,,,true,,false,false
5c81488e-8ea7-4668-9b02-513864b1caf7,6a3f628f-7dad-48b0-afe2-be3969115b0d,away,0,0,0,5,595,12,0,0,0,0,3,0,3,5,1,GK,,,,,,,,true,,false,false
5c81488e-8ea7-4668-9b02-513864b1caf7,7d309808-fb3f-4a9c-94fc-b851290b13de,home,1,0,2,0,435,9,1,2,15,1,3,0,17,0,0,LW,,,,,,,,true,,false,false
5c81488e-8ea7-4668-9b02-513864b1caf7,84144773-651e-489b-83cc-bab08bd09fef,home,0,0,0,7,595,7,0,0,1,0,0,0,5,7,0,GK,,,,,,,,true,,false,false
5c81488e-8ea7-4668-9b02-513864b1caf7,9e299cb3-3bc4-47d3-98ed-713728ffec07,away,0,0,0,0,625,23,0,0,10,1,11,2,11,0,0,RB,,,,,,,,true,,false,false
5c81488e-8ea7-4668-9b02-513864b1caf7,ab8294c2-f185-4d63-8cb9-cedca35a65f7,home,0,0,0,0,95,3,0,0,4,1,1,0,5,0,0,RB,,,,,,,,true,,false,false
5c81488e-8ea7-4668-9b02-513864b1caf7,d015830d-e90a-484e-9c76-b434d6fbb36d,away,3,1,6,0,875,22,4,4,13,0,0,0,21,0,0,LW,,,,,,,,true,,false,false
5d56ae01-a7c1-4d33-b2da-84e05e5b11bb,04d5a6ba-608c-4a00-86c8-f374369d89bb,home,1,1,5,0,435,7,1,4,1,0,3,0,9,0,0,RW,,,,,,,,true,,false,false
5d56ae01-a7c1-4d33-b2da-84e05e5b11bb,094407eb-e583-47f9-8060-5160a7dfab50,away,2,1,5,0,680,8,1,4,12,2,5,3,23,0,0,CM,,,,,,,,true,,false,false
5d56ae01-a7c1-4d33-b2da-84e05e5b11bb,16035b5a-d273-4398-af43-dbb9f5fbd632,away,1,0,3,0,360,8,0,3,9,0,1,0,11,0,0,RW,,,,,,,,true,,false,false
5d56ae01-a7c1-4d33-b2da-84e05e5b11bb,275e8362-7767-4a8d-b923-5c9a17351908,away,1,0,3,0,535,3,1,3,14,4,3,2,14,0,0,LB,,,,,,,,true,,false,false
5d56ae01-a7c1-4d33-b2da-84e05e5b11bb,2aa78263-64f9-47ab-af2d-522f7a0bcf5e,away,0,0,0,13,990,5,0,0,0,0,0,0,16,13,4,GK,,,,,,,,true,,false,false
5d56ae01-a7c1-4d33-b2da-84e05e5b11bb,564964c9-ef26-4dd0-8b8b-208c9f5af4d9,home,0,0,2,0,260,9,1,2,9,0,1,0,15,0,0,CM,,,,,,,,true,,false,false
5d56ae01-a7c1-4d33-b2da-84e05e5b11bb,61d2c805-6278-4365-aef3-58607bd37086,away,2,0,3,0,355,4,0,3,3,0,1,1,4,0,0,LW,,,,,,,,true,,false,false
5d56ae01-a7c1-4d33-b2da-84e05e5b11bb,7bce360c-9582-4ae3-a11f-ede63cedebe3,home,1,0,3,0,360,10,1,3,3,0,2,0,9,0,0,LW,,,,,,,,true,,false,false
5d56ae01-a7c1-4d33-b2da-84e05e5b11bb,98b03fb3-17cc-4c68-b9d8-5972a8f555f6,home,0,1,2,0,460,14,2,2,8,0,6,0,17,0,0,LB,,,,,,,,true,,false,false
5d56ae01-a7c1-4d33-b2da-84e05e5b11bb,991e6f31-863a-44d6-b530-5376b19d027b,home,0,0,5,0,545,23,1,3,7,1,3,0,20,0,0,RB,,,,,,,,true,,false,false
5d56ae01-a7c1-4d33-b2da-84e05e5b11bb,b2ec8317-6571-47f3-ba1c-00fdb37bf350,away,0,0,0,0,115,2,0,0,6,2,3,0,10,0,0,RB,,,,,,,,true,,false,false
5d56ae01-a7c1-4d33-b2da-84e05e5b11bb,b43c872a-ee18-435d-9b92-6e3486484ea9,home,1,0,1,6,1075,23,0,1,0,0,4,0,8,6,8,GK,,,,,,,,true,,false,false
5df03f31-366f-4c46-ac7f-678c1954c20d,04d5a6ba-608c-4a00-86c8-f374369d89bb,away,0,2,4,0,625,16,2,4,9,0,2,0,15,0,0,RW,,,,,,,,true,,false,false
5df03f31-366f-4c46-ac7f-678c1954c20d,094407eb-e583-47f9-8060-5160a7dfab50,home,0,0,0,0,160,5,0,0,8,2,6,1,20,0,0,RW,,,,,,,,true,,false,false
5df03f31-366f-4c46-ac7f-678c1954c20d,275e8362-7767-4a8d-b923-5c9a17351908,home,0,0,1,0,495,12,0,1,19,5,5,0,22,0,0,LB,,,,,,,,true,,false,false
5df03f31-366f-4c46-ac7f-678c1954c20d,2aa78263-64f9-47ab-af2d-522f7a0bcf5e,home,0,0,0,10,900,11,0,0,0,0,0,0,9,10,3,GK,,,,,,,,true,,false,false
5df03f31-366f-4c46-ac7f-678c1954c20d,3557690c-79cf-4580-9dbe-91a153aaf171,home,0,0,0,0,295,11,0,0,7,1,6,2,14,0,0,CM,,,,,,,,true,,false,false
5df03f31-366f-4c46-ac7f-678c1954c20d,77b749cb-b77e-4204-9922-9c8bc226eca6,home,0,0,0,0,0,0,0,0,0,0,0,0,0,0,0,Sub 1,,,,,,,,false,1,true,false
5df03f31-366f-4c46-ac7f-678c1954c20d,87c4e7ce-9c13-4e09-a532-5738dcf1876e,home,0,0,0,0,250,7,0,0,9,1,7,2,17,0,0,RB,,,,,,,,true,,false,false
5df03f31-366f-4c46-ac7f-678c1954c20d,98b03fb3-17cc-4c68-b9d8-5972a8f555f6,away,0,0,1,0,345,13,1,1,4,0,7,0,9,0,0,LB,,,,,,,,true,,false,false
5df03f31-366f-4c46-ac7f-678c1954c20d,991e6f31-863a-44d6-b530-5376b19d027b,away,1,1,3,0,785,22,2,3,12,2,9,0,22,0,0,RB,,,,,,,,true,,false,false
5df03f31-366f-4c46-ac7f-678c1954c20d,b2ec8317-6571-47f3-ba1c-00fdb37bf350,home,0,0,0,0,0,0,0,0,0,0,0,0,0,0,0,Sub 2,,,,,,,,false,2,true,false
5df03f31-366f-4c46-ac7f-678c1954c20d,b43c872a-ee18-435d-9b92-6e3486484ea9,away,0,0,0,5,925,20,1,0,0,0,5,2,10,5,8,GK,,,,,,,,true,,false,false
5df03f31-366f-4c46-ac7f-678c1954c20d,ca7c49e1-e22c-4269-b93c-41e934c0673f,home,1,0,3,0,290,8,0,2,13,0,4,0,26,0,0,LW,,,,,,,,true,,false,false
5df03f31-366f-4c46-ac7f-678c1954c20d,dd6bad4e-3564-4c45-b5ff-2cfb4b9fa8e9,away,2,0,4,0,385,6,0,4,13,0,0,0,20,0,0,LW,,,,,,,,true,,false,false
5df03f31-366f-4c46-ac7f-678c1954c20d,fb447d59-a764-4392-8a9f-b25d74d4d261,away,0,0,2,0,450,18,0,2,17,3,2,0,28,0,0,CM,,,,,,,,true,,false,false
5ed41836-4ddd-4a08-b369-d4a8cb514de1,01ece89d-d51d-436a-bb31-503f0743d6d3,away,0,0,0,5,455,4,0,0,0,0,0,0,8,5,4,GK,,,,,,,,true,,false,false
5ed41836-4ddd-4a08-b369-d4a8cb514de1,0d100302-039c-488b-bf0c-1347f76879f5,away,0,0,0,0,285,12,0,0,6,0,8,1,13,0,0,LB,,,,,,,,true,,false,false
5ed41836-4ddd-4a08-b369-d4a8cb514de1,17b7048c-b910-4f56-a64a-d398221dd63a,away,2,1,7,0,765,12,2,6,19,1,8,0,38,0,0,CM,,,,,,,,true,,false,false
5ed41836-4ddd-4a08-b369-d4a8cb514de1,22a00cf1-055e-4934-b2a5-f7ba709509c7,away,1,0,4,0,340,6,0,3,8,0,1,0,11,0,0,RW,,,,,,,,true,,false,false
5ed41836-4ddd-4a08-b369-d4a8cb514de1,5e927a04-5f33-4ecf-8a9a-c20df7b61564,home,0,0,0,8,1020,18,0,0,0,0,2,0,8,8,8,GK,,,,,,,,true,,false,false
5ed41836-4ddd-4a08-b369-d4a8cb514de1,65f8e00a-7543-4501-8b5f-fcee0c7fdb5d,home,3,0,4,0,690,22,0,3,12,0,5,0,22,0,0,CM,,,,,,,,true,,false,false
5ed41836-4ddd-4a08-b369-d4a8cb514de1,7d309808-fb3f-4a9c-94fc-b851290b13de,away,0,1,2,0,490,14,2,2,10,1,5,0,18,0,0,LW,,,,,,,,true,,false,false
5ed41836-4ddd-4a08-b369-d4a8cb514de1,9d069fb9-e821-4d4b-a202-8d4b41eab666,home,0,1,2,0,285,12,1,1,4,0,3,0,16,0,0,RW,,,,,,,,true,,false,false
5ed41836-4ddd-4a08-b369-d4a8cb514de1,ab8294c2-f185-4d63-8cb9-cedca35a65f7,away,0,1,0,0,405,8,2,0,13,0,5,1,12,0,0,RB,,,,,,,,true,,false,false
5ed41836-4ddd-4a08-b369-d4a8cb514de1,bcbe22e2-8f6a-4187-80aa-a1f22f64dc7a,home,0,0,1,0,610,17,1,1,21,4,5,0,21,0,0,RB,,,,,,,,true,,false,false
5ed41836-4ddd-4a08-b369-d4a8cb514de1,bdf9dc41-0c47-4588-a95c-4c701ff0d64e,home,0,1,0,0,445,13,2,0,3,1,5,1,3,0,0,LB,,,,,,,,true,,false,false
5ed41836-4ddd-4a08-b369-d4a8cb514de1,fb127318-8f44-45b0-acff-7fdb4b7bcc59,home,1,1,4,0,490,12,2,3,14,0,3,0,28,0,0,LW,,,,,,,,true,,false,false
609464f5-8c25-4ae5-a0a7-79abfd6a03ab,058a7596-9774-443f-993a-4b755ffe4f3a,away,2,0,5,0,520,11,0,4,19,0,5,0,33,0,0,LW,,,,,,,,true,,false,false
609464f5-8c25-4ae5-a0a7-79abfd6a03ab,21dd894a-7f63-494f-94b4-1ba66091938d,away,0,0,0,0,0,0,0,0,0,0,0,0,0,0,0,Sub 1,,,,,,,,false,1,true,false
609464f5-8c25-4ae5-a0a7-79abfd6a03ab,33fc7bb2-da88-42b5-a813-da33ae7fd0f6,home,0,0,0,5,630,11,0,0,0,0,2,0,4,5,4,GK,,,,,,,,true,,false,false
609464f5-8c25-4ae5-a0a7-79abfd6a03ab,51721016-b394-4dea-a7e7-cb3374f018d1,away,0,0,1,0,305,13,0,0,13,0,4,0,17,0,0,CM,,,,,,,,true,,false,false
609464f5-8c25-4ae5-a0a7-79abfd6a03ab,5aa7d6bb-fb61-467b-9200-0e55e5baca83,away,0,0,0,8,680,8,0,0,1,0,2,0,11,8,1,GK,,,,,,,,true,,false,false
609464f5-8c25-4ae5-a0a7-79abfd6a03ab,8c6111bf-9272-4230-8bfd-511be5d0103c,home,0,0,0,0,520,15,0,0,17,3,9,2,22,0,0,LB,,,,,,,,true,,false,false
609464f5-8c25-4ae5-a0a7-79abfd6a03ab,9685e3be-747c-47cf-bf8f-5010c0c0ce0b,home,2,0,7,0,790,17,1,4,25,2,9,1,45,0,0,CM,,,,,,,,true,,false,false
609464f5-8c25-4ae5-a0a7-79abfd6a03ab,c8144abc-df24-456b-8e27-4e84ffd21414,home,0,2,5,0,530,10,3,5,5,0,2,0,17,0,0,LW,,,,,,,,true,,false,false
609464f5-8c25-4ae5-a0a7-79abfd6a03ab,d858e07a-5d49-453f-869c-ef7c12e38e0f,away,0,0,5,0,320,11,0,4,12,0,2,0,28,0,0,RW,,,,,,,,true,,false,false
609464f5-8c25-4ae5-a0a7-79abfd6a03ab,df4cf9bb-c82d-447f-9c35-22f9bd145e11,away,0,0,0,0,365,13,0,0,6,2,12,2,20,0,0,LB,,,,,,,,true,,false,false
609464f5-8c25-4ae5-a0a7-79abfd6a03ab,e4145b3b-509f-48c4-aa60-d6df540f762f,away,0,0,0,0,230,12,0,0,4,0,9,1,17,0,0,RB,,,,,,,,true,,false,false
609464f5-8c25-4ae5-a0a7-79abfd6a03ab,ec291dd8-90c4-4dcb-b2c6-9d7fd7890c01,home,0,0,3,0,265,7,2,2,1,0,2,0,6,0,0,RW,,,,,,,,true,,false,false
609464f5-8c25-4ae5-a0a7-79abfd6a03ab,f26aa9f9-6d09-4040-baa1-669858f45bef,home,0,0,0,0,630,13,0,0,25,7,10,1,29,0,0,RB,,,,,,,,true,,false,false
61d0cf7a-ba7c-4b35-b1b4-5151b0669704,264c1bcc-8540-465a-a94b-2537e22ae37b,home,1,1,4,0,325,6,2,2,7,1,3,0,25,0,0,RW,,,,,,,,true,,false,false
61d0cf7a-ba7c-4b35-b1b4-5151b0669704,31ab242a-2b1a-43c3-b849-a26600e38777,home,0,0,0,6,765,12,1,0,0,0,4,1,5,6,3,GK,,,,,,,,true,,false,false
61d0cf7a-ba7c-4b35-b1b4-5151b0669704,3bb34974-24c9-4f3c-ba76-df9d9e5d6a0b,away,0,1,1,0,250,8,2,1,8,0,2,0,18,0,0,RW,,,,,,,,true,,false,false
61d0cf7a-ba7c-4b35-b1b4-5151b0669704,3dcd7592-94ca-4eee-81b4-1405e50406d9,away,0,0,4,0,340,17,0,3,3,0,1,0,15,0,0,LW,,,,,,,,true,,false,false
61d0cf7a-ba7c-4b35-b1b4-5151b0669704,51cfaa55-2576-47ff-8902-ea91ad89ebcc,away,0,0,0,5,680,13,1,0,1,1,2,2,11,5,3,GK,,,,,,,,true,,false,false
61d0cf7a-ba7c-4b35-b1b4-5151b0669704,5c667d1e-4c6e-4677-ac07-31ebf653d184,home,0,2,1,0,625,15,3,1,14,2,3,0,15,0,0,CM,,,,,,,,true,,false,false
61d0cf7a-ba7c-4b35-b1b4-5151b0669704,644bc071-f35b-47ee-8e19-c101c7c11163,away,0,0,0,0,400,14,0,0,12,3,6,1,18,0,0,RB,,,,,,,,true,,false,false
61d0cf7a-ba7c-4b35-b1b4-5151b0669704,73b16faa-89a5-477d-a472-a0039ccc6cea,home,0,0,3,0,590,12,0,3,13,6,8,1,23,0,0,LB,,,,,,,,true,,false,false
61d0cf7a-ba7c-4b35-b1b4-5151b0669704,9c69ce40-ac11-4a6c-a634-bd4890de4b97,home,3,0,4,0,510,10,1,3,8,0,2,0,14,0,0,LW,,,,,,,,true,,false,false
61d0cf7a-ba7c-4b35-b1b4-5151b0669704,a426b60c-337e-41c4-a721-c12a801b9273,away,3,0,5,0,720,18,0,4,14,1,4,0,22,0,0,CM,,,,,,,,true,,false,false
61d0cf7a-ba7c-4b35-b1b4-5151b0669704,b4b73326-af94-4abd-93d5-0fe537e63df1,away,0,0,0,0,590,24,0,0,9,1,6,2,7,0,0,LB,,,,,,,,true,,false,false
61d0cf7a-ba7c-4b35-b1b4-5151b0669704,d86a4ab5-8bb4-4f0e-92e1-f130d47aa671,home,0,1,1,0,410,9,1,0,8,2,5,0,8,0,0,RB,,,,,,,,true,,false,false
6266fb87-4573-4fdc-a586-0dd993c73b0d,198dbb32-0459-4132-9062-de77204c0fa8,away,0,0,0,0,245,0,0,0,0,0,0,0,0,0,0,RW,,,,,,,,true,,false,true
6266fb87-4573-4fdc-a586-0dd993c73b0d,1ef81557-4610-448a-9114-a54e57e308e9,home,0,0,0,0,360,0,0,0,0,0,0,0,0,0,0,LW,,,,,,,,true,,false,true
6266fb87-4573-4fdc-a586-0dd993c73b0d,66baf5f0-2eda-4953-b088-96c35e37afa5,home,0,0,0,0,575,0,0,0,0,0,0,0,0,0,0,GK,,,,,,,,true,,false,true
6266fb87-4573-4fdc-a586-0dd993c73b0d,700b5fc1-8539-484d-9da7-e172c39e1371,home,0,0,0,0,0,0,0,0,0,0,0,0,0,0,0,Sub 2,,,,,,,,false,2,true,true
6266fb87-4573-4fdc-a586-0dd993c73b0d,b0470ce4-f04e-4e82-a572-aafd4e91491a,home,0,0,0,0,500,0,0,0,0,0,0,0,0,0,0,RB,,,,,,,,true,,false,true
6266fb87-4573-4fdc-a586-0dd993c73b0d,b522ca51-5642-40ff-8523-c813d89dbd39,away,0,0,0,0,615,0,0,0,0,0,0,0,0,0,0,RB,,,,,,,,true,,false,true
6266fb87-4573-4fdc-a586-0dd993c73b0d,c4726abb-a93f-40bd-986b-cc9335868641,away,0,0,0,0,380,0,0,0,0,0,0,0,0,0,0,CM,,,,,,,,true,,false,true
6266fb87-4573-4fdc-a586-0dd993c73b0d,c5dd4bdb-d1fb-4aea-868c-83069bfcaf69,home,0,0,0,0,295,0,0,0,0,0,0,0,0,0,0,Sub 1,,,,,,,,false,1,false,true
6266fb87-4573-4fdc-a586-0dd993c73b0d,d7b38164-bd97-410b-a444-0b1f0a93f75a,away,0,0,0,0,200,0,0,0,0,0,0,0,0,0,0,LB,,,,,,,,true,,false,true
6266fb87-4573-4fdc-a586-0dd993c73b0d,e82c9845-4657-4df9-a437-c58c486f3d6b,away,0,0,0,0,660,0,0,0,0,0,0,0,0,0,0,GK,,,,,,,,true,,false,true
6266fb87-4573-4fdc-a586-0dd993c73b0d,f039da87-06a7-4f3f-a14e-1240ab0d8e97,home,0,0,0,0,410,0,0,0,0,0,0,0,0,0,0,LB,,,,,,,,true,,false,true
6266fb87-4573-4fdc-a586-0dd993c73b0d,f9a1b1c4-3be4-455a-911b-002588031dc0,home,0,0,0,0,0,0,0,0,0,0,0,0,0,0,0,Sub 3,,,,,,,,false,3,true,true
6266fb87-4573-4fdc-a586-0dd993c73b0d,fab1aec0-0fe0-430d-8799-a0da1a9009d7,home,0,0,0,0,310,0,0,0,0,0,0,0,0,0,0,RW,,,,,,,,true,,false,true
6266fb87-4573-4fdc-a586-0dd993c73b0d,fac3b9dc-c0db-4bfa-90e4-37ec9e71f61f,home,0,0,0,0,630,0,0,0,0,0,0,0,0,0,0,CM,,,,,,,,true,,false,true
6266fb87-4573-4fdc-a586-0dd993c73b0d,fbac096f-ba5f-4a8b-949c-4b590f74e929,away,0,0,0,0,420,0,0,0,0,0,0,0,0,0,0,LW,,,,,,,,true,,false,true
659df8e3-d7f4-488b-9832-83d41053b8b7,2cc5b6ab-24b4-47ae-badf-0ec0f2dfa23a,home,0,0,1,0,65,3,0,0,0,0,1,0,2,0,0,LW,,,,,,,,true,,false,false
659df8e3-d7f4-488b-9832-83d41053b8b7,3ae0f2b9-08db-4594-86e1-81772e94fb0e,away,2,0,4,0,590,18,2,3,5,0,2,0,11,0,0,LW,,,,,,,,true,,false,false
659df8e3-d7f4-488b-9832-83d41053b8b7,4db12a51-b358-488a-9c04-ee09cb88e69b,away,0,1,0,8,940,10,2,0,0,0,2,2,10,8,4,GK,,,,,,,,true,,false,false
659df8e3-d7f4-488b-9832-83d41053b8b7,57ed0735-3daf-49d4-b4e3-63c2527f8d57,away,1,0,2,0,350,9,0,2,10,1,2,0,14,0,0,RB,,,,,,,,true,,false,false
659df8e3-d7f4-488b-9832-83d41053b8b7,6763dad4-5c07-4f42-abe2-58f6f09e4af0,home,3,3,5,0,1175,20,6,5,13,2,4,0,16,0,0,LW,,,,,,,,true,,false,false
659df8e3-d7f4-488b-9832-83d41053b8b7,7d522140-9b97-4111-ab0f-95aa1be11fdf,away,1,2,1,0,690,15,3,1,10,4,2,0,11,0,0,LB,,,,,,,,true,,false,false
659df8e3-d7f4-488b-9832-83d41053b8b7,92075f2f-9d2e-4092-8a4f-ab225ea7cbad,home,7,1,14,0,1320,14,2,10,7,0,3,0,10,0,0,RW,,,,,,,,true,,false,false
659df8e3-d7f4-488b-9832-83d41053b8b7,99380f31-55f5-4e9e-88ef-12763487cbb3,away,1,1,4,0,485,15,1,2,9,1,1,0,20,0,0,RW,,,,,,,,true,,false,false
659df8e3-d7f4-488b-9832-83d41053b8b7,9acc63cc-08a0-4fa2-95ef-f7fc6a11306a,away,1,1,1,0,645,28,3,1,6,0,3,1,17,0,0,CM,,,,,,,,true,,false,false
659df8e3-d7f4-488b-9832-83d41053b8b7,adab89d9-3725-4e2c-9e05-d968297ae2f8,home,0,2,0,0,500,13,2,0,9,2,2,0,8,0,0,LB,,,,,,,,true,,false,false
659df8e3-d7f4-488b-9832-83d41053b8b7,b1c9d678-21e9-40ef-832d-a1607170baa8,home,2,3,6,0,975,17,4,6,15,1,2,0,24,0,0,CM,,,,,,,,true,,false,false
659df8e3-d7f4-488b-9832-83d41053b8b7,f6a4dff0-c1fc-497c-8cf5-0889361418ee,home,0,0,0,2,415,13,2,0,0,0,2,1,6,2,1,GK,,,,,,,,true,,false,false
694bf0e8-aa81-40d1-9253-3ae7dbc044b2,00d95f21-b5ea-41c4-8871-8d8530c5b9f3,away,0,0,0,4,365,3,0,0,1,0,2,0,10,4,3,GK,,,,,,,,true,,false,false
694bf0e8-aa81-40d1-9253-3ae7dbc044b2,0e8fc023-d83d-4463-9706-3b8a5b9cb97d,away,0,0,0,0,180,7,0,0,6,1,3,1,11,0,0,LB,,,,,,,,true,,false,false
694bf0e8-aa81-40d1-9253-3ae7dbc044b2,28665e99-bf57-4d6f-9303-8f24750764c5,home,2,1,4,0,900,22,3,3,23,0,5,0,26,0,0,CM,,,,,,,,true,,false,false
694bf0e8-aa81-40d1-9253-3ae7dbc044b2,2df70d98-1fcc-4f56-932b-c1aa91c197aa,away,0,0,0,0,0,0,0,0,0,0,0,0,0,0,0,Sub 1,,,,,,,,false,1,true,false
694bf0e8-aa81-40d1-9253-3ae7dbc044b2,5780051c-a5b1-4dd6-a549-c6a3ca457c93,home,0,0,1,0,195,6,0,1,5,0,2,0,5,0,0,LB,,,,,,,,true,,false,false
694bf0e8-aa81-40d1-9253-3ae7dbc044b2,7af8310e-a70e-4984-826c-45c8b97f4b62,home,1,1,4,0,545,14,3,4,10,0,4,0,26,0,0,RW,,,,,,,,true,,false,false
694bf0e8-aa81-40d1-9253-3ae7dbc044b2,7fd5353d-009f-448f-8c7a-98d0a8825c0a,home,0,0,0,7,835,19,0,0,0,0,1,0,9,7,4,GK,,,,,,,,true,,false,false
694bf0e8-aa81-40d1-9253-3ae7dbc044b2,b65941b4-4a53-4bab-95e7-e7b3814aa511,away,0,0,3,0,245,6,0,3,8,0,1,0,13,0,0,LW,,,,,,,,true,,false,false
694bf0e8-aa81-40d1-9253-3ae7dbc044b2,d2fc286f-3473-4cd4-9554-0fe46dece9ec,home,0,1,0,0,570,21,1,0,10,0,7,1,11,0,0,RB,,,,,,,,true,,false,false
694bf0e8-aa81-40d1-9253-3ae7dbc044b2,d3b44caa-6b74-48b0-b1be-051cb7a5659c,home,1,0,1,0,100,0,0,1,0,0,0,0,0,0,0,LW,,,,,,,,true,,false,false
694bf0e8-aa81-40d1-9253-3ae7dbc044b2,d44e31a5-7773-47e2-93f3-a76abb4e7666,away,0,0,2,0,160,7,0,0,3,0,3,1,11,0,0,RW,,,,,,,,true,,false,false
694bf0e8-aa81-40d1-9253-3ae7dbc044b2,db1344db-c3b4-447e-94a9-32572dfac1b6,away,0,0,0,0,255,5,0,0,11,4,3,0,13,0,0,RB,,,,,,,,true,,false,false
69619220-fd49-4d61-ab46-1f45aece61c9,0afc2696-c043-405f-bbe5-cd3fabbdba0b,away,0,0,0,0,390,14,0,0,15,1,6,0,16,0,0,LB,,,,,,,,true,,false,false
69619220-fd49-4d61-ab46-1f45aece61c9,136f7943-c243-4d8f-a269-2793bf9aeaed,away,0,0,0,0,245,12,0,0,12,2,1,0,18,0,0,LW,,,,,,,,true,,false,false
69619220-fd49-4d61-ab46-1f45aece61c9,3fb2b88f-0175-4bdd-9307-fd3d375f7c53,away,0,0,0,7,765,13,0,0,0,0,2,2,11,7,3,GK,,,,,,,,true,,false,false
69619220-fd49-4d61-ab46-1f45aece61c9,6763dad4-5c07-4f42-abe2-58f6f09e4af0,home,4,0,7,0,610,9,1,4,12,0,3,0,25,0,0,RW,,,,,,,,true,,false,false
69619220-fd49-4d61-ab46-1f45aece61c9,a2465e24-580f-4995-a354-50ba3d66eda6,away,0,0,0,0,0,0,0,0,0,0,0,0,0,0,0,Sub 1,,,,,,,,false,1,true,false
69619220-fd49-4d61-ab46-1f45aece61c9,adab89d9-3725-4e2c-9e05-d968297ae2f8,home,0,1,0,0,445,13,2,0,7,1,6,0,8,0,0,LB,,,,,,,,true,,false,false
69619220-fd49-4d61-ab46-1f45aece61c9,b1c9d678-21e9-40ef-832d-a1607170baa8,home,0,1,6,0,745,17,2,5,12,2,3,0,17,0,0,CM,,,,,,,,true,,false,false
69619220-fd49-4d61-ab46-1f45aece61c9,b68dfd20-ee25-4cf5-b197-95854df7efe1,away,0,1,0,0,225,3,1,0,5,1,4,1,9,0,0,CM,,,,,,,,true,,false,false
69619220-fd49-4d61-ab46-1f45aece61c9,bf66b0b2-db55-4313-bcb2-1ad69567f6da,home,1,2,4,0,655,10,5,4,11,1,2,0,21,0,0,LW,,,,,,,,true,,false,false
69619220-fd49-4d61-ab46-1f45aece61c9,c081b4d2-cfc4-43d5-ab39-d19a2fd78f5f,home,0,0,1,0,440,12,0,0,12,3,9,1,18,0,0,RB,,,,,,,,true,,false,false
69619220-fd49-4d61-ab46-1f45aece61c9,ee42f965-d798-4724-8299-0b92747ba50d,away,2,0,5,0,425,13,0,5,9,0,1,0,27,0,0,RW,,,,,,,,true,,false,false
69619220-fd49-4d61-ab46-1f45aece61c9,f6a4dff0-c1fc-497c-8cf5-0889361418ee,home,0,0,0,4,800,18,1,0,0,0,6,3,6,4,4,GK,,,,,,,,true,,false,false
6b32ade8-f2de-4809-9ea6-44e8c9ad14ac,0570d1ed-7ffc-416d-8fae-caa701f920e3,home,0,0,0,0,205,9,0,0,7,1,2,0,9,0,0,RB,,,,,,,,true,,false,false
6b32ade8-f2de-4809-9ea6-44e8c9ad14ac,23ead12c-77ac-4e35-bc74-5f690af34010,home,1,3,2,0,725,15,3,2,16,1,2,0,20,0,0,CM,,,,,,,,true,,false,false
6b32ade8-f2de-4809-9ea6-44e8c9ad14ac,2a06d573-a6e1-4fbf-b675-267d49df828a,away,0,0,1,0,320,12,0,1,15,1,6,0,25,0,0,LB,,,,,,,,true,,false,false
6b32ade8-f2de-4809-9ea6-44e8c9ad14ac,3dcd7592-94ca-4eee-81b4-1405e50406d9,home,3,0,7,0,710,16,0,7,10,0,4,0,24,0,0,LW,,,,,,,,true,,false,false
6b32ade8-f2de-4809-9ea6-44e8c9ad14ac,455808e1-206b-4100-8a72-19aa622d3c43,home,0,0,0,0,0,0,0,0,0,0,0,0,0,0,0,Sub 1,,,,,,,,false,1,true,false
6b32ade8-f2de-4809-9ea6-44e8c9ad14ac,6ca9e07b-b6d4-461a-aa3e-e3827cd56781,away,1,0,1,0,290,14,0,1,11,0,1,0,20,0,0,LW,,,,,,,,true,,false,false
6b32ade8-f2de-4809-9ea6-44e8c9ad14ac,8e6af089-fdd5-4ab3-854a-677599513198,away,1,1,2,0,570,18,1,2,10,0,2,1,14,0,0,CM,,,,,,,,true,,false,false
6b32ade8-f2de-4809-9ea6-44e8c9ad14ac,94a80472-3333-4903-bacb-a840ece6c816,away,0,0,1,0,120,5,0,1,6,0,1,0,11,0,0,Sub 1,,,,,,,,false,1,false,false
6b32ade8-f2de-4809-9ea6-44e8c9ad14ac,9b662727-19aa-4f5d-8459-696c178c498e,away,0,0,0,5,595,12,0,0,0,0,0,0,6,5,4,GK,,,,,,,,true,,false,false
6b32ade8-f2de-4809-9ea6-44e8c9ad14ac,a430da4a-121d-495f-bce7-18b87939824c,home,1,0,2,0,535,13,0,1,9,2,7,1,10,0,0,LB,,,,,,,,true,,false,false
6b32ade8-f2de-4809-9ea6-44e8c9ad14ac,d4436de3-0ab1-4a93-9744-e8a51a0b46b9,away,0,0,1,0,105,3,0,1,2,0,2,0,5,0,0,RW,,,,,,,,true,,false,false
6b32ade8-f2de-4809-9ea6-44e8c9ad14ac,d6f23bc8-244a-46d3-9929-5ecab99b175d,home,0,1,0,0,300,7,4,0,10,0,3,0,16,0,0,RW,,,,,,,,true,,false,false
6b32ade8-f2de-4809-9ea6-44e8c9ad14ac,f4f830a6-d634-48d1-adad-27344be1970e,home,0,0,0,5,520,12,0,0,1,1,0,0,5,4,2,GK,,,,,,,,true,,false,false
6b32ade8-f2de-4809-9ea6-44e8c9ad14ac,f503bb9e-7264-4a3b-8b81-5035f1ef8188,away,0,0,0,0,370,17,0,0,6,0,5,0,5,0,0,RB,,,,,,,,true,,false,false
6f00fda7-eb98-4076-9893-5dfa5f4ea4dd,058a7596-9774-443f-993a-4b755ffe4f3a,home,1,2,3,0,640,13,2,3,20,0,1,0,24,0,0,Sub 1,,,,,,,,false,1,false,false
6f00fda7-eb98-4076-9893-5dfa5f4ea4dd,26c6fd97-a374-4786-8561-634c81de2b57,home,0,4,2,0,780,13,6,1,12,2,7,1,24,0,0,CM,,,,,,,,true,,false,false
6f00fda7-eb98-4076-9893-5dfa5f4ea4dd,3261cad7-8918-4d6a-84f6-1277cb854f0b,away,1,0,2,0,355,17,1,1,8,0,0,0,17,0,0,RW,,,,,,,,true,,false,false
6f00fda7-eb98-4076-9893-5dfa5f4ea4dd,49b04121-e468-4401-b524-4329a1fd9ef9,away,0,0,1,0,375,19,0,0,19,1,5,0,32,0,0,CM,,,,,,,,true,,false,false
6f00fda7-eb98-4076-9893-5dfa5f4ea4dd,51721016-b394-4dea-a7e7-cb3374f018d1,home,0,0,0,0,135,7,0,0,1,0,3,0,3,0,0,GK,,,,,,,,true,,false,false
6f00fda7-eb98-4076-9893-5dfa5f4ea4dd,5aa7d6bb-fb61-467b-9200-0e55e5baca83,home,1,0,2,0,170,0,0,2,1,0,1,0,1,0,0,RW,,,,,,,,true,,false,false
6f00fda7-eb98-4076-9893-5dfa5f4ea4dd,662f5590-f76c-4ab1-9b8a-3e96b919715a,away,0,0,0,0,55,7,0,0,7,0,1,0,17,0,0,LW,,,,,,,,true,,false,false
6f00fda7-eb98-4076-9893-5dfa5f4ea4dd,7e5502a7-6938-427e-9edd-e08064b11735,home,6,0,9,0,995,17,2,7,9,0,3,0,19,0,0,LW,,,,,,,,true,,false,false
6f00fda7-eb98-4076-9893-5dfa5f4ea4dd,a0dee0ba-40fe-458c-8b10-9c84b52fd7bc,away,0,0,0,5,645,10,1,0,0,0,1,1,7,5,5,GK,,,,,,,,true,,false,false
6f00fda7-eb98-4076-9893-5dfa5f4ea4dd,a89648ad-2c02-4899-9504-9dfe645ae994,away,0,0,0,0,555,26,0,0,13,1,6,1,17,0,0,RB,,,,,,,,true,,false,false
6f00fda7-eb98-4076-9893-5dfa5f4ea4dd,df4cf9bb-c82d-447f-9c35-22f9bd145e11,home,0,0,0,0,520,13,2,0,17,0,11,1,17,0,0,LB,,,,,,,,true,,false,false
6f00fda7-eb98-4076-9893-5dfa5f4ea4dd,e4145b3b-509f-48c4-aa60-d6df540f762f,home,0,0,0,0,115,3,0,0,7,1,2,0,9,0,0,RB,,,,,,,,true,,false,false
6f00fda7-eb98-4076-9893-5dfa5f4ea4dd,ff876c02-281d-434e-a4ef-d11693e53f03,away,0,0,0,0,495,14,0,0,11,4,6,4,17,0,0,LB,,,,,,,,true,,false,false
70b394cd-e757-4895-b92b-537ef11e5b19,21c5c593-bdf6-472f-8a91-8f2a1753774d,away,0,0,2,0,170,7,0,2,7,0,4,0,20,0,0,LW,,,,,,,,true,,false,false
70b394cd-e757-4895-b92b-537ef11e5b19,2716c997-16df-40c1-a16b-1711eb76cd07,home,0,0,0,0,-10,0,0,0,0,0,0,0,1,0,0,RW,,,,,,,,true,,false,false
70b394cd-e757-4895-b92b-537ef11e5b19,2d9ee886-9040-47f6-9571-38fe058ec225,home,0,1,0,0,235,10,1,0,5,1,4,0,16,0,0,LB,,,,,,,,true,,false,false
70b394cd-e757-4895-b92b-537ef11e5b19,35aae8d0-8e7b-40db-ad74-9e994e3308f3,home,0,0,0,7,640,8,1,0,0,0,2,0,6,7,0,GK,,,,,,,,true,,false,false
70b394cd-e757-4895-b92b-537ef11e5b19,4086df7e-2136-4721-be2a-013e3c4e1ee2,home,1,1,5,0,455,8,2,4,8,0,2,0,20,0,0,Sub 2,,,,,,,,false,2,false,false
70b394cd-e757-4895-b92b-537ef11e5b19,48ef7d04-216c-4a68-b5ac-b057c0f9a2b1,away,0,0,0,7,525,4,0,0,0,0,1,1,10,7,0,GK,,,,,,,,true,,false,false
70b394cd-e757-4895-b92b-537ef11e5b19,4e7a8d64-733f-46ba-aeff-b35e8b3258e6,away,0,0,1,0,410,20,0,1,9,1,4,0,16,0,0,CM,,,,,,,,true,,false,false
70b394cd-e757-4895-b92b-537ef11e5b19,635fb223-b598-45a3-bbaa-cd0da12c33ab,away,0,0,1,0,215,11,0,1,9,0,1,0,15,0,0,RW,,,,,,,,true,,false,false
70b394cd-e757-4895-b92b-537ef11e5b19,a961c8c0-c464-43f8-8b71-c728ac82e935,home,3,1,8,0,1180,16,3,5,20,5,8,1,24,0,0,CM,,,,,,,,true,,false,false
70b394cd-e757-4895-b92b-537ef11e5b19,ad29ada0-9a5b-4d0e-9464-32317ed4cd31,home,0,0,0,0,0,0,0,0,0,0,0,0,0,0,0,Sub 1,,,,,,,,false,1,true,false
70b394cd-e757-4895-b92b-537ef11e5b19,c4e05493-5efa-4185-b3fc-91d4e1b13b05,home,0,0,1,0,610,21,1,1,12,2,8,0,13,0,0,RB,,,,,,,,true,,false,false
70b394cd-e757-4895-b92b-537ef11e5b19,de4dc1ae-593d-496d-b94c-9f9a06c43390,home,1,0,2,0,320,11,1,1,8,0,3,0,16,0,0,LW,,,,,,,,true,,false,false
70b394cd-e757-4895-b92b-537ef11e5b19,e28d0af9-11c6-4b32-ace5-bc21f6d90806,away,0,0,2,0,400,12,0,2,9,1,6,0,13,0,0,LB,,,,,,,,true,,false,false
747f6fdc-4a3e-4673-9ddf-fdfe22dfad0a,00d95f21-b5ea-41c4-8871-8d8530c5b9f3,away,0,0,0,2,365,9,0,0,0,0,4,1,3,2,1,GK,,,,,,,,true,,false,false
747f6fdc-4a3e-4673-9ddf-fdfe22dfad0a,0f810a4b-07df-49e9-a69c-e285f67c56c1,away,0,0,0,0,340,12,0,0,9,2,5,2,15,0,0,RB,,,,,,,,true,,false,false
747f6fdc-4a3e-4673-9ddf-fdfe22dfad0a,21a45e6a-a10f-4773-978b-75d0f39cdeb4,home,1,1,4,0,620,15,1,2,14,0,3,1,17,0,0,CM,,,,,,,,true,,false,false
747f6fdc-4a3e-4673-9ddf-fdfe22dfad0a,3135f05c-09ba-4d3e-aa97-f433001eca33,home,0,0,0,0,510,13,1,0,13,5,4,2,14,0,0,RB,,,,,,,,true,,false,false
747f6fdc-4a3e-4673-9ddf-fdfe22dfad0a,56a42e4d-7b9b-47c6-a154-ecdee7fb8213,away,0,0,1,0,475,16,0,1,17,3,3,0,19,0,0,LB,,,,,,,,true,,false,false
747f6fdc-4a3e-4673-9ddf-fdfe22dfad0a,64084aa4-1519-4593-8be4-6b8dee34f3e9,home,0,0,1,0,440,15,0,0,15,2,8,3,28,0,0,LB,,,,,,,,true,,false,false
747f6fdc-4a3e-4673-9ddf-fdfe22dfad0a,7066872c-bfdb-482b-b521-1084d9f96012,away,0,0,4,0,295,14,0,3,11,0,1,0,27,0,0,RW,,,,,,,,true,,false,false
747f6fdc-4a3e-4673-9ddf-fdfe22dfad0a,7c811d9b-f926-4ccd-a62f-3323ce07002f,home,0,0,0,5,650,14,0,0,1,0,4,0,6,5,2,GK,,,,,,,,true,,false,false
747f6fdc-4a3e-4673-9ddf-fdfe22dfad0a,ad286928-f093-4148-a4e3-13aedc82fa13,away,0,0,0,0,235,12,0,0,13,0,0,0,14,0,0,LW,,,,,,,,true,,false,false
747f6fdc-4a3e-4673-9ddf-fdfe22dfad0a,cffce0e1-86ca-48bb-860d-f6b468ddbcc2,home,3,1,4,0,745,16,4,3,15,0,2,1,26,0,0,RW,,,,,,,,true,,false,false
747f6fdc-4a3e-4673-9ddf-fdfe22dfad0a,d44e31a5-7773-47e2-93f3-a76abb4e7666,away,0,0,3,0,495,13,0,3,21,4,5,0,34,0,0,CM,,,,,,,,true,,false,false
747f6fdc-4a3e-4673-9ddf-fdfe22dfad0a,d866f609-fb9f-4f45-b296-c6d2852a3dfa,home,0,0,0,0,90,3,0,0,7,1,1,0,10,0,0,LW,,,,,,,,true,,false,false
74a2fb98-a33d-49df-9819-8fe2a9eae7c4,094407eb-e583-47f9-8060-5160a7dfab50,away,0,2,5,0,575,10,3,3,11,1,4,0,22,0,0,RW,,,,,,,,true,,false,false
74a2fb98-a33d-49df-9819-8fe2a9eae7c4,16035b5a-d273-4398-af43-dbb9f5fbd632,away,0,0,1,0,365,5,0,1,9,5,7,3,20,0,0,CM,,,,,,,,true,,false,false
74a2fb98-a33d-49df-9819-8fe2a9eae7c4,16be98a3-38b7-43cb-a21f-818d25515684,home,0,0,2,0,660,28,0,2,10,2,11,1,25,0,0,LW,,,,,,,,true,,false,false
74a2fb98-a33d-49df-9819-8fe2a9eae7c4,275e8362-7767-4a8d-b923-5c9a17351908,away,1,0,1,0,445,9,0,1,13,5,2,0,14,0,0,LB,,,,,,,,true,,false,false
74a2fb98-a33d-49df-9819-8fe2a9eae7c4,2aa78263-64f9-47ab-af2d-522f7a0bcf5e,away,1,0,1,13,1260,12,1,1,0,0,1,1,11,13,2,GK,,,,,,,,true,,false,false
74a2fb98-a33d-49df-9819-8fe2a9eae7c4,33da5ff2-7f7a-4007-8497-8f563951c77d,home,1,1,6,0,675,20,2,4,8,1,2,0,21,0,0,RW,,,,,,,,true,,false,false
74a2fb98-a33d-49df-9819-8fe2a9eae7c4,61d2c805-6278-4365-aef3-58607bd37086,away,2,0,4,0,535,7,1,4,10,3,2,0,15,0,0,LW,,,,,,,,true,,false,false
74a2fb98-a33d-49df-9819-8fe2a9eae7c4,75006243-09bb-4172-8880-7fc3a3e0d95c,home,0,1,0,0,515,16,3,0,4,3,4,1,8,0,0,RB,,,,,,,,true,,false,false
74a2fb98-a33d-49df-9819-8fe2a9eae7c4,7593f03f-2200-45ae-9a01-fd8019c47470,home,0,0,3,0,435,21,0,2,6,0,3,0,14,0,0,LB,,,,,,,,true,,false,false
74a2fb98-a33d-49df-9819-8fe2a9eae7c4,942c88aa-c32c-4f4a-8ae2-ac0c8fda6cb7,home,1,0,4,0,425,16,1,3,4,0,1,0,14,0,0,CM,,,,,,,,true,,false,false
74a2fb98-a33d-49df-9819-8fe2a9eae7c4,b2ec8317-6571-47f3-ba1c-00fdb37bf350,away,0,1,0,0,265,7,1,0,6,2,2,1,12,0,0,RB,,,,,,,,true,,false,false
74a2fb98-a33d-49df-9819-8fe2a9eae7c4,f097b613-dba4-4dfb-b6ee-733a9a2ba61a,home,0,0,0,6,695,10,1,0,1,0,2,1,5,6,2,GK,,,,,,,,true,,false,false
74cb3852-0152-41b5-bb03-20ebe2a403dd,00d95f21-b5ea-41c4-8871-8d8530c5b9f3,home,0,1,0,7,885,12,1,0,4,1,4,1,10,7,1,GK,,,,,,,,true,,false,false
74cb3852-0152-41b5-bb03-20ebe2a403dd,096da32a-44f3-4780-ab78-1cecebab6fa6,home,3,0,6,0,665,15,1,6,3,0,0,0,8,0,0,CF,,,,,,,,true,,false,false
74cb3852-0152-41b5-bb03-20ebe2a403dd,0e1f2bd6-7b36-4abb-962b-cedc9effea35,away,0,0,0,0,0,0,0,0,0,0,0,0,0,0,0,SUB,,,,,,,,false,1,true,false
74cb3852-0152-41b5-bb03-20ebe2a403dd,11b9e702-95bd-466f-a980-cac33251fff6,away,1,1,4,0,560,12,1,4,10,0,3,0,15,0,0,RW,,,,,,,,true,,false,false
74cb3852-0152-41b5-bb03-20ebe2a403dd,57a03f72-a308-4db8-86d1-3031aae6bc13,away,0,0,2,0,205,6,1,2,9,0,3,0,19,0,0,RB,,,,,,,,true,,false,false
74cb3852-0152-41b5-bb03-20ebe2a403dd,598daf18-47a2-4c69-86b9-38c3a92f5138,away,2,2,5,0,925,18,4,5,8,1,6,0,15,0,0,CM,,,,,,,,true,,false,false
74cb3852-0152-41b5-bb03-20ebe2a403dd,7066872c-bfdb-482b-b521-1084d9f96012,home,0,0,0,0,0,0,0,0,0,0,0,0,0,0,0,SUB,,,,,,,,false,1,true,false
74cb3852-0152-41b5-bb03-20ebe2a403dd,b0a2cee3-5f40-4b19-bddf-996b0c613b7b,away,0,0,0,11,810,4,0,0,2,0,1,0,12,11,0,GK,,,,,,,,true,,false,false
74cb3852-0152-41b5-bb03-20ebe2a403dd,b29c9326-ccf1-4f6a-b7dd-d32d1b3eb3a1,home,0,0,0,0,500,8,0,0,21,6,6,3,25,0,0,LB,,,,,,,,true,,false,false
74cb3852-0152-41b5-bb03-20ebe2a403dd,b65941b4-4a53-4bab-95e7-e7b3814aa511,home,1,2,3,0,545,8,2,3,11,3,2,1,24,0,0,CM,,,,,,,,true,,false,false
74cb3852-0152-41b5-bb03-20ebe2a403dd,d404bc12-2609-4043-b084-b12152865c6b,away,5,2,5,0,1030,16,2,5,20,0,6,0,27,0,0,LW,,,,,,,,true,,false,false
74cb3852-0152-41b5-bb03-20ebe2a403dd,d44e31a5-7773-47e2-93f3-a76abb4e7666,home,0,0,6,0,605,6,0,5,21,3,9,3,36,0,0,RB,,,,,,,,true,,false,false
74cb3852-0152-41b5-bb03-20ebe2a403dd,d6b6ca4e-af5a-4b26-8a6a-a49e326e625f,away,2,0,2,0,330,5,0,2,9,1,1,0,12,0,0,LB,,,,,,,,true,,false,false
75cce034-1cdb-4faf-8794-6ce66a2accf8,1d892e60-2c3b-4939-98eb-5974a29d7959,home,3,0,4,0,520,7,1,4,16,1,3,0,27,0,0,RW,,,,,,,,true,,false,false
75cce034-1cdb-4faf-8794-6ce66a2accf8,1ef81557-4610-448a-9114-a54e57e308e9,away,0,0,0,5,545,11,0,0,1,0,3,0,13,5,3,GK,,,,,,,,true,,false,false
75cce034-1cdb-4faf-8794-6ce66a2accf8,2bcd33ee-2cfe-4261-97f6-6b5b885f845d,home,0,1,0,0,270,5,1,0,6,0,3,1,5,0,0,RB,,,,,,,,true,,false,false
75cce034-1cdb-4faf-8794-6ce66a2accf8,2df6118a-d3a1-4ade-a47a-24df97b599ac,home,0,0,0,4,395,6,0,0,0,0,2,1,10,4,2,GK,,,,,,,,true,,false,false
75cce034-1cdb-4faf-8794-6ce66a2accf8,323ee32d-4a4d-47b6-8a0d-02e192d1fdff,away,0,0,2,0,85,3,0,1,1,0,2,0,8,0,0,CM,,,,,,,,true,,false,false
75cce034-1cdb-4faf-8794-6ce66a2accf8,4d4c0e90-15e5-4297-aca0-cb78712105c1,home,0,0,1,0,265,6,0,0,0,0,7,3,3,0,0,CM,,,,,,,,true,,false,false
75cce034-1cdb-4faf-8794-6ce66a2accf8,80c2fa8f-2487-46c5-a5eb-078a3011cb0d,home,2,0,8,0,540,10,0,7,7,0,0,0,19,0,0,LW,,,,,,,,true,,false,false
75cce034-1cdb-4faf-8794-6ce66a2accf8,84fcac3b-edeb-4fe9-bd5f-5ec5a4e82a79,away,0,0,1,0,400,17,0,0,10,1,7,0,16,0,0,LB,,,,,,,,true,,false,false
75cce034-1cdb-4faf-8794-6ce66a2accf8,9f00aa95-962f-40c7-a55a-318d7bd0e312,away,1,1,2,0,515,18,2,1,9,2,3,0,22,0,0,LW,,,,,,,,true,,false,false
75cce034-1cdb-4faf-8794-6ce66a2accf8,b0470ce4-f04e-4e82-a572-aafd4e91491a,away,0,1,0,0,545,19,2,0,9,0,10,1,16,0,0,RB,,,,,,,,true,,false,false
75cce034-1cdb-4faf-8794-6ce66a2accf8,fa4bba90-e9b0-435c-bda8-fe6bfcc23d99,home,0,0,0,0,420,12,0,0,14,3,7,0,15,0,0,LB,,,,,,,,true,,false,false
75cce034-1cdb-4faf-8794-6ce66a2accf8,fab1aec0-0fe0-430d-8799-a0da1a9009d7,away,1,0,4,0,310,7,0,3,6,0,2,0,14,0,0,RW,,,,,,,,true,,false,false
768f312b-661f-4ecb-b306-e6a291df7b40,08bf68b8-e774-4a56-bfc9-4c1e6066490b,away,0,1,3,0,480,15,1,3,18,2,5,1,40,0,0,CM,,,,,,,,true,,false,false
768f312b-661f-4ecb-b306-e6a291df7b40,18e370bf-57fc-4db6-9f3e-75d67c9dff3f,away,4,0,5,0,720,14,0,5,11,0,2,1,16,0,0,LW,,,,,,,,true,,false,false
768f312b-661f-4ecb-b306-e6a291df7b40,19a503d9-0de9-42d4-965e-230c4772a949,away,1,0,1,3,535,8,0,1,0,0,2,1,4,3,3,GK,,,,,,,,true,,false,false
768f312b-661f-4ecb-b306-e6a291df7b40,46572518-d547-44b4-a9b7-d0847f5a9791,home,0,1,0,0,295,17,1,0,13,0,4,0,30,0,0,CM,,,,,,,,true,,false,false
768f312b-661f-4ecb-b306-e6a291df7b40,565f74c4-302b-4d0b-8fe7-057809b2f5c8,home,0,0,0,0,570,20,1,0,10,1,7,1,6,0,0,LB,,,,,,,,true,,false,false
768f312b-661f-4ecb-b306-e6a291df7b40,6b37ad10-c1bc-4fb4-94ba-4a3b6acf55eb,away,1,1,2,0,540,8,1,2,17,3,2,1,20,0,0,RW,,,,,,,,true,,false,false
768f312b-661f-4ecb-b306-e6a291df7b40,760a6131-0069-4e05-9e70-6bec90191637,away,0,0,0,0,455,16,0,0,12,3,7,1,17,0,0,RB,,,,,,,,true,,false,false
768f312b-661f-4ecb-b306-e6a291df7b40,8224ef9f-3a52-427c-9403-f110b1b0ef47,home,0,0,2,0,250,10,0,2,13,0,1,0,21,0,0,RW,,,,,,,,true,,false,false
768f312b-661f-4ecb-b306-e6a291df7b40,b935858d-f739-483e-a0b3-997fa723f5b4,home,6,0,10,0,990,13,0,8,19,0,5,1,34,0,0,LW,,,,,,,,true,,false,false
768f312b-661f-4ecb-b306-e6a291df7b40,b9801db9-e9ca-46d3-a349-9b5c5ab161ca,away,0,0,0,0,340,11,0,0,13,4,0,0,12,0,0,LB,,,,,,,,true,,false,false
768f312b-661f-4ecb-b306-e6a291df7b40,c677e3e5-95d1-4001-b620-6350764d9a29,away,0,0,0,0,0,0,0,0,0,0,0,0,0,0,0,Sub 1,,,,,,,,false,1,true,false
768f312b-661f-4ecb-b306-e6a291df7b40,e3c8c19a-1b7b-44df-9724-a9ba90dbb7af,home,0,0,1,0,445,11,0,0,8,2,7,2,7,0,0,RB,,,,,,,,true,,false,false
768f312b-661f-4ecb-b306-e6a291df7b40,fb870e63-dd63-4a29-89d6-55ce8da81176,home,0,0,0,5,540,7,0,0,0,0,5,1,9,5,2,GK,,,,,,,,true,,false,false
778eb8b5-3f17-481a-be56-9b7757b91416,0e1f2bd6-7b36-4abb-962b-cedc9effea35,away,0,0,0,0,405,0,0,0,0,0,0,0,0,0,0,GK,,,,,,,,true,,false,true
778eb8b5-3f17-481a-be56-9b7757b91416,11b9e702-95bd-466f-a980-cac33251fff6,away,0,0,0,0,195,0,0,0,0,0,0,0,0,0,0,LW,,,,,,,,true,,false,true
778eb8b5-3f17-481a-be56-9b7757b91416,1ef81557-4610-448a-9114-a54e57e308e9,home,0,0,0,0,420,0,0,0,0,0,0,0,0,0,0,Sub 3,,,,,,,,false,3,false,true
778eb8b5-3f17-481a-be56-9b7757b91416,2a7d62cf-c73a-46f0-a85b-13ef59a02ef7,home,0,0,0,0,620,0,0,0,0,0,0,0,0,0,0,GK,,,,,,,,true,,false,true
778eb8b5-3f17-481a-be56-9b7757b91416,48a2f7dc-4a48-46ee-b8d4-d4fbd912d429,away,0,0,0,0,520,0,0,0,0,0,0,0,0,0,0,LB,,,,,,,,true,,false,true
778eb8b5-3f17-481a-be56-9b7757b91416,57a03f72-a308-4db8-86d1-3031aae6bc13,away,0,0,0,0,480,0,0,0,0,0,0,0,0,0,0,RB,,,,,,,,true,,false,true
778eb8b5-3f17-481a-be56-9b7757b91416,598daf18-47a2-4c69-86b9-38c3a92f5138,away,0,0,0,0,435,0,0,0,0,0,0,0,0,0,0,CM,,,,,,,,true,,false,true
778eb8b5-3f17-481a-be56-9b7757b91416,6007d242-65ea-4702-a946-18f8c58ad372,away,0,0,0,0,115,0,0,0,0,0,0,0,0,0,0,RW,,,,,,,,true,,false,true
778eb8b5-3f17-481a-be56-9b7757b91416,66baf5f0-2eda-4953-b088-96c35e37afa5,home,0,0,0,0,35,0,0,0,0,0,0,0,0,0,0,RW,,,,,,,,true,,false,true
778eb8b5-3f17-481a-be56-9b7757b91416,7c32cfc6-9a24-42e1-b48e-b35fc9a40a93,home,0,0,0,0,160,0,0,0,0,0,0,0,0,0,0,CM,,,,,,,,true,,false,true
778eb8b5-3f17-481a-be56-9b7757b91416,7c42e1a2-b750-4d00-a214-26225d726f8f,home,0,0,0,0,565,0,0,0,0,0,0,0,0,0,0,LB,,,,,,,,true,,false,true
778eb8b5-3f17-481a-be56-9b7757b91416,92a22f0a-30e8-48ed-9a5e-92d9609ea866,home,0,0,0,0,0,0,0,0,0,0,0,0,0,0,0,Sub 2,,,,,,,,false,2,true,true
778eb8b5-3f17-481a-be56-9b7757b91416,b0470ce4-f04e-4e82-a572-aafd4e91491a,home,0,0,0,0,515,0,0,0,0,0,0,0,0,0,0,RB,,,,,,,,true,,false,true
778eb8b5-3f17-481a-be56-9b7757b91416,f039da87-06a7-4f3f-a14e-1240ab0d8e97,home,0,0,0,0,240,0,0,0,0,0,0,0,0,0,0,LW,,,,,,,,true,,false,true
778eb8b5-3f17-481a-be56-9b7757b91416,fab1aec0-0fe0-430d-8799-a0da1a9009d7,home,0,0,0,0,0,0,0,0,0,0,0,0,0,0,0,Sub 1,,,,,,,,false,1,true,true
7827f432-d418-4542-a7a4-503a9b45106e,0149da01-4684-4fd2-bfaa-67f7deeff4ab,away,0,1,0,0,265,11,1,0,8,0,1,0,12,0,0,RB,,,,,,,,true,,false,false
7827f432-d418-4542-a7a4-503a9b45106e,3dcd7592-94ca-4eee-81b4-1405e50406d9,home,0,0,1,0,215,10,0,0,11,0,4,1,21,0,0,CM,,,,,,,,true,,false,false
7827f432-d418-4542-a7a4-503a9b45106e,55829937-cca5-40e4-a661-89f73593b31a,away,0,0,0,3,380,6,0,0,0,0,3,1,8,3,3,GK,,,,,,,,true,,false,false
7827f432-d418-4542-a7a4-503a9b45106e,5aebb1a5-2ab6-44c9-a94c-824269f7d773,away,0,0,0,0,0,0,0,0,0,0,0,0,0,0,0,Sub,,,,,,,,false,1,true,false
7827f432-d418-4542-a7a4-503a9b45106e,5dc9421a-7203-4bfe-90c5-26314ef71982,away,0,0,3,0,440,18,0,3,10,1,5,0,23,0,0,LW,,,,,,,,true,,false,false
7827f432-d418-4542-a7a4-503a9b45106e,6de19e44-07ec-4497-b7dd-16254bbda43e,home,0,0,0,0,350,13,2,0,5,0,9,1,13,0,0,LB,,,,,,,,true,,false,false
7827f432-d418-4542-a7a4-503a9b45106e,70d61877-2c58-4630-bec4-5175ebece3bf,home,0,0,0,5,515,7,0,0,0,0,2,1,7,5,2,GK,,,,,,,,true,,false,false
7827f432-d418-4542-a7a4-503a9b45106e,783b9d50-39ff-48b0-84d9-b608fdf515b3,away,0,0,0,0,0,0,0,0,0,0,0,0,0,0,0,Sub,,,,,,,,false,2,true,false
7827f432-d418-4542-a7a4-503a9b45106e,87c4e7ce-9c13-4e09-a532-5738dcf1876e,home,0,0,1,0,330,10,0,1,12,0,8,0,17,0,0,RB,,,,,,,,true,,false,false
7827f432-d418-4542-a7a4-503a9b45106e,8b8d6e06-f585-4e8e-960f-d15ab4abd940,away,0,0,2,0,310,14,0,2,8,0,2,0,15,0,0,RW,,,,,,,,true,,false,false
7827f432-d418-4542-a7a4-503a9b45106e,98837a4a-a7eb-4bae-8da4-c301765f99b1,home,1,0,2,0,160,1,0,2,4,1,2,0,12,0,0,RW,,,,,,,,true,,false,false
7827f432-d418-4542-a7a4-503a9b45106e,9f00aa95-962f-40c7-a55a-318d7bd0e312,away,1,0,2,0,495,18,0,2,12,0,5,0,18,0,0,CM,,,,,,,,true,,false,false
7827f432-d418-4542-a7a4-503a9b45106e,d781a05b-6e80-4179-bb26-3b6497f281da,home,0,1,4,0,425,11,1,3,9,0,3,0,18,0,0,LW,,,,,,,,true,,false,false
7827f432-d418-4542-a7a4-503a9b45106e,de48b9e4-239f-45e8-8d09-3bcb8c36d051,away,0,0,1,0,305,10,0,1,2,1,9,1,11,0,0,LB,,,,,,,,true,,false,false
788e60ad-e91f-490c-a2bf-01a905d833d2,04d5a6ba-608c-4a00-86c8-f374369d89bb,home,2,0,6,0,460,7,0,6,4,0,1,0,12,0,0,RW,,,,,,,,true,,false,false
788e60ad-e91f-490c-a2bf-01a905d833d2,34f9b7a0-13c1-4e9a-ac02-fb63f1440a5b,home,0,2,2,0,750,21,2,1,10,2,6,2,15,0,0,CM,,,,,,,,true,,false,false
788e60ad-e91f-490c-a2bf-01a905d833d2,37d3ea41-e24c-4935-acf2-06c387ac47e9,away,0,0,2,0,285,9,1,2,9,2,0,0,16,0,0,LB,,,,,,,,true,,false,false
788e60ad-e91f-490c-a2bf-01a905d833d2,4074bd27-2945-48e1-ad1c-a6fecabf859c,away,3,0,5,0,595,9,1,4,3,0,5,0,6,0,0,LW,,,,,,,,true,,false,false
788e60ad-e91f-490c-a2bf-01a905d833d2,41e7657e-1ef1-40a7-96f3-f252ebdd7345,home,0,0,1,0,245,9,0,1,7,2,3,0,14,0,0,LB,,,,,,,,true,,false,false
788e60ad-e91f-490c-a2bf-01a905d833d2,8e6af089-fdd5-4ab3-854a-677599513198,away,0,1,1,0,345,14,1,0,10,1,2,0,18,0,0,RW,,,,,,,,true,,false,false
788e60ad-e91f-490c-a2bf-01a905d833d2,991e6f31-863a-44d6-b530-5376b19d027b,home,1,0,3,0,905,22,0,3,15,5,7,4,18,0,0,RB,,,,,,,,true,,false,false
788e60ad-e91f-490c-a2bf-01a905d833d2,9b662727-19aa-4f5d-8459-696c178c498e,away,0,0,0,7,740,11,0,0,2,0,5,0,13,7,3,GK,,,,,,,,true,,false,false
788e60ad-e91f-490c-a2bf-01a905d833d2,b43c872a-ee18-435d-9b92-6e3486484ea9,home,0,0,0,4,670,20,0,0,1,0,0,0,7,4,5,GK,,,,,,,,true,,false,false
788e60ad-e91f-490c-a2bf-01a905d833d2,ce2eee4f-8901-4b6f-bb29-4c6312d4c512,home,0,0,0,0,0,0,0,0,0,0,0,0,0,0,0,Sub 1,,,,,,,,false,1,true,false
788e60ad-e91f-490c-a2bf-01a905d833d2,dd6bad4e-3564-4c45-b5ff-2cfb4b9fa8e9,home,1,0,1,0,440,11,2,1,8,1,4,0,8,0,0,LW,,,,,,,,true,,false,false
788e60ad-e91f-490c-a2bf-01a905d833d2,f503bb9e-7264-4a3b-8b81-5035f1ef8188,away,0,1,0,0,430,14,2,0,3,0,5,2,6,0,0,RB,,,,,,,,true,,false,false
78919938-3c32-42aa-8095-a4d622499d7b,00521f1a-5d0f-4ef4-adec-69d95c103a64,away,1,0,2,0,695,14,1,2,15,6,3,2,16,0,0,CM,,,,,,,,true,,false,false
78919938-3c32-42aa-8095-a4d622499d7b,04d5a6ba-608c-4a00-86c8-f374369d89bb,home,1,0,4,0,390,11,1,3,7,0,0,0,13,0,0,RW,,,,,,,,true,,false,false
78919938-3c32-42aa-8095-a4d622499d7b,41d61a44-4b97-4833-a173-b16ac925e267,away,1,1,4,0,410,12,1,3,6,0,2,0,20,0,0,RW,,,,,,,,true,,false,false
78919938-3c32-42aa-8095-a4d622499d7b,7bce360c-9582-4ae3-a11f-ede63cedebe3,home,1,1,1,0,495,15,1,1,5,0,3,1,6,0,0,LW,,,,,,,,true,,false,false
78919938-3c32-42aa-8095-a4d622499d7b,7c42e1a2-b750-4d00-a214-26225d726f8f,away,0,1,0,0,410,5,3,0,6,4,5,1,9,0,0,RB,,,,,,,,true,,false,false
78919938-3c32-42aa-8095-a4d622499d7b,98b03fb3-17cc-4c68-b9d8-5972a8f555f6,home,0,0,1,0,340,10,0,1,10,2,5,1,16,0,0,LB,,,,,,,,true,,false,false
78919938-3c32-42aa-8095-a4d622499d7b,991e6f31-863a-44d6-b530-5376b19d027b,home,0,1,2,0,630,22,1,2,10,2,6,1,20,0,0,RB,,,,,,,,true,,false,false
78919938-3c32-42aa-8095-a4d622499d7b,9bb8426f-d9fb-4ccb-a9e5-9bf4f49b5bca,away,0,0,0,8,605,6,0,0,0,0,2,0,14,8,1,GK,,,,,,,,true,,false,false
78919938-3c32-42aa-8095-a4d622499d7b,9d0a604d-1960-493d-833a-47ea82bfd83b,home,2,1,5,0,830,15,1,5,12,2,7,1,19,0,0,CM,,,,,,,,true,,false,false
78919938-3c32-42aa-8095-a4d622499d7b,ac71326a-35d1-4686-bf2e-2a504f0f59c8,away,1,1,3,0,360,10,1,3,6,0,1,0,18,0,0,LW,,,,,,,,true,,false,false
78919938-3c32-42aa-8095-a4d622499d7b,b43c872a-ee18-435d-9b92-6e3486484ea9,home,0,0,0,6,810,21,0,0,0,0,1,0,7,6,4,GK,,,,,,,,true,,false,false
78919938-3c32-42aa-8095-a4d622499d7b,b4b73326-af94-4abd-93d5-0fe537e63df1,away,0,0,0,0,400,11,1,0,8,3,5,0,6,0,0,LB,,,,,,,,true,,false,false
7934e03f-23a5-4b89-ac6b-1e6f19a853bc,49b04121-e468-4401-b524-4329a1fd9ef9,away,0,0,0,3,365,10,0,0,0,0,4,0,7,3,0,GK,,,,,,,,true,,false,false
7934e03f-23a5-4b89-ac6b-1e6f19a853bc,57c81aac-8f96-466b-9a4a-8e130acb53ec,home,0,0,0,0,235,6,0,0,6,1,5,1,7,0,0,RB,,,,,,,,true,,false,false
7934e03f-23a5-4b89-ac6b-1e6f19a853bc,5a7ca4b8-c24e-4832-a4fb-a15984a2448e,away,0,1,0,0,595,20,1,0,15,2,6,1,18,0,0,RB,,,,,,,,true,,false,false
7934e03f-23a5-4b89-ac6b-1e6f19a853bc,5b62c1c4-5600-4e00-9f29-36c24d2bed29,away,0,0,0,0,260,10,1,0,5,1,2,1,7,0,0,LW,,,,,,,,true,,false,false
7934e03f-23a5-4b89-ac6b-1e6f19a853bc,5baed746-6a44-480d-9a45-c023f30382ae,home,1,3,2,0,830,16,3,1,21,3,4,0,24,0,0,CM,,,,,,,,true,,false,false
7934e03f-23a5-4b89-ac6b-1e6f19a853bc,662f5590-f76c-4ab1-9b8a-3e96b919715a,away,0,0,1,0,235,11,0,1,12,0,2,0,19,0,0,LB,,,,,,,,true,,false,false
7934e03f-23a5-4b89-ac6b-1e6f19a853bc,6935ce4a-0174-4388-ba33-79c0b2c2b66f,home,0,0,0,3,260,2,0,0,0,0,2,1,10,3,2,GK,,,,,,,,true,,false,false
7934e03f-23a5-4b89-ac6b-1e6f19a853bc,992c6f49-b81e-4d1f-958e-d78d2241d4d9,home,3,0,4,0,630,11,0,3,20,1,5,0,26,0,0,RW,,,,,,,,true,,false,false
7934e03f-23a5-4b89-ac6b-1e6f19a853bc,b1c4eb92-e9ac-4581-9ee8-9ac8baf7ecd6,away,0,0,2,0,240,11,0,1,5,0,1,0,9,0,0,RW,,,,,,,,true,,false,false
7934e03f-23a5-4b89-ac6b-1e6f19a853bc,bf044aef-0cad-4899-8e12-cd7dac3f5650,away,2,0,3,0,735,24,0,3,25,1,4,1,36,0,0,CM,,,,,,,,true,,false,false
7934e03f-23a5-4b89-ac6b-1e6f19a853bc,eaace543-2a0f-4ccb-b0b9-8cc9b1f04276,home,0,0,2,0,255,8,0,2,5,0,4,0,10,0,0,LB,,,,,,,,true,,false,false
7934e03f-23a5-4b89-ac6b-1e6f19a853bc,f55bc845-38ae-463b-b682-54680aec2aeb,home,2,0,4,0,480,9,0,3,14,0,4,0,20,0,0,LW,,,,,,,,true,,false,false
79529f02-c9ca-490f-a18c-d5c78831d3d9,17a87d78-36e2-4c98-8aa5-1389850fcb91,home,1,0,7,0,915,27,0,6,22,1,11,1,41,0,0,CM,,,,,,,,true,,false,false
79529f02-c9ca-490f-a18c-d5c78831d3d9,2a06d573-a6e1-4fbf-b675-267d49df828a,away,0,1,0,0,800,31,2,0,15,0,8,2,17,0,0,LB,,,,,,,,true,,false,false
79529f02-c9ca-490f-a18c-d5c78831d3d9,5e63ae3d-def3-460e-baa4-33ebfb9a91d9,home,0,0,0,0,0,0,0,0,0,0,0,0,0,0,0,Sub 1,,,,,,,,false,1,true,false
79529f02-c9ca-490f-a18c-d5c78831d3d9,695c301a-3f49-4916-8d67-6e198d6529f5,home,2,0,8,0,695,15,1,6,14,0,3,0,26,0,0,RW,,,,,,,,true,,false,false
79529f02-c9ca-490f-a18c-d5c78831d3d9,6a3f628f-7dad-48b0-afe2-be3969115b0d,home,0,0,1,4,570,13,0,1,0,0,2,1,8,4,2,GK,,,,,,,,true,,false,false
79529f02-c9ca-490f-a18c-d5c78831d3d9,6f37dca2-7250-4c16-b0de-d88a88327ee7,away,3,0,5,0,560,17,0,4,9,1,6,0,32,0,0,CM,,,,,,,,true,,false,false
79529f02-c9ca-490f-a18c-d5c78831d3d9,77838858-4583-47d2-bf17-33cdfa4495bd,home,0,0,0,0,460,13,0,0,8,3,8,2,10,0,0,LB,,,,,,,,true,,false,false
79529f02-c9ca-490f-a18c-d5c78831d3d9,8e6af089-fdd5-4ab3-854a-677599513198,away,1,0,2,0,525,25,1,2,11,0,6,0,28,0,0,LW,,,,,,,,true,,false,false
79529f02-c9ca-490f-a18c-d5c78831d3d9,94a80472-3333-4903-bacb-a840ece6c816,away,0,1,2,0,355,13,1,2,9,0,4,0,22,0,0,RW,,,,,,,,true,,false,false
79529f02-c9ca-490f-a18c-d5c78831d3d9,9b662727-19aa-4f5d-8459-696c178c498e,away,0,0,0,9,955,17,0,0,0,0,1,1,9,9,3,GK,,,,,,,,true,,false,false
79529f02-c9ca-490f-a18c-d5c78831d3d9,9e299cb3-3bc4-47d3-98ed-713728ffec07,home,0,0,0,0,555,20,0,0,14,5,6,0,17,0,0,RB,,,,,,,,true,,false,false
79529f02-c9ca-490f-a18c-d5c78831d3d9,ff72778a-8f65-40f1-95bc-e5d85db5abc5,away,0,0,0,0,675,19,0,0,16,2,12,2,13,0,0,RB,,,,,,,,true,,false,false
7a6022a2-c30c-400a-b758-ef2965c1ef79,058a7596-9774-443f-993a-4b755ffe4f3a,away,1,1,2,0,395,10,1,1,20,0,5,0,34,0,0,RW,,,,,,,,true,,false,false
7a6022a2-c30c-400a-b758-ef2965c1ef79,1fc1fc80-4a6f-48d6-9f78-36704a1d26d6,home,0,0,0,4,530,13,0,0,0,0,3,1,11,4,3,GK,,,,,,,,true,,false,false
7a6022a2-c30c-400a-b758-ef2965c1ef79,21dd894a-7f63-494f-94b4-1ba66091938d,away,0,0,0,0,0,0,0,0,0,0,0,0,0,0,0,RB,,,,,,,,true,,false,false
7a6022a2-c30c-400a-b758-ef2965c1ef79,26c6fd97-a374-4786-8561-634c81de2b57,away,1,0,2,0,445,12,1,1,13,1,7,0,21,0,0,CM,,,,,,,,true,,false,false
7a6022a2-c30c-400a-b758-ef2965c1ef79,47661561-e136-4d84-be1c-79fc0d47e921,home,0,0,0,0,385,15,1,0,14,0,4,1,16,0,0,LB,,,,,,,,true,,false,false
7a6022a2-c30c-400a-b758-ef2965c1ef79,51721016-b394-4dea-a7e7-cb3374f018d1,away,0,0,0,0,330,7,0,0,0,0,6,0,4,2,1,GK,,,,,,,,true,,false,false
7a6022a2-c30c-400a-b758-ef2965c1ef79,5aa7d6bb-fb61-467b-9200-0e55e5baca83,away,0,0,0,0,0,0,0,0,0,0,0,0,0,0,0,Sub 1,,,,,,,,false,1,true,false
7a6022a2-c30c-400a-b758-ef2965c1ef79,6adf6e5f-a0dd-4e91-be62-6ab6080c9b7f,home,0,0,0,0,560,21,0,0,20,4,3,2,25,0,0,CM,,,,,,,,true,,false,false
7a6022a2-c30c-400a-b758-ef2965c1ef79,7e5502a7-6938-427e-9edd-e08064b11735,away,2,1,2,0,645,18,2,2,16,0,9,0,31,0,0,LW,,,,,,,,true,,false,false
7a6022a2-c30c-400a-b758-ef2965c1ef79,8224ef9f-3a52-427c-9403-f110b1b0ef47,away,0,0,0,0,0,0,0,0,0,0,0,0,0,0,0,Sub 2,,,,,,,,false,2,true,false
7a6022a2-c30c-400a-b758-ef2965c1ef79,d1ad216c-0bbb-4d7a-aabd-cdb52cb3d808,home,0,0,0,0,0,0,0,0,0,0,0,0,0,0,0,Sub 1,,,,,,,,false,1,true,false
7a6022a2-c30c-400a-b758-ef2965c1ef79,df4cf9bb-c82d-447f-9c35-22f9bd145e11,away,0,0,0,0,265,11,1,0,14,0,5,0,21,0,0,LB,,,,,,,,true,,false,false
7a6022a2-c30c-400a-b758-ef2965c1ef79,e4145b3b-509f-48c4-aa60-d6df540f762f,away,0,0,1,0,280,5,0,1,5,2,7,1,10,0,0,Sub 3,,,,,,,,false,3,false,false
7a6022a2-c30c-400a-b758-ef2965c1ef79,e4ca84fb-e03d-4938-a499-da884a27a61a,home,2,0,5,0,510,12,0,3,11,0,3,0,18,0,0,RW,,,,,,,,true,,false,false
7a6022a2-c30c-400a-b758-ef2965c1ef79,f55bc845-38ae-463b-b682-54680aec2aeb,home,0,1,2,0,255,5,2,1,10,1,2,0,21,0,0,LW,,,,,,,,true,,false,false
7a6022a2-c30c-400a-b758-ef2965c1ef79,f81bcb96-24dd-4377-bb0c-062806417b9c,home,0,0,0,0,455,15,1,0,20,0,14,1,33,0,0,RB,,,,,,,,true,,false,false
7cfa670a-5e76-4334-82c0-ebebff69e89d,16be98a3-38b7-43cb-a21f-818d25515684,home,2,0,3,0,575,12,0,2,12,3,2,1,14,0,0,LB,,,,,,,,true,,false,false
7cfa670a-5e76-4334-82c0-ebebff69e89d,18705b90-e5c8-4cc2-98fb-902cb958d376,home,0,2,0,0,305,7,4,0,6,0,0,0,11,0,0,RW,,,,,,,,true,,false,false
7cfa670a-5e76-4334-82c0-ebebff69e89d,2a06d573-a6e1-4fbf-b675-267d49df828a,away,0,0,0,0,225,13,0,0,6,0,2,0,9,0,0,LB,,,,,,,,true,,false,false
7cfa670a-5e76-4334-82c0-ebebff69e89d,4074bd27-2945-48e1-ad1c-a6fecabf859c,away,1,0,2,0,240,7,0,1,3,0,1,0,5,0,0,LW,,,,,,,,true,,false,false
7cfa670a-5e76-4334-82c0-ebebff69e89d,6ca9e07b-b6d4-461a-aa3e-e3827cd56781,away,0,2,4,0,465,11,3,2,11,0,0,0,21,0,0,RW,,,,,,,,true,,false,false
7cfa670a-5e76-4334-82c0-ebebff69e89d,75006243-09bb-4172-8880-7fc3a3e0d95c,home,0,0,0,0,150,5,0,0,5,2,0,0,5,0,0,RB,,,,,,,,true,,false,false
7cfa670a-5e76-4334-82c0-ebebff69e89d,7593f03f-2200-45ae-9a01-fd8019c47470,home,0,2,2,0,630,15,4,2,9,1,3,0,12,0,0,CM,,,,,,,,true,,false,false
7cfa670a-5e76-4334-82c0-ebebff69e89d,8e6af089-fdd5-4ab3-854a-677599513198,away,2,0,2,0,550,20,2,2,9,0,3,0,18,0,0,CM,,,,,,,,true,,false,false
7cfa670a-5e76-4334-82c0-ebebff69e89d,942c88aa-c32c-4f4a-8ae2-ac0c8fda6cb7,home,3,0,6,0,625,11,0,4,14,2,2,0,23,0,0,LW,,,,,,,,true,,false,false
7cfa670a-5e76-4334-82c0-ebebff69e89d,9b662727-19aa-4f5d-8459-696c178c498e,away,0,0,0,3,385,11,0,0,0,0,3,2,10,3,0,GK,,,,,,,,true,,false,false
7cfa670a-5e76-4334-82c0-ebebff69e89d,f097b613-dba4-4dfb-b6ee-733a9a2ba61a,home,0,0,0,2,450,13,1,0,0,0,3,1,4,2,2,GK,,,,,,,,true,,false,false
7cfa670a-5e76-4334-82c0-ebebff69e89d,f503bb9e-7264-4a3b-8b81-5035f1ef8188,away,0,0,0,0,480,18,0,0,11,2,4,1,9,0,0,RB,,,,,,,,true,,false,false
7d69d580-a9bd-42d5-81d3-3ec0803697c3,1ef81557-4610-448a-9114-a54e57e308e9,home,0,0,0,0,360,9,1,0,5,3,6,2,9,0,0,RB,,,,,,,,true,,false,false
7d69d580-a9bd-42d5-81d3-3ec0803697c3,49b04121-e468-4401-b524-4329a1fd9ef9,away,0,0,0,2,395,11,0,0,0,0,1,0,6,2,5,GK,,,,,,,,true,,false,false
7d69d580-a9bd-42d5-81d3-3ec0803697c3,662f5590-f76c-4ab1-9b8a-3e96b919715a,away,0,0,2,0,180,7,0,2,11,0,4,0,25,0,0,RW,,,,,,,,true,,false,false
7d69d580-a9bd-42d5-81d3-3ec0803697c3,66baf5f0-2eda-4953-b088-96c35e37afa5,home,0,0,0,7,620,9,0,0,0,0,2,0,7,7,0,GK,,,,,,,,true,,false,false
7d69d580-a9bd-42d5-81d3-3ec0803697c3,700b5fc1-8539-484d-9da7-e172c39e1371,home,1,1,2,0,360,10,1,2,1,0,2,0,7,0,0,LW,,,,,,,,true,,false,false
7d69d580-a9bd-42d5-81d3-3ec0803697c3,a89648ad-2c02-4899-9504-9dfe645ae994,away,0,0,0,0,300,14,0,0,5,2,5,0,11,0,0,RB,,,,,,,,true,,false,false
7d69d580-a9bd-42d5-81d3-3ec0803697c3,d8c46dc4-b346-4aa6-a929-4e5d0d4dcd91,away,1,0,5,0,600,15,0,4,13,1,3,1,19,0,0,CM,,,,,,,,true,,false,false
7d69d580-a9bd-42d5-81d3-3ec0803697c3,f039da87-06a7-4f3f-a14e-1240ab0d8e97,home,0,1,0,0,575,20,2,0,17,2,7,1,27,0,0,LB,,,,,,,,true,,false,false
7d69d580-a9bd-42d5-81d3-3ec0803697c3,f3ebc231-43d9-4979-bf33-d41928a11c76,away,1,1,2,0,890,22,2,2,12,4,12,2,21,0,0,LB,,,,,,,,true,,false,false
7d69d580-a9bd-42d5-81d3-3ec0803697c3,f9a1b1c4-3be4-455a-911b-002588031dc0,home,0,0,0,0,0,0,0,0,0,0,0,0,0,0,0,Sub 1,,,,,,,,false,1,true,false
7d69d580-a9bd-42d5-81d3-3ec0803697c3,fab1aec0-0fe0-430d-8799-a0da1a9009d7,home,1,2,2,0,400,11,2,1,3,0,1,0,12,0,0,RW,,,,,,,,true,,false,false
7d69d580-a9bd-42d5-81d3-3ec0803697c3,fac3b9dc-c0db-4bfa-90e4-37ec9e71f61f,home,2,0,6,0,885,20,2,5,23,0,7,0,29,0,0,CM,,,,,,,,true,,false,false
7d69d580-a9bd-42d5-81d3-3ec0803697c3,ff876c02-281d-434e-a4ef-d11693e53f03,away,1,0,3,0,330,10,0,2,7,0,0,0,10,0,0,LW,,,,,,,,true,,false,false
7e47f62c-b397-4c49-a84d-821585d74340,01cf41f4-3a8e-4aee-a65e-92019f16f77a,home,0,0,1,0,85,2,0,0,3,1,0,0,4,0,0,Sub 2,,,,,,,,false,2,false,false
7e47f62c-b397-4c49-a84d-821585d74340,2056400f-c5ac-483d-abe5-5fe710f8cb7a,away,0,1,0,8,750,8,1,0,0,0,0,0,8,8,1,GK,,,,,,,,true,,false,false
7e47f62c-b397-4c49-a84d-821585d74340,2ac4ccc7-723b-42fd-bc24-40c74823387a,away,5,1,13,0,1200,18,2,10,11,0,2,0,20,0,0,LW,,,,,,,,true,,false,false
7e47f62c-b397-4c49-a84d-821585d74340,3914a82e-650b-4260-8805-0ff2dfa80104,home,0,0,0,5,640,9,1,0,1,0,2,0,4,5,4,GK,,,,,,,,true,,false,false
7e47f62c-b397-4c49-a84d-821585d74340,581d7468-efeb-4a72-ba17-af18f508b9a9,home,1,2,2,0,855,22,6,1,6,0,7,1,9,0,0,RB,,,,,,,,true,,false,false
7e47f62c-b397-4c49-a84d-821585d74340,857379d8-dbe1-4f84-b983-f6d8cfa3d047,home,0,0,2,0,375,12,0,2,8,2,7,0,18,0,0,LB,,,,,,,,true,,false,false
7e47f62c-b397-4c49-a84d-821585d74340,8aee7ffc-7867-4404-a381-77ef9074560e,home,0,0,0,0,0,0,0,0,0,0,0,0,0,0,0,Sub 3,,,,,,,,false,3,true,false
7e47f62c-b397-4c49-a84d-821585d74340,91a49753-2644-4905-8fec-859f08282135,home,3,0,8,0,790,17,2,5,13,0,1,0,20,0,0,RW,,,,,,,,true,,false,false
7e47f62c-b397-4c49-a84d-821585d74340,a374d177-0be0-415d-97f2-7e29ec1b5cab,away,0,1,0,0,575,15,4,0,7,3,6,4,18,0,0,CM,,,,,,,,true,,false,false
7e47f62c-b397-4c49-a84d-821585d74340,b42cb719-246f-4f6f-8edc-c0b3b60fdbbe,home,2,1,6,0,655,14,1,4,5,0,1,0,8,0,0,LW,,,,,,,,true,,false,false
7e47f62c-b397-4c49-a84d-821585d74340,bf2c1bbf-a8e3-4beb-b1c1-edf70ceb9fc5,away,0,1,0,0,345,9,1,0,10,2,5,0,15,0,0,LB,,,,,,,,true,,false,false
7e47f62c-b397-4c49-a84d-821585d74340,c2741329-9dc5-4d34-948a-e3e5dac92d1e,away,0,0,0,0,295,8,1,0,12,1,3,0,10,0,0,RB,,,,,,,,true,,false,false
7e47f62c-b397-4c49-a84d-821585d74340,e681251b-30bc-4e97-9401-e5678f05c106,home,2,0,3,0,435,15,0,3,8,0,2,0,19,0,0,ST,,,,,,,,true,,false,false
7e47f62c-b397-4c49-a84d-821585d74340,fe5b4ca0-13f5-4b40-8170-29fc52475441,away,2,1,5,0,585,10,3,4,3,0,4,0,13,0,0,RW,,,,,,,,true,,false,false
7e9344b0-03f0-41af-991b-5ffdfdc6cec4,111fdb75-e8eb-418e-b83b-52b005e7cee4,home,0,0,0,0,875,0,0,0,0,0,0,0,0,0,0,GK,,,,,,,,true,,false,true
7e9344b0-03f0-41af-991b-5ffdfdc6cec4,2df6118a-d3a1-4ade-a47a-24df97b599ac,away,0,0,0,0,476,0,0,0,0,0,0,0,0,0,0,GK,,,,,,,,true,,false,true
7e9344b0-03f0-41af-991b-5ffdfdc6cec4,3f35ca99-12f4-40b9-a3ab-fb41119b5d9e,home,0,0,0,0,650,0,0,0,0,0,0,0,0,0,0,RB,,,,,,,,true,,false,true
7e9344b0-03f0-41af-991b-5ffdfdc6cec4,4b10c363-7278-41db-8789-426679d7f38b,away,0,0,0,0,610,0,0,0,0,0,0,0,0,0,0,LW,,,,,,,,true,,false,true
7e9344b0-03f0-41af-991b-5ffdfdc6cec4,4bc91dfc-5b1a-46d9-8bcc-c7acd0f53b7d,away,0,0,0,0,562,0,0,0,0,0,0,0,0,0,0,CM,,,,,,,,true,,false,true
7e9344b0-03f0-41af-991b-5ffdfdc6cec4,65f8e00a-7543-4501-8b5f-fcee0c7fdb5d,home,0,0,0,0,710,0,0,0,0,0,0,0,0,0,0,LW,,,,,,,,true,,false,true
7e9344b0-03f0-41af-991b-5ffdfdc6cec4,8bdcd440-843b-4713-98f5-52c8be1f8f26,away,0,0,0,0,478,0,0,0,0,0,0,0,0,0,0,RB,,,,,,,,true,,false,true
7e9344b0-03f0-41af-991b-5ffdfdc6cec4,a75e3a4d-f9bd-4a2a-8dea-d5c06ae64e69,home,0,0,0,0,315,0,0,0,0,0,0,0,0,0,0,LB,,,,,,,,true,,false,true
7e9344b0-03f0-41af-991b-5ffdfdc6cec4,bdf9dc41-0c47-4588-a95c-4c701ff0d64e,away,0,0,0,0,645,0,0,0,0,0,0,0,0,0,0,RW,,,,,,,,true,,false,true
7e9344b0-03f0-41af-991b-5ffdfdc6cec4,e82634ff-ff00-425b-b75f-7be34d6659c2,home,0,0,0,0,595,0,0,0,0,0,0,0,0,0,0,RW,,,,,,,,true,,false,true
7e9344b0-03f0-41af-991b-5ffdfdc6cec4,fa4bba90-e9b0-435c-bda8-fe6bfcc23d99,away,0,0,0,0,590,0,0,0,0,0,0,0,0,0,0,LB,,,,,,,,true,,false,true
7e9344b0-03f0-41af-991b-5ffdfdc6cec4,fb127318-8f44-45b0-acff-7fdb4b7bcc59,home,0,0,0,0,690,0,0,0,0,0,0,0,0,0,0,CM,,,,,,,,true,,false,true
806be616-d8e8-4144-a14b-ccc6464f3ddc,0149da01-4684-4fd2-bfaa-67f7deeff4ab,away,0,2,1,0,705,25,2,0,9,2,3,1,12,0,0,RB,,,,,,,,true,,false,false
806be616-d8e8-4144-a14b-ccc6464f3ddc,0b8a523f-e03a-4ffe-9298-5082d52108cd,away,0,1,0,0,560,27,2,0,5,1,3,0,10,0,0,CM,,,,,,,,true,,false,false
806be616-d8e8-4144-a14b-ccc6464f3ddc,3ae0f2b9-08db-4594-86e1-81772e94fb0e,home,1,1,4,0,470,10,1,4,5,0,2,0,12,0,0,LW,,,,,,,,true,,false,false
806be616-d8e8-4144-a14b-ccc6464f3ddc,4db12a51-b358-488a-9c04-ee09cb88e69b,home,0,0,0,2,255,5,0,0,0,0,0,0,2,2,2,GK,,,,,,,,true,,false,false
806be616-d8e8-4144-a14b-ccc6464f3ddc,57ed0735-3daf-49d4-b4e3-63c2527f8d57,home,0,2,0,0,555,14,2,0,6,0,8,3,11,0,0,RB,,,,,,,,true,,false,false
806be616-d8e8-4144-a14b-ccc6464f3ddc,5c667d1e-4c6e-4677-ac07-31ebf653d184,away,3,0,3,0,410,12,1,3,5,0,2,0,20,0,0,RW,,,,,,,,true,,false,false
806be616-d8e8-4144-a14b-ccc6464f3ddc,6cbece72-a0f9-4c80-a6e4-332abe28faf6,away,0,0,1,0,315,16,0,1,6,0,4,1,15,0,0,LW,,,,,,,,true,,false,false
806be616-d8e8-4144-a14b-ccc6464f3ddc,783b9d50-39ff-48b0-84d9-b608fdf515b3,away,0,0,0,5,695,17,0,0,0,0,3,1,3,5,1,GK,,,,,,,,true,,false,false
806be616-d8e8-4144-a14b-ccc6464f3ddc,7d522140-9b97-4111-ab0f-95aa1be11fdf,home,0,0,2,0,485,13,2,0,11,3,7,1,18,0,0,LB,,,,,,,,true,,false,false
806be616-d8e8-4144-a14b-ccc6464f3ddc,99380f31-55f5-4e9e-88ef-12763487cbb3,home,1,0,2,0,430,12,1,2,8,1,4,0,13,0,0,CM,,,,,,,,true,,false,false
806be616-d8e8-4144-a14b-ccc6464f3ddc,9f00aa95-962f-40c7-a55a-318d7bd0e312,away,0,0,0,0,0,0,0,0,0,0,0,0,0,0,0,Sub 1,,,,,,,,false,1,true,false
806be616-d8e8-4144-a14b-ccc6464f3ddc,db29b279-55c3-4841-91f6-8a5f9c7bcdc4,home,2,1,3,0,425,8,2,2,4,0,2,0,12,0,0,RW,,,,,,,,true,,false,false
806be616-d8e8-4144-a14b-ccc6464f3ddc,de48b9e4-239f-45e8-8d09-3bcb8c36d051,away,0,0,0,0,285,13,0,0,10,1,1,0,10,0,0,LB,,,,,,,,true,,false,false
810ebdd7-435a-492a-8219-830604c69bb1,08bf68b8-e774-4a56-bfc9-4c1e6066490b,home,0,0,1,0,405,10,0,1,15,4,6,0,21,0,0,CM,,,,,,,,true,,false,false
810ebdd7-435a-492a-8219-830604c69bb1,19a503d9-0de9-42d4-965e-230c4772a949,home,0,0,0,0,165,0,0,0,12,4,3,2,21,0,0,LB,,,,,,,,true,,false,false
810ebdd7-435a-492a-8219-830604c69bb1,3d0afe97-fd94-40db-ac93-d30c1ef08a7c,home,0,0,0,0,50,4,0,0,18,1,3,0,35,0,0,RW,,,,,,,,true,,false,false
810ebdd7-435a-492a-8219-830604c69bb1,51f3dbda-8258-44b1-8ee7-906bc14a2f56,away,0,1,2,0,530,16,2,1,18,0,4,1,25,0,0,CM,,,,,,,,true,,false,false
810ebdd7-435a-492a-8219-830604c69bb1,6adf6e5f-a0dd-4e91-be62-6ab6080c9b7f,away,1,1,1,0,670,20,1,1,15,3,3,0,16,0,0,LB,,,,,,,,true,,false,false
810ebdd7-435a-492a-8219-830604c69bb1,760a6131-0069-4e05-9e70-6bec90191637,home,0,0,0,0,225,9,0,0,3,1,6,0,7,0,0,RB,,,,,,,,true,,false,false
810ebdd7-435a-492a-8219-830604c69bb1,992c6f49-b81e-4d1f-958e-d78d2241d4d9,home,0,0,2,0,335,10,0,2,13,0,2,0,14,0,0,LW,,,,,,,,true,,false,false
810ebdd7-435a-492a-8219-830604c69bb1,b97768bd-0745-49ec-b961-a0404701547b,away,0,0,0,3,445,8,0,0,0,0,4,1,6,3,3,GK,,,,,,,,true,,false,false
810ebdd7-435a-492a-8219-830604c69bb1,c677e3e5-95d1-4001-b620-6350764d9a29,home,0,0,0,7,745,10,0,0,0,0,3,2,10,7,3,GK,,,,,,,,true,,false,false
810ebdd7-435a-492a-8219-830604c69bb1,e4ca84fb-e03d-4938-a499-da884a27a61a,away,1,0,8,0,575,12,0,6,11,0,4,0,23,0,0,RW,,,,,,,,true,,false,false
810ebdd7-435a-492a-8219-830604c69bb1,f55bc845-38ae-463b-b682-54680aec2aeb,away,2,0,4,0,335,3,0,4,7,0,1,0,13,0,0,LW,,,,,,,,true,,false,false
810ebdd7-435a-492a-8219-830604c69bb1,f81bcb96-24dd-4377-bb0c-062806417b9c,away,0,0,0,0,300,12,0,0,16,1,5,0,22,0,0,RB,,,,,,,,true,,false,false
82716bd7-9ebb-4991-ac15-f92d3482f92a,1fba72d3-2686-40a2-8a95-841fa23d8122,away,0,0,0,0,390,0,0,0,0,0,0,0,0,0,0,LB,,,,,,,,true,,false,true
82716bd7-9ebb-4991-ac15-f92d3482f92a,1fc1fc80-4a6f-48d6-9f78-36704a1d26d6,home,0,0,0,0,570,0,0,0,0,0,0,0,0,0,0,GK,,,,,,,,true,,false,true
82716bd7-9ebb-4991-ac15-f92d3482f92a,21c61bd1-10fd-4974-9031-a18bd5e6520f,away,0,0,0,0,565,0,0,0,0,0,0,0,0,0,0,RB,,,,,,,,true,,false,true
82716bd7-9ebb-4991-ac15-f92d3482f92a,2af14ed0-2243-436a-8000-4fbfa191d50e,away,0,0,0,0,1085,0,0,0,0,0,0,0,0,0,0,CM,,,,,,,,true,,false,true
82716bd7-9ebb-4991-ac15-f92d3482f92a,47661561-e136-4d84-be1c-79fc0d47e921,home,0,0,0,0,445,0,0,0,0,0,0,0,0,0,0,LB,,,,,,,,true,,false,true
82716bd7-9ebb-4991-ac15-f92d3482f92a,51f3dbda-8258-44b1-8ee7-906bc14a2f56,home,0,0,0,0,375,0,0,0,0,0,0,0,0,0,0,LW,,,,,,,,true,,false,true
82716bd7-9ebb-4991-ac15-f92d3482f92a,5bae39d4-413b-4ba4-96fd-be6e36a51fec,away,0,0,0,0,725,0,0,0,0,0,0,0,0,0,0,LW,,,,,,,,true,,false,true
82716bd7-9ebb-4991-ac15-f92d3482f92a,6adf6e5f-a0dd-4e91-be62-6ab6080c9b7f,home,0,0,0,0,250,0,0,0,0,0,0,0,0,0,0,CM,,,,,,,,true,,false,true
82716bd7-9ebb-4991-ac15-f92d3482f92a,8a6d4726-d8b3-41e6-b4bb-52ef0cf4062e,home,0,0,0,0,310,0,0,0,0,0,0,0,0,0,0,RW,,,,,,,,true,,false,true
82716bd7-9ebb-4991-ac15-f92d3482f92a,c2e1ef6c-89f7-4065-a6c5-c0d89e58dff8,away,0,0,0,0,1215,0,0,0,0,0,0,0,0,0,0,RW,,,,,,,,true,,false,true
82716bd7-9ebb-4991-ac15-f92d3482f92a,f3366acb-e947-4395-9d05-d32701b5f986,away,0,0,0,0,315,0,0,0,0,0,0,0,0,0,0,GK,,,,,,,,true,,false,true
82716bd7-9ebb-4991-ac15-f92d3482f92a,f81bcb96-24dd-4377-bb0c-062806417b9c,home,0,0,0,0,270,0,0,0,0,0,0,0,0,0,0,RB,,,,,,,,true,,false,true
834fc23f-3022-4608-ab59-946f47c753e0,0d100302-039c-488b-bf0c-1347f76879f5,home,0,1,0,0,810,16,1,0,19,8,8,2,17,0,0,LB,,,,,,,,true,,false,false
834fc23f-3022-4608-ab59-946f47c753e0,0dd49f0b-f99d-4b20-8f47-8c6b62139b98,away,0,0,0,0,95,8,0,0,4,0,1,0,10,0,0,RB,,,,,,,,true,,false,false
834fc23f-3022-4608-ab59-946f47c753e0,17b7048c-b910-4f56-a64a-d398221dd63a,home,2,2,4,0,775,10,2,4,24,3,4,0,34,0,0,CM,,,,,,,,true,,false,false
834fc23f-3022-4608-ab59-946f47c753e0,6006e119-0315-48fa-a960-99688e274550,away,2,0,3,0,455,10,0,2,4,0,3,1,5,0,0,LW,,,,,,,,true,,false,false
834fc23f-3022-4608-ab59-946f47c753e0,7d309808-fb3f-4a9c-94fc-b851290b13de,home,2,0,4,0,585,11,1,4,18,1,4,0,26,0,0,LW,,,,,,,,true,,false,false
834fc23f-3022-4608-ab59-946f47c753e0,97ef1b14-348a-410b-83ce-ced05610ef9a,home,0,0,0,0,0,0,0,0,0,0,0,0,0,0,0,Sub 1,,,,,,,,false,1,true,false
834fc23f-3022-4608-ab59-946f47c753e0,ab8294c2-f185-4d63-8cb9-cedca35a65f7,home,3,2,9,0,855,10,3,8,6,0,6,1,27,0,0,RW,,,,,,,,true,,false,false
834fc23f-3022-4608-ab59-946f47c753e0,b298b56c-db9d-4c7b-a06f-641728c33da0,home,0,0,0,0,390,10,0,0,13,2,6,1,12,0,0,RB,,,,,,,,true,,false,false
834fc23f-3022-4608-ab59-946f47c753e0,b3a498f0-d632-4d47-9794-eb67f6c40a74,away,1,0,1,0,170,3,0,1,5,0,0,0,5,0,0,RW,,,,,,,,true,,false,false
834fc23f-3022-4608-ab59-946f47c753e0,b6ff4b52-fa8f-4ede-ae27-c1e83b4733e4,away,0,0,0,0,210,9,0,0,8,0,3,0,9,0,0,Sub 3,,,,,,,,false,3,false,false
834fc23f-3022-4608-ab59-946f47c753e0,be25796e-cbbd-4f0f-804f-be89344383c8,away,1,0,2,0,475,18,0,2,14,0,1,0,17,0,0,CM,,,,,,,,true,,false,false
834fc23f-3022-4608-ab59-946f47c753e0,bf4c4e23-eb90-4cec-9712-75ab9e36683b,away,0,2,1,0,635,17,2,1,21,1,8,0,30,0,0,LB,,,,,,,,true,,false,false
834fc23f-3022-4608-ab59-946f47c753e0,d056431b-35f3-4e15-955a-0a25a981b624,away,0,2,0,0,265,6,4,0,4,0,1,0,12,0,0,Sub 1,,,,,,,,false,1,false,false
834fc23f-3022-4608-ab59-946f47c753e0,d62405cb-44a0-41ad-8368-fcf20b9d9af0,away,0,0,0,8,730,8,1,0,0,0,1,0,8,8,2,GK,,,,,,,,true,,false,false
834fc23f-3022-4608-ab59-946f47c753e0,f6335766-f91c-418e-aae2-0f2d46dd6705,home,0,0,0,4,410,6,0,0,0,0,0,0,3,4,2,GK,,,,,,,,true,,false,false
84ef5a32-452f-493f-9393-267d740384e6,49b04121-e468-4401-b524-4329a1fd9ef9,home,1,2,2,0,880,20,3,2,24,3,6,2,34,0,0,CM,,,,,,,,true,,false,false
84ef5a32-452f-493f-9393-267d740384e6,565f74c4-302b-4d0b-8fe7-057809b2f5c8,away,0,1,0,0,480,12,1,0,3,1,10,1,3,0,0,LB,,,,,,,,true,,false,false
84ef5a32-452f-493f-9393-267d740384e6,59367df6-a831-4a1c-8cb1-a65a16687609,away,0,0,0,5,480,5,0,0,0,0,2,1,10,5,3,GK,,,,,,,,true,,false,false
84ef5a32-452f-493f-9393-267d740384e6,5b62c1c4-5600-4e00-9f29-36c24d2bed29,home,0,0,0,0,370,9,0,0,3,2,6,4,5,0,0,RB,,,,,,,,true,,false,false
84ef5a32-452f-493f-9393-267d740384e6,662f5590-f76c-4ab1-9b8a-3e96b919715a,home,2,0,3,0,290,2,0,3,3,0,1,0,5,0,0,RW,,,,,,,,true,,false,false
84ef5a32-452f-493f-9393-267d740384e6,8224ef9f-3a52-427c-9403-f110b1b0ef47,away,1,0,2,0,265,8,1,2,5,0,3,0,15,0,0,LW,,,,,,,,true,,false,false
84ef5a32-452f-493f-9393-267d740384e6,857379d8-dbe1-4f84-b983-f6d8cfa3d047,away,1,1,2,0,650,12,1,2,22,2,7,0,25,0,0,RB,,,,,,,,true,,false,false
84ef5a32-452f-493f-9393-267d740384e6,a0dee0ba-40fe-458c-8b10-9c84b52fd7bc,home,0,0,0,8,890,9,0,0,0,0,4,3,13,8,6,GK,,,,,,,,true,,false,false
84ef5a32-452f-493f-9393-267d740384e6,b935858d-f739-483e-a0b3-997fa723f5b4,away,2,0,4,0,475,7,1,4,12,0,1,0,15,0,0,CM,,,,,,,,true,,false,false
84ef5a32-452f-493f-9393-267d740384e6,bf044aef-0cad-4899-8e12-cd7dac3f5650,home,1,2,4,0,695,20,3,4,18,0,4,0,38,0,0,LW,,,,,,,,true,,false,false
84ef5a32-452f-493f-9393-267d740384e6,e681251b-30bc-4e97-9401-e5678f05c106,away,1,1,6,0,455,6,1,5,12,0,3,0,27,0,0,RW,,,,,,,,true,,false,false
84ef5a32-452f-493f-9393-267d740384e6,ff876c02-281d-434e-a4ef-d11693e53f03,home,0,0,0,0,140,7,0,0,3,0,5,1,11,0,0,LB,,,,,,,,true,,false,false
8a135252-2ca2-4e7e-a9b1-ff4c2a66a7b2,00d95f21-b5ea-41c4-8871-8d8530c5b9f3,home,0,0,0,7,655,10,0,0,0,0,2,0,5,7,0,GK,,,,,,,,true,,false,false
8a135252-2ca2-4e7e-a9b1-ff4c2a66a7b2,04d5a6ba-608c-4a00-86c8-f374369d89bb,away,2,1,5,0,510,10,1,4,3,0,3,0,14,0,0,RW,,,,,,,,true,,false,false
8a135252-2ca2-4e7e-a9b1-ff4c2a66a7b2,38ccfa50-824a-41f6-a72c-fc8f897fb15e,away,0,0,1,0,210,8,1,1,6,1,2,0,13,0,0,CM,,,,,,,,true,,false,false
8a135252-2ca2-4e7e-a9b1-ff4c2a66a7b2,6763dad4-5c07-4f42-abe2-58f6f09e4af0,home,0,0,0,0,0,0,0,0,0,0,0,0,0,0,0,Sub 2,,,,,,,,false,2,true,false
8a135252-2ca2-4e7e-a9b1-ff4c2a66a7b2,7066872c-bfdb-482b-b521-1084d9f96012,home,0,0,0,0,0,0,0,0,0,0,0,0,0,0,0,Sub 1,,,,,,,,false,1,true,false
8a135252-2ca2-4e7e-a9b1-ff4c2a66a7b2,7bce360c-9582-4ae3-a11f-ede63cedebe3,away,1,0,2,0,305,8,0,2,9,1,1,0,14,0,0,LW,,,,,,,,true,,false,false
8a135252-2ca2-4e7e-a9b1-ff4c2a66a7b2,991e6f31-863a-44d6-b530-5376b19d027b,away,1,1,3,0,515,12,1,2,12,2,1,0,17,0,0,RB,,,,,,,,true,,false,false
8a135252-2ca2-4e7e-a9b1-ff4c2a66a7b2,9d0a604d-1960-493d-833a-47ea82bfd83b,away,0,0,0,0,535,17,0,0,16,4,9,1,22,0,0,LB,,,,,,,,true,,false,false
8a135252-2ca2-4e7e-a9b1-ff4c2a66a7b2,b43c872a-ee18-435d-9b92-6e3486484ea9,away,0,0,0,8,890,15,0,0,1,0,1,0,9,8,5,GK,,,,,,,,true,,false,false
8a135252-2ca2-4e7e-a9b1-ff4c2a66a7b2,c4c0b646-0bfc-4574-95fe-67901103ea8a,home,1,0,5,0,425,13,0,3,5,0,2,1,15,0,0,LW,,,,,,,,true,,false,false
8a135252-2ca2-4e7e-a9b1-ff4c2a66a7b2,d44e31a5-7773-47e2-93f3-a76abb4e7666,home,0,0,0,0,305,15,1,0,5,1,3,0,9,0,0,RB,,,,,,,,true,,false,false
8a135252-2ca2-4e7e-a9b1-ff4c2a66a7b2,db29b279-55c3-4841-91f6-8a5f9c7bcdc4,home,0,2,3,0,575,16,4,3,9,0,4,0,23,0,0,RW,,,,,,,,true,,false,false
8a135252-2ca2-4e7e-a9b1-ff4c2a66a7b2,ec5a612f-490d-4baa-a35a-b83f6426191f,home,0,0,0,0,65,2,0,0,2,0,1,0,1,0,0,LB,,,,,,,,true,,false,false
8a135252-2ca2-4e7e-a9b1-ff4c2a66a7b2,fac3b9dc-c0db-4bfa-90e4-37ec9e71f61f,home,1,0,3,0,510,22,0,3,8,0,4,0,20,0,0,CM,,,,,,,,true,,false,false
8a635894-4640-48fc-83ca-cde13d0bfa4f,13d262ff-7af4-417b-88d1-3818693781ad,away,0,0,0,0,0,0,0,0,0,0,0,0,0,0,0,Sub 1,,,,,,,,false,1,true,false
8a635894-4640-48fc-83ca-cde13d0bfa4f,16be98a3-38b7-43cb-a21f-818d25515684,home,0,0,0,0,535,26,1,0,8,0,4,2,11,0,0,LB,,,,,,,,true,,false,false
8a635894-4640-48fc-83ca-cde13d0bfa4f,18705b90-e5c8-4cc2-98fb-902cb958d376,home,2,0,4,0,435,13,0,3,5,0,0,0,11,0,0,LW,,,,,,,,true,,false,false
8a635894-4640-48fc-83ca-cde13d0bfa4f,21a45e6a-a10f-4773-978b-75d0f39cdeb4,away,0,1,0,0,495,17,2,0,10,1,4,1,13,0,0,CM,,,,,,,,true,,false,false
8a635894-4640-48fc-83ca-cde13d0bfa4f,33da5ff2-7f7a-4007-8497-8f563951c77d,home,1,1,3,0,670,21,3,2,10,1,1,1,17,0,0,RW,,,,,,,,true,,false,false
8a635894-4640-48fc-83ca-cde13d0bfa4f,64084aa4-1519-4593-8be4-6b8dee34f3e9,away,0,0,2,0,375,11,1,2,9,0,8,0,17,0,0,LB,,,,,,,,true,,false,false
8a635894-4640-48fc-83ca-cde13d0bfa4f,75006243-09bb-4172-8880-7fc3a3e0d95c,home,0,0,0,0,0,0,0,0,0,0,0,0,0,0,0,Sub 1,,,,,,,,false,1,true,false
8a635894-4640-48fc-83ca-cde13d0bfa4f,7593f03f-2200-45ae-9a01-fd8019c47470,home,0,0,0,0,440,15,0,0,11,4,5,1,15,0,0,RB,,,,,,,,true,,false,false
8a635894-4640-48fc-83ca-cde13d0bfa4f,7c811d9b-f926-4ccd-a62f-3323ce07002f,away,0,0,0,2,300,7,0,0,0,0,3,0,0,2,0,GK,,,,,,,,true,,false,false
8a635894-4640-48fc-83ca-cde13d0bfa4f,93eab822-843e-4350-bb44-e331a423571d,away,0,1,0,0,330,11,1,0,4,1,3,0,5,0,0,RB,,,,,,,,true,,false,false
8a635894-4640-48fc-83ca-cde13d0bfa4f,942c88aa-c32c-4f4a-8ae2-ac0c8fda6cb7,home,0,1,0,0,570,19,2,0,7,3,3,2,10,0,0,CM,,,,,,,,true,,false,false
8a635894-4640-48fc-83ca-cde13d0bfa4f,cfd4522f-90d3-4a23-a7e6-81b061c6cb7e,away,1,1,2,0,440,15,2,2,2,0,3,0,12,0,0,LW,,,,,,,,true,,false,false
8a635894-4640-48fc-83ca-cde13d0bfa4f,cffce0e1-86ca-48bb-860d-f6b468ddbcc2,away,2,0,6,0,455,8,1,5,6,0,3,0,20,0,0,RW,,,,,,,,true,,false,false
8a635894-4640-48fc-83ca-cde13d0bfa4f,f097b613-dba4-4dfb-b6ee-733a9a2ba61a,home,0,0,0,5,575,15,0,0,0,0,0,0,5,5,1,GK,,,,,,,,true,,false,false
8d932974-36e5-499d-b3fc-f203fe871e68,11b9e702-95bd-466f-a980-cac33251fff6,away,0,1,1,0,325,9,2,1,6,1,1,0,10,0,0,RW,,,,,,,,true,,false,false
8d932974-36e5-499d-b3fc-f203fe871e68,19fc78b0-3311-42e2-ab04-d8e7c0b37bab,home,0,0,1,0,395,12,0,1,5,1,5,2,6,0,0,LB,,,,,,,,true,,false,false
8d932974-36e5-499d-b3fc-f203fe871e68,1fba72d3-2686-40a2-8a95-841fa23d8122,home,0,0,0,0,340,20,0,0,4,0,3,1,9,0,0,RB,,,,,,,,true,,false,false
8d932974-36e5-499d-b3fc-f203fe871e68,48a2f7dc-4a48-46ee-b8d4-d4fbd912d429,away,1,0,4,0,500,9,0,2,12,3,4,0,15,0,0,RB,,,,,,,,true,,false,false
8d932974-36e5-499d-b3fc-f203fe871e68,57a03f72-a308-4db8-86d1-3031aae6bc13,away,0,0,2,0,350,7,1,2,9,1,4,0,10,0,0,LB,,,,,,,,true,,false,false
8d932974-36e5-499d-b3fc-f203fe871e68,598daf18-47a2-4c69-86b9-38c3a92f5138,away,0,1,3,0,555,10,3,2,9,3,4,1,15,0,0,CM,,,,,,,,true,,false,false
8d932974-36e5-499d-b3fc-f203fe871e68,7888df90-020a-4dd1-99da-85cb04dac66b,home,2,2,4,0,720,18,2,4,8,0,4,0,20,0,0,LW,,,,,,,,true,,false,false
8d932974-36e5-499d-b3fc-f203fe871e68,b0a2cee3-5f40-4b19-bddf-996b0c613b7b,away,0,0,1,9,800,4,0,1,0,0,1,0,15,9,6,GK,,,,,,,,true,,false,false
8d932974-36e5-499d-b3fc-f203fe871e68,c2e1ef6c-89f7-4065-a6c5-c0d89e58dff8,home,1,0,1,0,590,25,1,1,11,0,6,1,19,0,0,CM,,,,,,,,true,,false,false
8d932974-36e5-499d-b3fc-f203fe871e68,cdd132ef-969b-46a7-98fa-fe35c4848c39,home,1,0,3,0,265,7,0,3,9,0,2,1,23,0,0,RW,,,,,,,,true,,false,false
8d932974-36e5-499d-b3fc-f203fe871e68,d404bc12-2609-4043-b084-b12152865c6b,away,1,0,3,0,290,8,1,2,8,0,0,0,15,0,0,LW,,,,,,,,true,,false,false
8d932974-36e5-499d-b3fc-f203fe871e68,f3366acb-e947-4395-9d05-d32701b5f986,home,0,0,0,6,765,16,0,0,0,0,0,0,5,6,5,GK,,,,,,,,true,,false,false
8e1b1e1d-678e-453f-8fbe-0541e9c838b6,21c61bd1-10fd-4974-9031-a18bd5e6520f,away,1,1,1,0,650,13,2,1,10,3,3,1,5,0,0,RB,,,,,,,,true,,false,false
8e1b1e1d-678e-453f-8fbe-0541e9c838b6,2af14ed0-2243-436a-8000-4fbfa191d50e,away,1,0,6,0,715,28,0,5,5,1,2,0,16,0,0,CM,,,,,,,,true,,false,false
8e1b1e1d-678e-453f-8fbe-0541e9c838b6,565f74c4-302b-4d0b-8fe7-057809b2f5c8,home,0,0,0,0,185,9,0,0,5,0,4,1,11,0,0,LB,,,,,,,,true,,false,false
8e1b1e1d-678e-453f-8fbe-0541e9c838b6,7888df90-020a-4dd1-99da-85cb04dac66b,away,4,2,7,0,1055,23,4,6,8,0,1,0,17,0,0,LW,,,,,,,,true,,false,false
8e1b1e1d-678e-453f-8fbe-0541e9c838b6,857379d8-dbe1-4f84-b983-f6d8cfa3d047,home,1,1,2,0,540,14,1,2,10,2,4,1,19,0,0,RB,,,,,,,,true,,false,false
8e1b1e1d-678e-453f-8fbe-0541e9c838b6,b51753bc-1a25-4857-b261-605a686e7ae7,home,0,0,0,1,785,9,0,0,0,0,1,1,9,1,0,GK,,,,,,,,true,,false,false
8e1b1e1d-678e-453f-8fbe-0541e9c838b6,b935858d-f739-483e-a0b3-997fa723f5b4,home,0,0,1,0,180,5,0,1,2,1,3,1,7,0,0,CM,,,,,,,,true,,false,false
8e1b1e1d-678e-453f-8fbe-0541e9c838b6,c2e1ef6c-89f7-4065-a6c5-c0d89e58dff8,away,1,1,3,0,1135,34,4,3,17,1,5,2,14,0,0,LB,,,,,,,,true,,false,false
8e1b1e1d-678e-453f-8fbe-0541e9c838b6,cdd132ef-969b-46a7-98fa-fe35c4848c39,away,2,1,4,0,645,15,3,2,8,0,3,0,13,0,0,RW,,,,,,,,true,,false,false
8e1b1e1d-678e-453f-8fbe-0541e9c838b6,e3c8c19a-1b7b-44df-9724-a9ba90dbb7af,home,0,0,0,0,0,0,0,0,0,0,0,0,0,0,0,RW,,,,,,,,true,,false,false
8e1b1e1d-678e-453f-8fbe-0541e9c838b6,f3366acb-e947-4395-9d05-d32701b5f986,away,0,0,0,4,720,24,0,0,0,0,5,1,9,4,2,GK,,,,,,,,true,,false,false
8e1b1e1d-678e-453f-8fbe-0541e9c838b6,fb870e63-dd63-4a29-89d6-55ce8da81176,home,2,0,4,0,415,8,0,4,4,0,1,0,8,0,0,LW,,,,,,,,true,,false,false
8e79ed2a-1675-433b-b056-2e22b49a1ea7,2056400f-c5ac-483d-abe5-5fe710f8cb7a,away,0,0,0,1,160,7,0,0,0,0,1,0,6,1,1,GK,,,,,,,,true,,false,false
8e79ed2a-1675-433b-b056-2e22b49a1ea7,278c08a8-f3d7-4e8a-a689-4f709d23a10b,home,1,0,1,0,370,13,0,1,12,1,3,1,20,0,0,CM,,,,,,,,true,,false,false
8e79ed2a-1675-433b-b056-2e22b49a1ea7,4233b6f0-6c2d-47e3-929b-e1ed51e0df86,home,1,0,2,0,405,14,1,1,14,0,3,0,21,0,0,LW,,,,,,,,true,,false,false
8e79ed2a-1675-433b-b056-2e22b49a1ea7,57513fec-82d7-4749-ab8a-2c8f7f8eaf8b,home,0,0,0,0,0,0,0,0,0,0,0,0,0,0,0,Sub 1,,,,,,,,false,1,true,false
8e79ed2a-1675-433b-b056-2e22b49a1ea7,740d81e1-0648-4d09-9ede-fbc0f57a570f,home,0,1,0,0,435,5,2,0,9,5,5,1,11,0,0,RB,,,,,,,,true,,false,false
8e79ed2a-1675-433b-b056-2e22b49a1ea7,931fd875-9289-4b75-a927-0f295c7bfb8f,away,3,0,6,0,595,8,0,4,17,0,2,0,21,0,0,RW,,,,,,,,true,,false,false
8e79ed2a-1675-433b-b056-2e22b49a1ea7,9e33d5b7-a05e-4a5b-af0c-030376770234,home,0,0,0,11,770,3,0,0,1,0,2,1,17,11,0,GK,,,,,,,,true,,false,false
8e79ed2a-1675-433b-b056-2e22b49a1ea7,a374d177-0be0-415d-97f2-7e29ec1b5cab,away,0,0,0,0,575,17,1,0,8,1,18,4,22,0,0,RB,,,,,,,,true,,false,false
8e79ed2a-1675-433b-b056-2e22b49a1ea7,a9ebcabf-aa44-4adb-a892-11e5d4b55be6,home,0,0,0,0,235,9,0,0,10,1,5,0,15,0,0,LB,,,,,,,,true,,false,false
8e79ed2a-1675-433b-b056-2e22b49a1ea7,adf79750-1f6e-473a-b28f-532bb2cde52d,home,1,1,2,0,280,5,1,1,7,0,4,0,17,0,0,RW,,,,,,,,true,,false,false
8e79ed2a-1675-433b-b056-2e22b49a1ea7,bf2c1bbf-a8e3-4beb-b1c1-edf70ceb9fc5,away,0,4,1,0,770,15,6,1,10,0,8,1,19,0,0,CM,,,,,,,,true,,false,false
8e79ed2a-1675-433b-b056-2e22b49a1ea7,c2741329-9dc5-4d34-948a-e3e5dac92d1e,away,0,0,1,0,265,10,0,0,9,0,5,0,12,0,0,LB,,,,,,,,true,,false,false
8e79ed2a-1675-433b-b056-2e22b49a1ea7,fe5b4ca0-13f5-4b40-8170-29fc52475441,away,2,0,8,0,525,6,0,7,5,0,3,0,16,0,0,LW,,,,,,,,true,,false,false
8e89dfde-1951-4f87-b3ac-fe97515b64b0,0149da01-4684-4fd2-bfaa-67f7deeff4ab,away,3,0,7,0,865,26,1,5,10,1,3,0,22,0,0,LW,,,,,,,,true,,false,false
8e89dfde-1951-4f87-b3ac-fe97515b64b0,01ece89d-d51d-436a-bb31-503f0743d6d3,home,0,0,0,6,615,8,1,0,0,0,2,0,6,6,2,GK,,,,,,,,true,,false,false
8e89dfde-1951-4f87-b3ac-fe97515b64b0,0b8a523f-e03a-4ffe-9298-5082d52108cd,away,0,2,1,0,415,10,2,0,7,0,3,2,13,0,0,CM,,,,,,,,true,,false,false
8e89dfde-1951-4f87-b3ac-fe97515b64b0,0d100302-039c-488b-bf0c-1347f76879f5,home,0,0,0,0,280,8,0,0,7,2,4,1,8,0,0,LB,,,,,,,,true,,false,false
8e89dfde-1951-4f87-b3ac-fe97515b64b0,13500732-dfbf-4237-9344-3c6aae572dc1,away,0,0,0,0,-20,0,0,0,0,0,0,0,2,0,0,RW,,,,,,,,true,,false,false
8e89dfde-1951-4f87-b3ac-fe97515b64b0,17b7048c-b910-4f56-a64a-d398221dd63a,home,3,0,7,0,775,12,0,7,12,1,7,1,24,0,0,CM,,,,,,,,true,,false,false
8e89dfde-1951-4f87-b3ac-fe97515b64b0,22a00cf1-055e-4934-b2a5-f7ba709509c7,home,0,4,3,0,670,14,5,2,11,0,1,0,21,0,0,RW,,,,,,,,true,,false,false
8e89dfde-1951-4f87-b3ac-fe97515b64b0,5548d172-12d4-4219-bfaa-f7fcd907cfea,away,0,0,3,0,155,7,0,2,5,0,0,0,15,0,0,Sub 1,,,,,,,,false,1,false,false
8e89dfde-1951-4f87-b3ac-fe97515b64b0,6cbece72-a0f9-4c80-a6e4-332abe28faf6,away,0,0,1,0,340,13,2,1,5,0,2,0,6,0,0,Sub 2,,,,,,,,false,2,false,false
8e89dfde-1951-4f87-b3ac-fe97515b64b0,6dff3057-28aa-499b-9709-329a4c4526ee,away,0,0,0,9,940,10,0,0,0,0,5,2,11,9,4,GK,,,,,,,,true,,false,false
8e89dfde-1951-4f87-b3ac-fe97515b64b0,7d309808-fb3f-4a9c-94fc-b851290b13de,home,1,0,6,0,470,9,0,5,9,0,5,0,20,0,0,LW,,,,,,,,true,,false,false
8e89dfde-1951-4f87-b3ac-fe97515b64b0,ab8294c2-f185-4d63-8cb9-cedca35a65f7,home,0,0,0,0,205,7,0,0,7,1,6,0,12,0,0,RB,,,,,,,,true,,false,false
8e89dfde-1951-4f87-b3ac-fe97515b64b0,b754fa7e-7563-42d2-90ec-541b16bdc783,away,0,0,0,0,0,0,0,0,0,0,0,0,0,0,0,Sub 3,,,,,,,,false,3,true,false
8e89dfde-1951-4f87-b3ac-fe97515b64b0,de48b9e4-239f-45e8-8d09-3bcb8c36d051,away,0,0,0,0,540,26,1,0,8,0,6,1,11,0,0,RB,,,,,,,,true,,false,false
8e89dfde-1951-4f87-b3ac-fe97515b64b0,ebf31e11-a294-4fda-83e7-195f0c1d2644,away,0,1,0,0,590,19,1,0,9,3,10,0,14,0,0,LB,,,,,,,,true,,false,false
8e89dfde-1951-4f87-b3ac-fe97515b64b0,f6335766-f91c-418e-aae2-0f2d46dd6705,home,0,0,0,0,0,0,0,0,0,0,0,0,0,0,0,Sub 1,,,,,,,,false,1,true,false
903eb009-729b-4dc9-8628-0ddc11e4690a,00d95f21-b5ea-41c4-8871-8d8530c5b9f3,away,0,0,0,0,0,0,0,0,0,0,0,0,0,0,0,Sub,,,,,,,,false,2,true,false
903eb009-729b-4dc9-8628-0ddc11e4690a,096da32a-44f3-4780-ab78-1cecebab6fa6,away,0,0,0,11,1115,15,0,0,0,0,5,2,11,11,2,GK,,,,,,,,true,,false,false
903eb009-729b-4dc9-8628-0ddc11e4690a,0f810a4b-07df-49e9-a69c-e285f67c56c1,away,0,0,0,0,515,19,0,0,11,3,5,1,11,0,0,RB,,,,,,,,true,,false,false
903eb009-729b-4dc9-8628-0ddc11e4690a,2cc5b6ab-24b4-47ae-badf-0ec0f2dfa23a,home,0,0,0,0,0,0,0,0,0,0,0,0,0,0,0,Sub,,,,,,,,false,2,true,false
903eb009-729b-4dc9-8628-0ddc11e4690a,56a42e4d-7b9b-47c6-a154-ecdee7fb8213,away,0,0,2,0,435,16,0,1,12,2,7,1,24,0,0,RM,,,,,,,,true,,false,false
903eb009-729b-4dc9-8628-0ddc11e4690a,6763dad4-5c07-4f42-abe2-58f6f09e4af0,home,0,1,5,0,520,10,2,4,11,0,6,0,22,0,0,RW,,,,,,,,true,,false,false
903eb009-729b-4dc9-8628-0ddc11e4690a,7066872c-bfdb-482b-b521-1084d9f96012,away,0,0,1,0,310,19,1,1,10,0,0,0,20,0,0,CF,,,,,,,,true,,false,false
903eb009-729b-4dc9-8628-0ddc11e4690a,8938e670-d21b-41eb-bcbf-db25ef7a6e6f,home,0,0,2,0,495,12,1,0,18,1,7,2,21,0,0,RB,,,,,,,,true,,false,false
903eb009-729b-4dc9-8628-0ddc11e4690a,ad286928-f093-4148-a4e3-13aedc82fa13,away,1,0,1,0,410,14,0,1,8,1,8,1,19,0,0,LB,,,,,,,,true,,false,false
903eb009-729b-4dc9-8628-0ddc11e4690a,adab89d9-3725-4e2c-9e05-d968297ae2f8,home,0,0,0,0,210,8,0,0,8,0,6,0,12,0,0,LB,,,,,,,,true,,false,false
903eb009-729b-4dc9-8628-0ddc11e4690a,b1c9d678-21e9-40ef-832d-a1607170baa8,home,3,1,8,0,935,13,4,6,9,1,9,1,24,0,0,CM,,,,,,,,true,,false,false
903eb009-729b-4dc9-8628-0ddc11e4690a,bf66b0b2-db55-4313-bcb2-1ad69567f6da,home,1,0,5,0,525,12,1,3,8,2,6,0,19,0,0,LW,,,,,,,,true,,false,false
903eb009-729b-4dc9-8628-0ddc11e4690a,d44e31a5-7773-47e2-93f3-a76abb4e7666,away,0,0,1,0,270,11,0,1,11,2,3,1,23,0,0,LM,,,,,,,,true,,false,false
903eb009-729b-4dc9-8628-0ddc11e4690a,ec5a612f-490d-4baa-a35a-b83f6426191f,away,0,0,0,0,0,0,0,0,0,0,0,0,0,0,0,Sub,,,,,,,,false,1,true,false
903eb009-729b-4dc9-8628-0ddc11e4690a,f6a4dff0-c1fc-497c-8cf5-0889361418ee,home,0,1,0,3,530,10,2,0,0,0,4,1,9,3,2,GK,,,,,,,,true,,false,false
936b3af2-659f-47c1-9849-014567e2c9db,16be98a3-38b7-43cb-a21f-818d25515684,away,0,0,0,0,570,23,0,0,16,3,3,1,16,0,0,LB,,,,,,,,true,,false,false
936b3af2-659f-47c1-9849-014567e2c9db,18705b90-e5c8-4cc2-98fb-902cb958d376,away,1,1,3,0,450,16,1,2,4,0,0,0,11,0,0,LW,,,,,,,,true,,false,false
936b3af2-659f-47c1-9849-014567e2c9db,2b288bb1-8f2c-472c-85f6-1163b2a378f8,away,0,0,0,0,340,15,1,0,8,0,2,2,11,0,0,RB,,,,,,,,true,,false,false
936b3af2-659f-47c1-9849-014567e2c9db,2cc5b6ab-24b4-47ae-badf-0ec0f2dfa23a,home,0,0,0,0,0,0,0,0,0,0,0,0,0,0,0,Sub 1,,,,,,,,false,1,true,false
936b3af2-659f-47c1-9849-014567e2c9db,33da5ff2-7f7a-4007-8497-8f563951c77d,away,1,0,5,0,345,8,0,4,9,0,1,0,20,0,0,RW,,,,,,,,true,,false,false
936b3af2-659f-47c1-9849-014567e2c9db,6763dad4-5c07-4f42-abe2-58f6f09e4af0,home,0,2,4,0,350,8,2,1,10,0,1,0,23,0,0,RW,,,,,,,,true,,false,false
936b3af2-659f-47c1-9849-014567e2c9db,7593f03f-2200-45ae-9a01-fd8019c47470,away,0,0,0,0,0,0,0,0,0,0,0,0,0,0,0,Sub 2,,,,,,,,false,2,true,false
936b3af2-659f-47c1-9849-014567e2c9db,92075f2f-9d2e-4092-8a4f-ab225ea7cbad,home,0,0,0,0,0,0,0,0,0,0,0,0,0,0,0,Sub 2,,,,,,,,false,2,true,false
936b3af2-659f-47c1-9849-014567e2c9db,942c88aa-c32c-4f4a-8ae2-ac0c8fda6cb7,away,1,1,4,0,1005,23,3,4,15,7,3,0,17,0,0,CM,,,,,,,,true,,false,false
936b3af2-659f-47c1-9849-014567e2c9db,adab89d9-3725-4e2c-9e05-d968297ae2f8,home,0,0,0,0,310,9,1,0,4,1,7,0,4,0,0,LB,,,,,,,,true,,false,false
936b3af2-659f-47c1-9849-014567e2c9db,b1c9d678-21e9-40ef-832d-a1607170baa8,home,2,0,4,0,520,11,0,4,10,1,4,0,18,0,0,CM,,,,,,,,true,,false,false
936b3af2-659f-47c1-9849-014567e2c9db,bf66b0b2-db55-4313-bcb2-1ad69567f6da,home,1,0,4,0,400,9,0,3,3,1,4,0,9,0,0,LW,,,,,,,,true,,false,false
936b3af2-659f-47c1-9849-014567e2c9db,c081b4d2-cfc4-43d5-ab39-d19a2fd78f5f,home,0,0,1,0,495,14,1,1,16,1,3,0,10,0,0,RB,,,,,,,,true,,false,false
936b3af2-659f-47c1-9849-014567e2c9db,f097b613-dba4-4dfb-b6ee-733a9a2ba61a,away,0,0,0,5,540,10,0,0,0,0,1,0,5,5,2,GK,,,,,,,,true,,false,false
936b3af2-659f-47c1-9849-014567e2c9db,f6a4dff0-c1fc-497c-8cf5-0889361418ee,home,0,0,0,7,585,8,1,0,1,0,1,0,14,7,1,GK,,,,,,,,true,,false,false
942be935-cda0-4448-b296-746d7f4ebaa1,0dd49f0b-f99d-4b20-8f47-8c6b62139b98,home,0,0,0,0,0,0,0,0,0,0,0,0,0,0,0,Sub 2,,,,,,,,false,1,true,true
942be935-cda0-4448-b296-746d7f4ebaa1,17a87d78-36e2-4c98-8aa5-1389850fcb91,away,0,0,0,0,825,0,0,0,0,0,0,0,0,0,0,CM,,,,,,,,true,,false,true
942be935-cda0-4448-b296-746d7f4ebaa1,5e63ae3d-def3-460e-baa4-33ebfb9a91d9,away,0,0,0,0,490,0,0,0,0,0,0,0,0,0,0,GK,,,,,,,,true,,false,true
942be935-cda0-4448-b296-746d7f4ebaa1,6006e119-0315-48fa-a960-99688e274550,home,0,0,0,0,645,0,0,0,0,0,0,0,0,0,0,CM,,,,,,,,true,,false,true
942be935-cda0-4448-b296-746d7f4ebaa1,695c301a-3f49-4916-8d67-6e198d6529f5,away,0,0,0,0,455,0,0,0,0,0,0,0,0,0,0,RW,,,,,,,,true,,false,true
942be935-cda0-4448-b296-746d7f4ebaa1,9e299cb3-3bc4-47d3-98ed-713728ffec07,away,0,0,0,0,565,0,0,0,0,0,0,0,0,0,0,RB,,,,,,,,true,,false,true
942be935-cda0-4448-b296-746d7f4ebaa1,a8ed201d-725f-4e26-b85d-e9250662e8ad,home,0,0,0,0,235,0,0,0,0,0,0,0,0,0,0,LB,,,,,,,,true,,false,true
942be935-cda0-4448-b296-746d7f4ebaa1,b3a498f0-d632-4d47-9794-eb67f6c40a74,home,0,0,0,0,775,0,0,0,0,0,0,0,0,0,0,LW,,,,,,,,true,,false,true
942be935-cda0-4448-b296-746d7f4ebaa1,b6ff4b52-fa8f-4ede-ae27-c1e83b4733e4,home,0,0,0,0,505,0,0,0,0,0,0,0,0,0,0,RB,,,,,,,,true,,false,true
942be935-cda0-4448-b296-746d7f4ebaa1,bac85c56-45b4-4e35-b0de-70e24bd0335f,home,0,0,0,0,0,0,0,0,0,0,0,0,0,0,0,Sub 3,,,,,,,,false,2,true,true
942be935-cda0-4448-b296-746d7f4ebaa1,be25796e-cbbd-4f0f-804f-be89344383c8,home,0,0,0,0,470,0,0,0,0,0,0,0,0,0,0,GK,,,,,,,,true,,false,true
942be935-cda0-4448-b296-746d7f4ebaa1,d015830d-e90a-484e-9c76-b434d6fbb36d,away,0,0,0,0,1260,0,0,0,0,0,0,0,0,0,0,LW,,,,,,,,true,,false,true
942be935-cda0-4448-b296-746d7f4ebaa1,d056431b-35f3-4e15-955a-0a25a981b624,home,0,0,0,0,315,0,0,0,0,0,0,0,0,0,0,RW,,,,,,,,true,,false,true
942be935-cda0-4448-b296-746d7f4ebaa1,db8102dd-8fa0-4b8a-b5af-f1abb1483dff,away,0,0,0,0,665,0,0,0,0,0,0,0,0,0,0,LB,,,,,,,,true,,false,true
95b8e8b9-474e-42a6-9c24-d95be24cc798,17a87d78-36e2-4c98-8aa5-1389850fcb91,home,1,4,2,0,820,18,4,2,18,0,4,0,27,0,0,CM,,,,,,,,true,,false,false
95b8e8b9-474e-42a6-9c24-d95be24cc798,23ead12c-77ac-4e35-bc74-5f690af34010,away,0,0,1,0,685,26,1,1,15,4,5,0,18,0,0,CM,,,,,,,,true,,false,false
95b8e8b9-474e-42a6-9c24-d95be24cc798,2df70d98-1fcc-4f56-932b-c1aa91c197aa,away,0,0,0,0,150,6,0,0,5,2,1,0,8,0,0,LB,,,,,,,,true,,false,false
95b8e8b9-474e-42a6-9c24-d95be24cc798,59f47cc9-4c4a-4cd7-89a2-9af74d276af8,away,2,0,4,0,480,11,0,4,10,0,3,0,18,0,0,RW,,,,,,,,true,,false,false
95b8e8b9-474e-42a6-9c24-d95be24cc798,5dc9421a-7203-4bfe-90c5-26314ef71982,away,0,2,2,0,535,18,2,1,13,0,2,1,23,0,0,LW,,,,,,,,true,,false,false
95b8e8b9-474e-42a6-9c24-d95be24cc798,5e63ae3d-def3-460e-baa4-33ebfb9a91d9,home,0,0,0,0,190,5,1,0,3,1,3,1,5,0,0,RB,,,,,,,,true,,false,false
95b8e8b9-474e-42a6-9c24-d95be24cc798,695c301a-3f49-4916-8d67-6e198d6529f5,home,2,0,4,0,465,10,0,4,6,0,1,0,9,0,0,RW,,,,,,,,true,,false,false
95b8e8b9-474e-42a6-9c24-d95be24cc798,6a3f628f-7dad-48b0-afe2-be3969115b0d,home,0,0,0,6,705,12,2,0,0,0,1,0,4,6,2,GK,,,,,,,,true,,false,false
95b8e8b9-474e-42a6-9c24-d95be24cc798,783b9d50-39ff-48b0-84d9-b608fdf515b3,away,0,0,0,0,0,0,0,0,0,0,0,0,0,0,0,Sub 2,,,,,,,,false,2,true,false
95b8e8b9-474e-42a6-9c24-d95be24cc798,790cd3b0-f9ef-4591-8529-4fd2ef273cfb,away,0,0,0,2,400,13,0,0,0,0,1,1,6,2,3,GK,,,,,,,,true,,false,false
95b8e8b9-474e-42a6-9c24-d95be24cc798,7c42e1a2-b750-4d00-a214-26225d726f8f,away,0,0,1,0,355,14,1,1,9,0,4,1,15,0,0,RB,,,,,,,,true,,false,false
95b8e8b9-474e-42a6-9c24-d95be24cc798,d015830d-e90a-484e-9c76-b434d6fbb36d,home,3,0,5,0,705,19,1,4,14,0,2,0,22,0,0,LW,,,,,,,,true,,false,false
95b8e8b9-474e-42a6-9c24-d95be24cc798,d2ed49f9-ea41-4456-9641-7953e7da199a,away,0,0,0,0,0,0,0,0,0,0,0,0,0,0,0,Sub 1,,,,,,,,false,1,true,false
95b8e8b9-474e-42a6-9c24-d95be24cc798,db8102dd-8fa0-4b8a-b5af-f1abb1483dff,home,0,0,1,0,565,20,0,1,19,1,3,0,14,0,0,LB,,,,,,,,true,,false,false
9645d22c-20ed-45d0-9137-e64d713f5e56,01ece89d-d51d-436a-bb31-503f0743d6d3,away,0,0,0,12,945,8,0,0,0,0,0,0,10,12,1,GK,,,,,,,,true,,false,false
9645d22c-20ed-45d0-9137-e64d713f5e56,0d100302-039c-488b-bf0c-1347f76879f5,away,0,0,0,0,400,8,0,0,12,4,7,3,18,0,0,LB,,,,,,,,true,,false,false
9645d22c-20ed-45d0-9137-e64d713f5e56,19fc78b0-3311-42e2-ab04-d8e7c0b37bab,home,0,1,0,0,945,33,5,0,18,1,7,1,16,0,0,RB,,,,,,,,true,,false,false
9645d22c-20ed-45d0-9137-e64d713f5e56,21c61bd1-10fd-4974-9031-a18bd5e6520f,home,0,3,1,0,625,15,4,1,4,1,1,0,3,0,0,LB,,,,,,,,true,,false,false
9645d22c-20ed-45d0-9137-e64d713f5e56,2af14ed0-2243-436a-8000-4fbfa191d50e,home,2,0,5,0,985,37,1,3,11,1,6,3,25,0,0,CM,,,,,,,,true,,false,false
9645d22c-20ed-45d0-9137-e64d713f5e56,7d309808-fb3f-4a9c-94fc-b851290b13de,away,0,0,0,0,200,8,0,0,8,1,4,1,15,0,0,RW,,,,,,,,true,,false,false
9645d22c-20ed-45d0-9137-e64d713f5e56,97ef1b14-348a-410b-83ce-ced05610ef9a,away,0,0,0,0,465,6,0,0,16,8,5,2,19,0,0,RB,,,,,,,,true,,false,false
9645d22c-20ed-45d0-9137-e64d713f5e56,ab8294c2-f185-4d63-8cb9-cedca35a65f7,away,0,0,0,0,140,10,0,0,10,1,3,0,23,0,0,CM,,,,,,,,true,,false,false
9645d22c-20ed-45d0-9137-e64d713f5e56,c2e1ef6c-89f7-4065-a6c5-c0d89e58dff8,home,3,1,8,0,1110,24,3,6,14,0,5,0,17,0,0,LW,,,,,,,,true,,false,false
9645d22c-20ed-45d0-9137-e64d713f5e56,cdd132ef-969b-46a7-98fa-fe35c4848c39,home,2,1,7,0,645,13,1,6,12,1,3,0,31,0,0,RW,,,,,,,,true,,false,false
9645d22c-20ed-45d0-9137-e64d713f5e56,f3366acb-e947-4395-9d05-d32701b5f986,home,0,0,0,3,515,15,0,0,0,0,2,0,4,3,3,GK,,,,,,,,true,,false,false
96679945-9962-41a9-8996-d0d7d8aa8576,17a87d78-36e2-4c98-8aa5-1389850fcb91,home,0,1,1,0,650,29,3,1,12,2,4,0,26,0,0,CM,,,,,,,,true,,false,false
96679945-9962-41a9-8996-d0d7d8aa8576,1c7e1afb-48d5-4a56-abe2-239960d81e04,away,2,1,4,0,835,17,1,4,16,2,7,0,20,0,0,CM,,,,,,,,true,,false,false
96679945-9962-41a9-8996-d0d7d8aa8576,374198d0-b3d9-42b9-81e8-e76e0deed5fc,away,0,0,0,0,630,3,0,0,1,0,0,0,18,9,3,GK,,,,,,,,true,,false,false
96679945-9962-41a9-8996-d0d7d8aa8576,49a40d7b-26c8-46bd-98e1-e77621af162a,away,0,0,0,0,120,4,0,0,5,1,0,0,4,0,0,RB,,,,,,,,true,,false,false
96679945-9962-41a9-8996-d0d7d8aa8576,53d6d6c1-28a9-4032-a655-dd77b6f97574,away,0,0,0,0,175,11,0,0,11,0,3,0,20,0,0,LW,,,,,,,,true,,false,false
96679945-9962-41a9-8996-d0d7d8aa8576,695c301a-3f49-4916-8d67-6e198d6529f5,home,3,0,8,0,635,13,0,5,7,0,2,0,17,0,0,RW,,,,,,,,true,,false,false
96679945-9962-41a9-8996-d0d7d8aa8576,6a3f628f-7dad-48b0-afe2-be3969115b0d,home,0,0,0,0,675,12,1,0,0,0,6,3,7,4,3,GK,,,,,,,,true,,false,false
96679945-9962-41a9-8996-d0d7d8aa8576,75006243-09bb-4172-8880-7fc3a3e0d95c,away,0,0,0,0,320,7,0,0,10,4,4,1,12,0,0,Sub 2,,,,,,,,false,2,false,false
96679945-9962-41a9-8996-d0d7d8aa8576,77838858-4583-47d2-bf17-33cdfa4495bd,home,0,1,0,0,465,12,1,0,9,1,7,1,9,0,0,RB,,,,,,,,true,,false,false
96679945-9962-41a9-8996-d0d7d8aa8576,7fdc1818-62de-438f-a6f6-626f5788326b,away,1,0,1,0,145,4,0,1,3,0,0,0,6,0,0,RW,,,,,,,,true,,false,false
96679945-9962-41a9-8996-d0d7d8aa8576,8ee6711b-919f-4762-bd96-41fba5138bec,away,1,0,1,0,190,4,0,1,8,0,0,0,9,0,0,Sub 3,,,,,,,,false,3,false,false
96679945-9962-41a9-8996-d0d7d8aa8576,9e299cb3-3bc4-47d3-98ed-713728ffec07,home,0,0,0,0,335,13,0,0,9,2,3,0,9,0,0,LB,,,,,,,,true,,false,false
96679945-9962-41a9-8996-d0d7d8aa8576,bdc97355-04f9-4e4e-8311-ff0cc4ac503e,away,0,0,0,0,0,0,0,0,0,0,0,0,0,0,0,Sub 1,,,,,,,,false,1,true,false
96679945-9962-41a9-8996-d0d7d8aa8576,d015830d-e90a-484e-9c76-b434d6fbb36d,home,3,2,8,0,1015,22,4,7,11,0,7,0,33,0,0,LW,,,,,,,,true,,false,false
96679945-9962-41a9-8996-d0d7d8aa8576,f592304d-ca58-49ac-ba98-a83c9097acc4,away,1,0,1,0,385,8,0,1,5,1,8,3,13,0,0,LB,,,,,,,,true,,false,false
966ff932-1fdb-4b4e-aca5-982266095531,0570d1ed-7ffc-416d-8fae-caa701f920e3,home,0,0,0,0,425,14,2,0,9,1,3,2,9,0,0,RB,,,,,,,,true,,false,false
966ff932-1fdb-4b4e-aca5-982266095531,136f7943-c243-4d8f-a269-2793bf9aeaed,away,2,0,2,0,455,15,0,2,6,1,3,0,13,0,0,RW,,,,,,,,true,,false,false
966ff932-1fdb-4b4e-aca5-982266095531,2df70d98-1fcc-4f56-932b-c1aa91c197aa,home,0,0,0,0,0,0,0,0,0,0,0,0,0,0,0,Sub 3,,,,,,,,false,3,true,false
966ff932-1fdb-4b4e-aca5-982266095531,8938e670-d21b-41eb-bcbf-db25ef7a6e6f,home,3,0,5,0,720,14,1,4,10,0,4,2,15,0,0,LW,,,,,,,,true,,false,false
966ff932-1fdb-4b4e-aca5-982266095531,8cd953ac-d603-43fe-9611-c5365d62f321,away,0,0,0,0,85,4,0,0,0,0,0,0,0,0,1,GK,,,,,,,,true,,false,false
966ff932-1fdb-4b4e-aca5-982266095531,9b390ad1-bd39-4f92-87bb-3e5f68365353,home,1,1,1,0,710,17,2,1,11,2,8,4,19,0,0,CM,,,,,,,,true,,false,false
966ff932-1fdb-4b4e-aca5-982266095531,b328f503-88f7-4f65-813e-5caf60b4f479,away,0,0,0,0,405,13,0,0,10,0,7,3,12,0,0,RB,,,,,,,,true,,false,false
966ff932-1fdb-4b4e-aca5-982266095531,cf9af189-1319-4ad1-8fb3-dfccd32bf30c,away,0,2,1,0,555,19,4,1,9,0,3,0,18,0,0,CM,,,,,,,,true,,false,false
966ff932-1fdb-4b4e-aca5-982266095531,d2fc286f-3473-4cd4-9554-0fe46dece9ec,home,0,0,0,0,255,10,0,0,10,3,2,0,15,0,0,LB,,,,,,,,true,,false,false
966ff932-1fdb-4b4e-aca5-982266095531,e832ed13-1bbd-4057-bdcf-51dceba99a0a,home,0,0,0,6,600,13,0,0,0,0,2,1,10,6,0,GK,,,,,,,,true,,false,false
966ff932-1fdb-4b4e-aca5-982266095531,ee42f965-d798-4724-8299-0b92747ba50d,away,0,3,2,0,860,16,5,1,11,4,8,1,17,0,0,LB,,,,,,,,true,,false,false
966ff932-1fdb-4b4e-aca5-982266095531,f60373ce-e3c7-4cdf-b5f3-bcb94a6d167a,away,4,0,12,0,925,18,2,8,9,0,2,0,26,0,0,LW,,,,,,,,true,,false,false
966ff932-1fdb-4b4e-aca5-982266095531,f9a1b1c4-3be4-455a-911b-002588031dc0,home,1,2,3,0,620,14,3,1,11,0,2,2,18,0,0,RW,,,,,,,,true,,false,false
969d4b1a-72d6-4a38-afd7-95b79012111b,101b3f9c-1167-4c49-a9c8-7361e58edf1e,home,0,2,2,0,315,9,2,0,6,0,2,0,16,0,0,LW,,,,,,,,true,,false,false
969d4b1a-72d6-4a38-afd7-95b79012111b,13500732-dfbf-4237-9344-3c6aae572dc1,away,0,0,0,1,295,10,0,0,0,0,1,0,2,1,3,GK,,,,,,,,true,,false,false
969d4b1a-72d6-4a38-afd7-95b79012111b,25585696-f9d7-40ac-908a-14527ff9af38,away,3,0,8,0,945,22,0,6,13,1,5,0,18,0,0,CM,,,,,,,,true,,false,false
969d4b1a-72d6-4a38-afd7-95b79012111b,33460ef6-9496-447d-b805-93ee54267e19,away,0,0,0,0,405,13,0,0,8,3,5,2,11,0,0,RB,,,,,,,,true,,false,false
969d4b1a-72d6-4a38-afd7-95b79012111b,59f47cc9-4c4a-4cd7-89a2-9af74d276af8,away,2,1,2,0,545,12,1,2,14,0,2,0,16,0,0,LW,,,,,,,,true,,false,false
969d4b1a-72d6-4a38-afd7-95b79012111b,65e478e9-920c-40ed-9247-cd6642b83f36,home,0,0,0,4,450,9,0,0,0,0,1,0,5,4,2,GK,,,,,,,,true,,false,false
969d4b1a-72d6-4a38-afd7-95b79012111b,74a27bb8-dc1d-421b-b931-d5d9e700d791,home,0,0,0,0,280,12,0,0,6,2,4,0,10,0,0,RB,,,,,,,,true,,false,false
969d4b1a-72d6-4a38-afd7-95b79012111b,9023f26d-b97d-448f-990e-24edf9decbe0,away,1,2,2,0,510,10,4,2,5,0,5,0,16,0,0,RW,,,,,,,,true,,false,false
969d4b1a-72d6-4a38-afd7-95b79012111b,93ad0ca5-4c0e-4c96-9ea0-d2a85f51926e,away,0,0,0,0,360,16,3,0,12,2,5,0,26,0,0,LB,,,,,,,,true,,false,false
969d4b1a-72d6-4a38-afd7-95b79012111b,a6dbbd49-92c7-4e52-aa9b-3799e55a548e,home,0,0,0,0,375,16,0,0,14,2,7,0,23,0,0,CM,,,,,,,,true,,false,false
969d4b1a-72d6-4a38-afd7-95b79012111b,c3cc845e-64e3-4b46-9d8e-d67e416acb3b,home,3,0,4,0,550,8,0,4,19,0,1,0,22,0,0,RW,,,,,,,,true,,false,false
969d4b1a-72d6-4a38-afd7-95b79012111b,ff7bd7a0-2bf1-4fd8-8a85-3e3eabe17c4e,home,0,0,0,0,315,12,0,0,10,1,5,1,14,0,0,LB,,,,,,,,true,,false,false
969da3d6-91f9-4945-9883-e5d6fef79f7e,1f191cd8-e475-4e39-aa4c-4eed8c0cfb33,away,1,0,4,0,580,23,0,2,11,0,2,0,16,0,0,RW,,,,,,,,true,,false,false
969da3d6-91f9-4945-9883-e5d6fef79f7e,3135f05c-09ba-4d3e-aa97-f433001eca33,home,0,0,0,0,510,14,0,0,15,3,7,3,18,0,0,LB,,,,,,,,true,,false,false
969da3d6-91f9-4945-9883-e5d6fef79f7e,4d4cd3e6-24cf-452f-bf78-85ae39cb37b5,away,0,0,3,0,420,17,0,3,13,1,3,0,25,0,0,CM,,,,,,,,true,,false,false
969da3d6-91f9-4945-9883-e5d6fef79f7e,5780051c-a5b1-4dd6-a549-c6a3ca457c93,away,0,1,0,0,470,10,2,0,14,2,7,1,18,0,0,RB,,,,,,,,true,,false,false
969da3d6-91f9-4945-9883-e5d6fef79f7e,6a246ef5-9bec-4f29-a7cf-5dab1915fbb3,home,0,0,0,5,590,9,0,0,0,0,2,0,5,5,4,GK,,,,,,,,true,,false,false
969da3d6-91f9-4945-9883-e5d6fef79f7e,6dd2ea29-a00b-4393-a556-448387245400,away,0,0,0,7,530,5,0,0,0,0,1,0,11,7,1,GK,,,,,,,,true,,false,false
969da3d6-91f9-4945-9883-e5d6fef79f7e,7af8310e-a70e-4984-826c-45c8b97f4b62,away,0,0,2,0,175,7,0,2,7,0,1,0,15,0,0,LW,,,,,,,,true,,false,false
969da3d6-91f9-4945-9883-e5d6fef79f7e,887fe9a5-ab38-42a5-bf57-1ebeddd232be,home,3,1,6,0,790,12,2,6,11,1,4,0,20,0,0,CM,,,,,,,,true,,false,false
969da3d6-91f9-4945-9883-e5d6fef79f7e,93eab822-843e-4350-bb44-e331a423571d,home,1,4,2,0,1030,18,5,2,10,4,8,1,15,0,0,RB,,,,,,,,true,,false,false
969da3d6-91f9-4945-9883-e5d6fef79f7e,cfd4522f-90d3-4a23-a7e6-81b061c6cb7e,home,8,1,10,0,1210,14,2,8,5,0,5,0,11,0,0,LW,,,,,,,,true,,false,false
969da3d6-91f9-4945-9883-e5d6fef79f7e,cffce0e1-86ca-48bb-860d-f6b468ddbcc2,home,1,2,2,0,445,9,2,1,7,0,3,1,16,0,0,RW,,,,,,,,true,,false,false
969da3d6-91f9-4945-9883-e5d6fef79f7e,d2fc286f-3473-4cd4-9554-0fe46dece9ec,away,0,0,1,0,155,7,1,0,4,0,3,1,13,0,0,LB,,,,,,,,true,,false,false
97cfc6ad-4345-41da-bc08-ba61ff173f22,0746d0f5-0686-4fb4-919d-aa3379bd8e93,away,0,0,0,0,235,6,0,0,9,0,9,3,20,0,0,LB,,,,,,,,true,,false,false
97cfc6ad-4345-41da-bc08-ba61ff173f22,08c3487b-eef4-4ae5-a1c1-3506e1e01bb8,home,0,1,0,0,695,17,1,0,17,2,10,2,15,0,0,RB,,,,,,,,true,,false,false
97cfc6ad-4345-41da-bc08-ba61ff173f22,278c08a8-f3d7-4e8a-a689-4f709d23a10b,home,3,0,4,0,835,22,4,3,9,0,6,1,17,0,0,CM,,,,,,,,true,,false,false
97cfc6ad-4345-41da-bc08-ba61ff173f22,4233b6f0-6c2d-47e3-929b-e1ed51e0df86,home,4,1,12,0,1015,15,1,7,14,0,4,0,24,0,0,LW,,,,,,,,true,,false,false
97cfc6ad-4345-41da-bc08-ba61ff173f22,5bb44ff0-9fe6-4cf7-bda5-1b2ded2ab51a,away,0,0,0,0,440,13,0,0,13,1,9,2,16,0,0,RB,,,,,,,,true,,false,false
97cfc6ad-4345-41da-bc08-ba61ff173f22,634e3b03-1641-4005-8741-ed28c04be7ba,away,0,0,0,10,830,6,0,0,0,0,2,1,14,10,3,GK,,,,,,,,true,,false,false
97cfc6ad-4345-41da-bc08-ba61ff173f22,640c8249-9f3a-4c12-9070-6ecb9c8e0b95,away,0,0,2,0,195,6,0,1,10,0,2,0,15,0,0,RW,,,,,,,,true,,false,false
97cfc6ad-4345-41da-bc08-ba61ff173f22,740d81e1-0648-4d09-9ede-fbc0f57a570f,home,0,1,4,0,375,8,2,4,11,0,2,0,25,0,0,RW,,,,,,,,true,,false,false
97cfc6ad-4345-41da-bc08-ba61ff173f22,9e33d5b7-a05e-4a5b-af0c-030376770234,home,0,0,0,5,600,9,1,0,2,0,6,2,13,5,1,GK,,,,,,,,true,,false,false
97cfc6ad-4345-41da-bc08-ba61ff173f22,a9ebcabf-aa44-4adb-a892-11e5d4b55be6,home,0,2,1,0,395,7,3,1,5,1,7,0,16,0,0,LB,,,,,,,,true,,false,false
97cfc6ad-4345-41da-bc08-ba61ff173f22,fc3fad37-da6d-427c-b868-d584ec7ea570,away,1,0,5,0,490,11,0,4,14,1,1,0,20,0,0,LW,,,,,,,,true,,false,false
9979e116-2b60-43f3-8ca3-a84c9011333c,101b3f9c-1167-4c49-a9c8-7361e58edf1e,away,4,1,6,0,715,9,1,5,15,0,1,0,22,0,0,LW,,,,,,,,true,,false,false
9979e116-2b60-43f3-8ca3-a84c9011333c,3608b26f-05c8-4084-ae9a-7f58d1c9bc13,home,0,0,0,9,855,10,0,0,0,0,0,0,7,9,4,GK,,,,,,,,true,,false,false
9979e116-2b60-43f3-8ca3-a84c9011333c,4bff854a-2e5e-4a40-a06b-0dae43d9d065,home,0,0,2,0,230,13,0,2,10,0,1,0,23,0,0,RW,,,,,,,,true,,false,false
9979e116-2b60-43f3-8ca3-a84c9011333c,65e478e9-920c-40ed-9247-cd6642b83f36,away,0,1,0,4,500,5,1,0,0,0,4,0,7,4,2,GK,,,,,,,,true,,false,false
9979e116-2b60-43f3-8ca3-a84c9011333c,74a27bb8-dc1d-421b-b931-d5d9e700d791,away,0,0,2,0,270,8,0,1,9,2,6,0,20,0,0,RB,,,,,,,,true,,false,false
9979e116-2b60-43f3-8ca3-a84c9011333c,828c17d9-d1e0-4983-ad9d-e8cdb9115912,home,0,0,1,0,60,0,0,1,2,0,2,0,5,0,0,LW,,,,,,,,true,,false,false
9979e116-2b60-43f3-8ca3-a84c9011333c,9cf035fc-b765-4c49-931c-89a2739cf1f1,home,0,0,1,0,605,14,0,1,24,4,9,2,30,0,0,RB,,,,,,,,true,,false,false
9979e116-2b60-43f3-8ca3-a84c9011333c,a6dbbd49-92c7-4e52-aa9b-3799e55a548e,away,2,3,4,0,1140,21,5,4,18,0,9,1,21,0,0,CM,,,,,,,,true,,false,false
9979e116-2b60-43f3-8ca3-a84c9011333c,bfc47387-9e23-4a71-9604-fe887bcb4eaa,home,0,0,1,0,235,11,0,0,10,1,5,1,23,0,0,LB,,,,,,,,true,,false,false
9979e116-2b60-43f3-8ca3-a84c9011333c,c3cc845e-64e3-4b46-9d8e-d67e416acb3b,away,4,1,10,0,885,9,1,8,12,0,3,0,21,0,0,RW,,,,,,,,true,,false,false
9979e116-2b60-43f3-8ca3-a84c9011333c,e46d8654-a618-46a1-a4ee-db1e0bc3929d,home,0,0,0,0,205,14,1,0,6,0,4,0,18,0,0,CM,,,,,,,,true,,false,false
9979e116-2b60-43f3-8ca3-a84c9011333c,ff7bd7a0-2bf1-4fd8-8a85-3e3eabe17c4e,away,0,1,1,0,575,14,3,1,15,3,4,0,18,0,0,LB,,,,,,,,true,,false,false
9984f6db-d1dd-4773-af5d-a074b533afa9,0570d1ed-7ffc-416d-8fae-caa701f920e3,home,0,1,0,0,480,11,1,0,9,4,2,1,6,0,0,RB,,,,,,,,true,,false,false
9984f6db-d1dd-4773-af5d-a074b533afa9,108dec49-4bac-4df2-8355-655c6c333c49,home,0,0,0,3,435,6,0,0,0,0,1,1,2,3,4,GK,,,,,,,,true,,false,false
9984f6db-d1dd-4773-af5d-a074b533afa9,136f7943-c243-4d8f-a269-2793bf9aeaed,home,2,2,4,0,850,16,5,3,13,1,7,1,26,0,0,CM,,,,,,,,true,,false,false
9984f6db-d1dd-4773-af5d-a074b533afa9,23ead12c-77ac-4e35-bc74-5f690af34010,away,0,0,0,0,95,0,0,0,2,2,2,1,4,0,0,LB,,,,,,,,true,,false,false
9984f6db-d1dd-4773-af5d-a074b533afa9,3dcd7592-94ca-4eee-81b4-1405e50406d9,away,0,0,2,0,255,12,1,2,6,0,0,0,14,0,0,LW,,,,,,,,true,,false,false
9984f6db-d1dd-4773-af5d-a074b533afa9,3fb2b88f-0175-4bdd-9307-fd3d375f7c53,home,1,0,5,0,360,7,1,4,9,0,0,0,18,0,0,LW,,,,,,,,true,,false,false
9984f6db-d1dd-4773-af5d-a074b533afa9,51568e76-e50a-4573-9646-3d9270f944ce,away,0,2,0,0,325,10,2,0,7,0,2,0,13,0,0,RW,,,,,,,,true,,false,false
9984f6db-d1dd-4773-af5d-a074b533afa9,70d61877-2c58-4630-bec4-5175ebece3bf,away,0,0,0,5,490,9,0,0,0,0,2,1,10,5,1,GK,,,,,,,,true,,false,false
9984f6db-d1dd-4773-af5d-a074b533afa9,87c4e7ce-9c13-4e09-a532-5738dcf1876e,away,0,0,1,0,475,13,0,1,11,3,5,1,11,0,0,RB,,,,,,,,true,,false,false
9984f6db-d1dd-4773-af5d-a074b533afa9,8cd953ac-d603-43fe-9611-c5365d62f321,home,2,2,3,0,680,11,4,3,8,0,5,0,15,0,0,RW,,,,,,,,true,,false,false
9984f6db-d1dd-4773-af5d-a074b533afa9,a2465e24-580f-4995-a354-50ba3d66eda6,home,0,0,1,0,570,14,0,0,14,4,8,3,17,0,0,LB,,,,,,,,true,,false,false
9c077a4f-86a7-4f6f-81be-29dfccd25945,058a7596-9774-443f-993a-4b755ffe4f3a,away,2,1,4,0,470,7,1,4,6,0,2,0,14,0,0,RW,,,,,,,,true,,false,false
9c077a4f-86a7-4f6f-81be-29dfccd25945,08bf68b8-e774-4a56-bfc9-4c1e6066490b,home,0,0,2,0,300,10,0,1,16,2,7,0,32,0,0,CM,,,,,,,,true,,false,false
9c077a4f-86a7-4f6f-81be-29dfccd25945,18e370bf-57fc-4db6-9f3e-75d67c9dff3f,home,0,0,2,0,295,10,0,2,12,0,7,0,24,0,0,RW,,,,,,,,true,,false,false
9c077a4f-86a7-4f6f-81be-29dfccd25945,19a503d9-0de9-42d4-965e-230c4772a949,home,0,0,1,3,290,6,0,0,0,0,1,0,9,3,1,GK,,,,,,,,true,,false,false
9c077a4f-86a7-4f6f-81be-29dfccd25945,21be9337-e89b-4e27-bab7-ab6c2e736d39,away,0,0,0,0,270,11,0,0,2,0,10,1,10,0,0,Sub 3,,,,,,,,false,3,false,false
9c077a4f-86a7-4f6f-81be-29dfccd25945,26c6fd97-a374-4786-8561-634c81de2b57,away,0,0,0,0,165,6,0,0,9,1,1,0,10,0,0,RB,,,,,,,,true,,false,false
9c077a4f-86a7-4f6f-81be-29dfccd25945,323ee32d-4a4d-47b6-8a0d-02e192d1fdff,away,1,0,1,0,130,3,1,1,3,0,1,0,10,0,0,LW,,,,,,,,true,,false,false
9c077a4f-86a7-4f6f-81be-29dfccd25945,3914a82e-650b-4260-8805-0ff2dfa80104,away,0,0,1,0,410,14,0,1,16,3,6,1,28,0,0,CM,,,,,,,,true,,false,false
9c077a4f-86a7-4f6f-81be-29dfccd25945,51721016-b394-4dea-a7e7-cb3374f018d1,away,0,2,1,0,385,9,2,0,7,0,2,0,8,0,0,Sub 2,,,,,,,,false,2,false,false
9c077a4f-86a7-4f6f-81be-29dfccd25945,5aa7d6bb-fb61-467b-9200-0e55e5baca83,away,0,0,0,6,600,10,0,0,0,0,2,1,8,6,1,GK,,,,,,,,true,,false,false
9c077a4f-86a7-4f6f-81be-29dfccd25945,6b37ad10-c1bc-4fb4-94ba-4a3b6acf55eb,home,3,0,4,0,625,11,0,4,12,0,6,0,16,0,0,LW,,,,,,,,true,,false,false
9c077a4f-86a7-4f6f-81be-29dfccd25945,760a6131-0069-4e05-9e70-6bec90191637,home,0,0,0,0,30,1,0,0,2,0,1,0,3,0,0,RB,,,,,,,,true,,false,false
9c077a4f-86a7-4f6f-81be-29dfccd25945,b9801db9-e9ca-46d3-a349-9b5c5ab161ca,home,0,0,0,0,420,14,0,0,14,2,4,0,11,0,0,LB,,,,,,,,true,,false,false
9c077a4f-86a7-4f6f-81be-29dfccd25945,df4cf9bb-c82d-447f-9c35-22f9bd145e11,away,0,0,1,0,440,13,2,1,14,1,6,0,18,0,0,LB,,,,,,,,true,,false,false
9c077a4f-86a7-4f6f-81be-29dfccd25945,e4145b3b-509f-48c4-aa60-d6df540f762f,away,0,0,0,0,0,0,0,0,0,0,0,0,0,0,0,Sub 1,,,,,,,,false,1,true,false
9c91ff5c-842f-458a-9c53-2ed84a1df332,058a7596-9774-443f-993a-4b755ffe4f3a,home,1,0,2,0,275,11,0,2,5,0,3,0,16,0,0,RW,,,,,,,,true,,false,false
9c91ff5c-842f-458a-9c53-2ed84a1df332,26c6fd97-a374-4786-8561-634c81de2b57,home,0,0,0,0,405,11,0,0,11,4,3,0,7,0,0,RB,,,,,,,,true,,false,false
9c91ff5c-842f-458a-9c53-2ed84a1df332,41d61a44-4b97-4833-a173-b16ac925e267,away,1,0,2,0,270,7,1,2,11,1,0,0,20,0,0,LW,,,,,,,,true,,false,false
9c91ff5c-842f-458a-9c53-2ed84a1df332,51721016-b394-4dea-a7e7-cb3374f018d1,home,0,1,1,0,280,7,2,1,2,0,3,0,6,0,0,LW,,,,,,,,true,,false,false
9c91ff5c-842f-458a-9c53-2ed84a1df332,5aa7d6bb-fb61-467b-9200-0e55e5baca83,home,0,0,0,3,460,10,0,0,1,1,0,0,3,3,3,GK,,,,,,,,true,,false,false
9c91ff5c-842f-458a-9c53-2ed84a1df332,7c42e1a2-b750-4d00-a214-26225d726f8f,away,0,0,0,0,215,5,0,0,7,3,2,0,7,0,0,RB,,,,,,,,true,,false,false
9c91ff5c-842f-458a-9c53-2ed84a1df332,7e5502a7-6938-427e-9edd-e08064b11735,home,1,0,5,0,835,26,1,3,12,5,5,0,21,0,0,CM,,,,,,,,true,,false,false
9c91ff5c-842f-458a-9c53-2ed84a1df332,9acc63cc-08a0-4fa2-95ef-f7fc6a11306a,away,1,1,2,0,535,12,1,2,13,3,4,2,26,0,0,CM,,,,,,,,true,,false,false
9c91ff5c-842f-458a-9c53-2ed84a1df332,9bb8426f-d9fb-4ccb-a9e5-9bf4f49b5bca,away,0,0,0,9,845,13,0,0,0,0,0,0,10,9,3,GK,,,,,,,,true,,false,false
9c91ff5c-842f-458a-9c53-2ed84a1df332,ac46e3e8-b7d7-4732-ace9-b51a9cd58aea,away,1,0,2,0,345,11,1,2,6,0,3,0,13,0,0,RW,,,,,,,,true,,false,false
9c91ff5c-842f-458a-9c53-2ed84a1df332,d1ad216c-0bbb-4d7a-aabd-cdb52cb3d808,away,0,0,0,0,535,16,0,0,6,1,9,5,8,0,0,LB,,,,,,,,true,,false,false
9c91ff5c-842f-458a-9c53-2ed84a1df332,df4cf9bb-c82d-447f-9c35-22f9bd145e11,home,0,0,1,0,505,18,1,1,9,1,6,0,9,0,0,LB,,,,,,,,true,,false,false
9c91ff5c-842f-458a-9c53-2ed84a1df332,e4145b3b-509f-48c4-aa60-d6df540f762f,home,0,0,0,0,105,2,0,0,6,2,1,0,8,0,0,Sub 2,,,,,,,,false,2,false,false
9d555060-c941-4a81-9cc0-a96421e53960,05b15568-4bb8-4b6e-93b0-5d41a269bb8f,away,0,0,0,0,520,16,0,0,11,3,8,2,13,0,0,RB,,,,,,,,true,,false,false
9d555060-c941-4a81-9cc0-a96421e53960,0e78d1b7-00f9-4360-9a81-0de67218e455,home,0,0,0,0,885,0,0,0,0,0,0,0,0,0,0,GK,,,,,,,,true,,false,true
9d555060-c941-4a81-9cc0-a96421e53960,101b3f9c-1167-4c49-a9c8-7361e58edf1e,away,7,0,12,0,990,9,1,9,11,0,2,0,24,0,0,LW,,,,,,,,true,,false,false
9d555060-c941-4a81-9cc0-a96421e53960,2afb9877-1fd6-47de-a8ae-144808a46865,home,0,0,0,0,245,0,0,0,0,0,0,0,0,0,0,RB,,,,,,,,true,,false,true
9d555060-c941-4a81-9cc0-a96421e53960,2d9ee886-9040-47f6-9571-38fe058ec225,home,0,0,0,0,705,0,0,0,0,0,0,0,0,0,0,LB,,,,,,,,true,,false,true
9d555060-c941-4a81-9cc0-a96421e53960,35aae8d0-8e7b-40db-ad74-9e994e3308f3,home,0,0,0,0,515,0,0,0,0,0,0,0,0,0,0,CM,,,,,,,,true,,false,true
9d555060-c941-4a81-9cc0-a96421e53960,65e478e9-920c-40ed-9247-cd6642b83f36,away,0,0,0,8,705,5,0,0,1,1,2,2,14,8,2,GK,,,,,,,,true,,false,false
9d555060-c941-4a81-9cc0-a96421e53960,74a27bb8-dc1d-421b-b931-d5d9e700d791,away,0,0,1,0,330,8,1,1,5,1,5,0,4,0,0,LB,,,,,,,,true,,false,false
9d555060-c941-4a81-9cc0-a96421e53960,a6dbbd49-92c7-4e52-aa9b-3799e55a548e,away,0,2,1,0,325,6,2,1,2,0,3,0,6,0,0,CM,,,,,,,,true,,false,false
9d555060-c941-4a81-9cc0-a96421e53960,a961c8c0-c464-43f8-8b71-c728ac82e935,home,0,0,0,0,855,0,0,0,0,0,0,0,0,0,0,LW,,,,,,,,true,,false,true
9d555060-c941-4a81-9cc0-a96421e53960,ab48c36d-a7de-4ef3-bf0a-be7a8c40a091,away,0,2,4,0,665,11,3,4,15,1,4,1,23,0,0,Sub 1,,,,,,,,false,1,false,false
9d555060-c941-4a81-9cc0-a96421e53960,de4dc1ae-593d-496d-b94c-9f9a06c43390,home,0,0,0,0,350,0,0,0,0,0,0,0,0,0,0,RW,,,,,,,,true,,false,true
9d555060-c941-4a81-9cc0-a96421e53960,f8bd073c-178c-4cdc-a07d-8d69d894c647,away,0,0,0,0,125,7,0,0,0,0,2,0,1,0,0,RW,,,,,,,,true,,false,false
9ebae063-6e29-4090-9089-3b4d6a762562,0149da01-4684-4fd2-bfaa-67f7deeff4ab,home,0,0,0,0,425,15,1,0,4,3,8,2,13,0,0,RB,,,,,,,,true,,false,false
9ebae063-6e29-4090-9089-3b4d6a762562,0e78d1b7-00f9-4360-9a81-0de67218e455,away,0,0,0,9,1040,16,0,0,1,0,5,0,9,9,5,GK,,,,,,,,true,,false,false
9ebae063-6e29-4090-9089-3b4d6a762562,2003feaa-1897-4a5a-8e1b-a4012896a3b1,home,1,0,3,0,350,6,0,3,15,0,5,0,24,0,0,LW,,,,,,,,true,,false,false
9ebae063-6e29-4090-9089-3b4d6a762562,2d9ee886-9040-47f6-9571-38fe058ec225,away,0,0,0,0,505,16,0,0,13,2,8,2,15,0,0,LB,,,,,,,,true,,false,false
9ebae063-6e29-4090-9089-3b4d6a762562,4086df7e-2136-4721-be2a-013e3c4e1ee2,away,0,0,2,0,135,9,0,2,10,0,2,0,28,0,0,RW,,,,,,,,true,,false,false
9ebae063-6e29-4090-9089-3b4d6a762562,5548d172-12d4-4219-bfaa-f7fcd907cfea,home,0,0,6,0,320,6,0,6,7,0,5,0,25,0,0,RW,,,,,,,,true,,false,false
9ebae063-6e29-4090-9089-3b4d6a762562,5aebb1a5-2ab6-44c9-a94c-824269f7d773,home,0,0,0,2,385,12,0,0,0,0,1,0,1,2,2,GK,,,,,,,,true,,false,false
9ebae063-6e29-4090-9089-3b4d6a762562,9f00aa95-962f-40c7-a55a-318d7bd0e312,home,0,0,1,0,430,14,0,0,11,3,6,1,16,0,0,CM,,,,,,,,true,,false,false
9ebae063-6e29-4090-9089-3b4d6a762562,a961c8c0-c464-43f8-8b71-c728ac82e935,away,0,0,0,0,0,0,0,0,0,0,0,0,0,0,0,Sub 1,,,,,,,,false,1,true,false
9ebae063-6e29-4090-9089-3b4d6a762562,ad181db3-ad78-4b44-ac31-23e780257ea2,home,0,0,0,0,0,0,0,0,0,0,0,0,0,0,0,Sub 1,,,,,,,,false,1,true,false
9ebae063-6e29-4090-9089-3b4d6a762562,bc78bd12-7f41-423f-b981-1b9debddce85,away,0,0,0,0,250,15,0,0,13,1,1,0,21,0,0,RB,,,,,,,,true,,false,false
9ebae063-6e29-4090-9089-3b4d6a762562,c4e05493-5efa-4185-b3fc-91d4e1b13b05,away,0,0,0,0,415,22,0,0,5,1,5,2,14,0,0,CM,,,,,,,,true,,false,false
9ebae063-6e29-4090-9089-3b4d6a762562,de48b9e4-239f-45e8-8d09-3bcb8c36d051,home,0,0,0,0,315,11,0,0,16,3,3,0,21,0,0,LB,,,,,,,,true,,false,false
9ebae063-6e29-4090-9089-3b4d6a762562,de4dc1ae-593d-496d-b94c-9f9a06c43390,away,0,0,1,0,250,11,0,1,5,0,2,0,7,0,0,LW,,,,,,,,true,,false,false
9fb5210f-ba3c-4ce8-939f-630ee74c8530,08bf68b8-e774-4a56-bfc9-4c1e6066490b,home,0,0,2,0,325,10,0,2,8,0,6,1,16,0,0,CM,,,,,,,,true,,false,false
9fb5210f-ba3c-4ce8-939f-630ee74c8530,18e370bf-57fc-4db6-9f3e-75d67c9dff3f,home,1,0,2,0,235,5,0,2,8,0,6,0,20,0,0,LW,,,,,,,,true,,false,false
9fb5210f-ba3c-4ce8-939f-630ee74c8530,19fc78b0-3311-42e2-ab04-d8e7c0b37bab,away,0,0,0,0,620,24,1,0,13,1,6,1,10,0,0,LB,,,,,,,,true,,false,false
9fb5210f-ba3c-4ce8-939f-630ee74c8530,21c61bd1-10fd-4974-9031-a18bd5e6520f,away,0,0,0,0,250,9,0,0,11,0,4,0,11,0,0,RB,,,,,,,,true,,false,false
9fb5210f-ba3c-4ce8-939f-630ee74c8530,2af14ed0-2243-436a-8000-4fbfa191d50e,away,2,1,5,0,835,26,3,2,11,0,6,0,22,0,0,CM,,,,,,,,true,,false,false
9fb5210f-ba3c-4ce8-939f-630ee74c8530,5bae39d4-413b-4ba4-96fd-be6e36a51fec,away,1,1,6,0,590,19,4,4,13,0,2,0,38,0,0,LW,,,,,,,,true,,false,false
9fb5210f-ba3c-4ce8-939f-630ee74c8530,6b37ad10-c1bc-4fb4-94ba-4a3b6acf55eb,home,1,0,3,0,415,11,0,3,8,1,1,0,11,0,0,RW,,,,,,,,true,,false,false
9fb5210f-ba3c-4ce8-939f-630ee74c8530,7888df90-020a-4dd1-99da-85cb04dac66b,away,1,2,5,0,800,19,5,3,7,0,3,0,13,0,0,RW,,,,,,,,true,,false,false
9fb5210f-ba3c-4ce8-939f-630ee74c8530,b8435a12-e511-4969-bd98-f0d42a3786ba,home,0,0,0,0,315,6,0,0,16,3,5,3,24,0,0,RB,,,,,,,,true,,false,false
9fb5210f-ba3c-4ce8-939f-630ee74c8530,b9801db9-e9ca-46d3-a349-9b5c5ab161ca,home,0,0,0,0,400,11,0,0,12,3,6,0,11,0,0,LB,,,,,,,,true,,false,false
9fb5210f-ba3c-4ce8-939f-630ee74c8530,cdd132ef-969b-46a7-98fa-fe35c4848c39,away,0,0,0,3,665,19,0,0,0,0,8,1,4,3,2,GK,,,,,,,,true,,false,false
9fb5210f-ba3c-4ce8-939f-630ee74c8530,eeb48d88-eacb-472a-9c3c-6396fe64fa7a,home,0,0,0,10,820,8,0,0,0,0,0,0,20,10,6,GK,,,,,,,,true,,false,false
a042e60b-4e76-4e2d-b675-e623342015e9,04d5a6ba-608c-4a00-86c8-f374369d89bb,away,0,0,1,0,60,3,0,0,4,0,4,0,13,0,0,RW,,,,,,,,true,,false,false
a042e60b-4e76-4e2d-b675-e623342015e9,2000e422-67b4-4331-b13c-235b87c5f18d,home,0,2,0,0,570,18,2,0,7,2,5,2,15,0,0,CM,,,,,,,,true,,false,false
a042e60b-4e76-4e2d-b675-e623342015e9,2c966158-8cad-4b74-8cdc-f095259817a5,home,0,1,2,0,325,6,1,2,10,1,3,0,17,0,0,LW,,,,,,,,true,,false,false
a042e60b-4e76-4e2d-b675-e623342015e9,38ccfa50-824a-41f6-a72c-fc8f897fb15e,away,1,0,4,0,280,6,0,2,3,0,3,0,10,0,0,LW,,,,,,,,true,,false,false
a042e60b-4e76-4e2d-b675-e623342015e9,6cbece72-a0f9-4c80-a6e4-332abe28faf6,home,1,0,1,0,300,10,1,1,9,0,2,0,14,0,0,RW,,,,,,,,true,,false,false
a042e60b-4e76-4e2d-b675-e623342015e9,865c7086-2d02-48dd-8ea3-8d1b45ef2cfb,home,0,0,0,0,105,4,0,0,0,0,1,0,2,0,2,GK,,,,,,,,true,,false,false
a042e60b-4e76-4e2d-b675-e623342015e9,97c0be85-49b4-48bc-a162-40cbb24c2d30,home,0,0,0,0,135,5,0,0,7,2,1,0,11,0,0,LB,,,,,,,,true,,false,false
a042e60b-4e76-4e2d-b675-e623342015e9,991e6f31-863a-44d6-b530-5376b19d027b,away,1,0,2,0,360,11,0,2,9,1,2,1,17,0,0,RB,,,,,,,,true,,false,false
a042e60b-4e76-4e2d-b675-e623342015e9,9d0a604d-1960-493d-833a-47ea82bfd83b,away,1,0,2,0,445,9,0,2,9,3,6,0,14,0,0,LB,,,,,,,,true,,false,false
a042e60b-4e76-4e2d-b675-e623342015e9,b43c872a-ee18-435d-9b92-6e3486484ea9,away,0,0,0,2,680,23,2,0,0,0,5,0,4,2,4,GK,,,,,,,,true,,false,false
a042e60b-4e76-4e2d-b675-e623342015e9,c337388c-ea44-4078-8efa-3b3d0f0bc013,home,2,0,2,0,575,12,1,2,10,2,4,2,14,0,0,RB,,,,,,,,true,,false,false
a042e60b-4e76-4e2d-b675-e623342015e9,db29b279-55c3-4841-91f6-8a5f9c7bcdc4,away,0,1,0,0,335,10,1,0,10,1,2,1,13,0,0,CM,,,,,,,,true,,false,false
a389375c-c845-47e4-9b22-9d0e6c825717,0dd49f0b-f99d-4b20-8f47-8c6b62139b98,away,0,0,0,0,70,5,0,0,1,0,0,0,2,0,0,LB,,,,,,,,true,,false,false
a389375c-c845-47e4-9b22-9d0e6c825717,21c5c593-bdf6-472f-8a91-8f2a1753774d,home,0,0,0,0,325,7,0,0,26,2,3,1,29,0,0,RB,,,,,,,,true,,false,false
a389375c-c845-47e4-9b22-9d0e6c825717,2fab2277-3b1e-4c7c-a2bd-ee80005a842a,home,0,0,0,0,225,12,0,0,7,2,3,1,18,0,0,LB,,,,,,,,true,,false,false
a389375c-c845-47e4-9b22-9d0e6c825717,48ef7d04-216c-4a68-b5ac-b057c0f9a2b1,home,0,0,0,8,780,12,0,0,0,0,1,0,9,8,3,GK,,,,,,,,true,,false,false
a389375c-c845-47e4-9b22-9d0e6c825717,6006e119-0315-48fa-a960-99688e274550,away,1,0,3,0,590,21,2,3,10,0,8,1,27,0,0,RW,,,,,,,,true,,false,false
a389375c-c845-47e4-9b22-9d0e6c825717,6553959c-ab4c-4ef1-9df4-f1c366929211,home,0,0,0,0,250,7,0,0,15,2,2,0,16,0,0,LW,,,,,,,,true,,false,false
a389375c-c845-47e4-9b22-9d0e6c825717,924a77ca-0fc6-44ec-b754-1e107b516cf5,home,0,0,1,0,160,6,0,1,3,1,2,0,8,0,0,RW,,,,,,,,true,,false,false
a389375c-c845-47e4-9b22-9d0e6c825717,b3a498f0-d632-4d47-9794-eb67f6c40a74,away,1,1,5,0,580,10,1,5,12,0,5,0,21,0,0,LW,,,,,,,,true,,false,false
a389375c-c845-47e4-9b22-9d0e6c825717,b6ff4b52-fa8f-4ede-ae27-c1e83b4733e4,away,0,0,0,0,315,13,0,0,6,0,8,0,9,0,0,RB,,,,,,,,true,,false,false
a389375c-c845-47e4-9b22-9d0e6c825717,be25796e-cbbd-4f0f-804f-be89344383c8,away,0,0,0,1,560,20,0,0,7,0,7,1,5,1,0,GK,,,,,,,,true,,false,false
a389375c-c845-47e4-9b22-9d0e6c825717,fac3b9dc-c0db-4bfa-90e4-37ec9e71f61f,away,0,0,4,0,635,27,0,3,24,0,7,0,41,0,0,CM,,,,,,,,true,,false,false
a528cd85-95b8-44a2-99a1-3136b8b79028,08bf68b8-e774-4a56-bfc9-4c1e6066490b,away,1,0,4,0,350,13,0,3,9,0,4,1,29,0,0,CM,,,,,,,,true,,false,false
a528cd85-95b8-44a2-99a1-3136b8b79028,18e370bf-57fc-4db6-9f3e-75d67c9dff3f,away,2,0,4,0,500,10,1,3,12,0,4,0,19,0,0,RW,,,,,,,,true,,false,false
a528cd85-95b8-44a2-99a1-3136b8b79028,6b37ad10-c1bc-4fb4-94ba-4a3b6acf55eb,away,1,1,2,0,400,8,2,1,13,0,2,0,18,0,0,LW,,,,,,,,true,,false,false
a528cd85-95b8-44a2-99a1-3136b8b79028,760a6131-0069-4e05-9e70-6bec90191637,away,0,0,0,0,270,10,1,0,6,1,7,1,15,0,0,LB,,,,,,,,true,,false,false
a528cd85-95b8-44a2-99a1-3136b8b79028,8e59c7a3-0343-4c4f-b9aa-a387deb9ba0c,home,1,0,1,0,295,7,0,1,10,0,4,0,12,0,0,LB,,,,,,,,true,,false,false
a528cd85-95b8-44a2-99a1-3136b8b79028,9685e3be-747c-47cf-bf8f-5010c0c0ce0b,home,2,0,7,0,635,10,0,6,16,1,8,1,35,0,0,CM,,,,,,,,true,,false,false
a528cd85-95b8-44a2-99a1-3136b8b79028,a9c1297b-be7c-46ba-a857-55f42b451431,home,0,0,0,5,515,7,0,0,0,0,2,1,7,5,2,GK,,,,,,,,true,,false,false
a528cd85-95b8-44a2-99a1-3136b8b79028,b9801db9-e9ca-46d3-a349-9b5c5ab161ca,away,0,1,2,0,410,9,1,2,9,1,4,0,13,0,0,RB,,,,,,,,true,,false,false
a528cd85-95b8-44a2-99a1-3136b8b79028,c754b89e-7b24-4cc8-a3db-2547941507ab,home,1,0,5,0,405,4,0,4,14,0,3,1,21,0,0,LW,,,,,,,,true,,false,false
a528cd85-95b8-44a2-99a1-3136b8b79028,ec291dd8-90c4-4dcb-b2c6-9d7fd7890c01,home,1,2,3,0,705,12,2,3,12,0,5,0,10,0,0,RW,,,,,,,,true,,false,false
a528cd85-95b8-44a2-99a1-3136b8b79028,eeb48d88-eacb-472a-9c3c-6396fe64fa7a,away,0,0,0,10,1225,20,0,0,0,0,8,3,12,10,4,GK,,,,,,,,true,,false,false
a528cd85-95b8-44a2-99a1-3136b8b79028,f26aa9f9-6d09-4040-baa1-669858f45bef,home,0,0,0,0,280,7,1,0,10,1,6,3,19,0,0,RB,,,,,,,,true,,false,false
a5e1b761-6950-4a8a-b0e0-f3186c782e3f,1ef81557-4610-448a-9114-a54e57e308e9,home,0,0,0,2,365,10,0,0,0,0,2,1,9,3,1,GK,,,,,,,,true,,false,false
a5e1b761-6950-4a8a-b0e0-f3186c782e3f,23ead12c-77ac-4e35-bc74-5f690af34010,home,0,1,1,0,540,19,3,1,12,0,9,1,27,0,0,CM,,,,,,,,true,,false,false
a5e1b761-6950-4a8a-b0e0-f3186c782e3f,323ee32d-4a4d-47b6-8a0d-02e192d1fdff,home,0,2,0,0,590,22,3,0,9,0,4,0,13,0,0,RW,,,,,,,,true,,false,false
a5e1b761-6950-4a8a-b0e0-f3186c782e3f,565f74c4-302b-4d0b-8fe7-057809b2f5c8,away,0,0,0,0,380,14,0,0,10,2,6,0,12,0,0,RB,,,,,,,,true,,false,false
a5e1b761-6950-4a8a-b0e0-f3186c782e3f,80543e79-317b-4c83-b059-d50095730625,home,0,1,0,0,340,9,1,0,12,2,4,0,17,0,0,LB,,,,,,,,true,,false,false
a5e1b761-6950-4a8a-b0e0-f3186c782e3f,8224ef9f-3a52-427c-9403-f110b1b0ef47,away,1,1,1,0,370,9,1,1,19,0,3,0,28,0,0,RW,,,,,,,,true,,false,false
a5e1b761-6950-4a8a-b0e0-f3186c782e3f,9f00aa95-962f-40c7-a55a-318d7bd0e312,home,3,0,8,0,605,8,0,5,9,1,2,0,18,0,0,LW,,,,,,,,true,,false,false
a5e1b761-6950-4a8a-b0e0-f3186c782e3f,b0470ce4-f04e-4e82-a572-aafd4e91491a,home,1,0,1,0,640,18,0,1,17,2,5,2,16,0,0,RB,,,,,,,,true,,false,false
a5e1b761-6950-4a8a-b0e0-f3186c782e3f,b51753bc-1a25-4857-b261-605a686e7ae7,away,0,0,0,2,385,9,0,0,0,0,3,1,7,2,4,GK,,,,,,,,true,,false,false
a5e1b761-6950-4a8a-b0e0-f3186c782e3f,b935858d-f739-483e-a0b3-997fa723f5b4,away,1,1,1,0,490,20,2,1,12,0,4,0,26,0,0,CM,,,,,,,,true,,false,false
a5e1b761-6950-4a8a-b0e0-f3186c782e3f,e3c8c19a-1b7b-44df-9724-a9ba90dbb7af,away,0,0,0,0,370,14,0,0,14,2,2,0,13,0,0,LB,,,,,,,,true,,false,false
a5e1b761-6950-4a8a-b0e0-f3186c782e3f,fab1aec0-0fe0-430d-8799-a0da1a9009d7,home,0,0,0,0,0,0,0,0,0,0,0,0,0,0,0,Sub 1,,,,,,,,false,1,true,true
a5e1b761-6950-4a8a-b0e0-f3186c782e3f,fb870e63-dd63-4a29-89d6-55ce8da81176,away,1,0,5,0,335,9,0,4,7,0,0,0,18,0,0,LW,,,,,,,,true,,false,false
a884bc8c-846b-408b-8aad-935d57e5d4b2,23ead12c-77ac-4e35-bc74-5f690af34010,home,0,0,1,0,560,20,0,0,20,3,6,0,23,0,0,RB,,,,,,,,true,,false,false
a884bc8c-846b-408b-8aad-935d57e5d4b2,25985582-fc6c-47d2-8217-cdbc86b8d589,home,0,0,0,0,325,12,0,0,7,1,3,2,8,0,0,LB,,,,,,,,true,,false,false
a884bc8c-846b-408b-8aad-935d57e5d4b2,2e89d7be-039b-4309-85a3-f7ff2477b00a,home,0,1,1,0,285,11,2,0,8,0,3,0,18,0,0,RW,,,,,,,,true,,false,false
a884bc8c-846b-408b-8aad-935d57e5d4b2,3135f05c-09ba-4d3e-aa97-f433001eca33,away,0,0,0,0,450,17,0,0,8,1,5,3,10,0,0,RB,,,,,,,,true,,false,false
a884bc8c-846b-408b-8aad-935d57e5d4b2,3dcd7592-94ca-4eee-81b4-1405e50406d9,home,0,0,2,0,240,11,2,2,5,0,0,0,15,0,0,LW,,,,,,,,true,,false,false
a884bc8c-846b-408b-8aad-935d57e5d4b2,70d61877-2c58-4630-bec4-5175ebece3bf,home,0,0,0,2,310,8,0,0,0,0,2,1,4,2,1,GK,,,,,,,,true,,false,false
a884bc8c-846b-408b-8aad-935d57e5d4b2,7c811d9b-f926-4ccd-a62f-3323ce07002f,away,0,0,0,1,275,9,0,0,0,0,3,0,3,1,2,GK,,,,,,,,true,,false,false
a884bc8c-846b-408b-8aad-935d57e5d4b2,887fe9a5-ab38-42a5-bf57-1ebeddd232be,away,0,1,2,0,245,10,2,0,6,0,3,0,20,0,0,CM,,,,,,,,true,,false,false
a884bc8c-846b-408b-8aad-935d57e5d4b2,a71d3030-261e-41aa-988a-56851eba1e54,away,0,0,0,0,530,18,1,0,19,3,3,0,17,0,0,LB,,,,,,,,true,,false,false
a884bc8c-846b-408b-8aad-935d57e5d4b2,cf73a840-783b-45de-9ccc-fbae51623051,home,1,0,1,0,545,16,0,1,18,4,2,1,22,0,0,CM,,,,,,,,true,,false,false
a884bc8c-846b-408b-8aad-935d57e5d4b2,cffce0e1-86ca-48bb-860d-f6b468ddbcc2,away,1,1,3,0,395,9,1,2,10,0,2,0,18,0,0,RW,,,,,,,,true,,false,false
a884bc8c-846b-408b-8aad-935d57e5d4b2,d866f609-fb9f-4f45-b296-c6d2852a3dfa,away,2,0,5,0,655,18,2,4,13,0,1,0,20,0,0,LW,,,,,,,,true,,false,false
a8d58d95-9a6f-4bdc-946d-bf0e886b91f3,136f7943-c243-4d8f-a269-2793bf9aeaed,home,2,0,5,0,405,5,0,4,8,0,2,1,17,0,0,RW,,,,,,,,true,,false,false
a8d58d95-9a6f-4bdc-946d-bf0e886b91f3,16be98a3-38b7-43cb-a21f-818d25515684,away,0,1,1,0,640,25,1,0,10,0,11,2,21,0,0,LB,,,,,,,,true,,false,false
a8d58d95-9a6f-4bdc-946d-bf0e886b91f3,18705b90-e5c8-4cc2-98fb-902cb958d376,away,2,0,3,0,370,10,1,2,5,0,1,0,12,0,0,LW,,,,,,,,true,,false,false
a8d58d95-9a6f-4bdc-946d-bf0e886b91f3,33da5ff2-7f7a-4007-8497-8f563951c77d,away,0,1,2,0,525,22,3,2,7,0,5,0,22,0,0,RW,,,,,,,,true,,false,false
a8d58d95-9a6f-4bdc-946d-bf0e886b91f3,75006243-09bb-4172-8880-7fc3a3e0d95c,away,0,0,0,0,0,0,0,0,0,0,0,0,0,0,0,Sub 1,,,,,,,,false,1,true,false
a8d58d95-9a6f-4bdc-946d-bf0e886b91f3,7593f03f-2200-45ae-9a01-fd8019c47470,away,0,0,0,0,560,18,0,0,8,4,8,2,10,0,0,RB,,,,,,,,true,,false,false
a8d58d95-9a6f-4bdc-946d-bf0e886b91f3,942c88aa-c32c-4f4a-8ae2-ac0c8fda6cb7,away,1,1,4,0,650,19,2,2,7,0,5,3,20,0,0,CM,,,,,,,,true,,false,false
a8d58d95-9a6f-4bdc-946d-bf0e886b91f3,a2465e24-580f-4995-a354-50ba3d66eda6,home,0,1,0,0,585,10,1,0,9,5,5,3,6,0,0,RB,,,,,,,,true,,false,false
a8d58d95-9a6f-4bdc-946d-bf0e886b91f3,a35ecdb3-ddc5-4900-ad3a-da8d3e5d3b76,home,0,0,0,5,565,11,0,0,0,0,1,0,4,5,2,GK,,,,,,,,true,,false,false
a8d58d95-9a6f-4bdc-946d-bf0e886b91f3,b08fdbb8-4270-4ac4-8b79-6e67bdd5ac0f,home,0,1,0,0,215,6,1,0,10,0,6,0,20,0,0,LB,,,,,,,,true,,false,false
a8d58d95-9a6f-4bdc-946d-bf0e886b91f3,ee42f965-d798-4724-8299-0b92747ba50d,home,2,1,5,0,795,16,1,5,12,3,6,1,25,0,0,CM,,,,,,,,true,,false,false
a8d58d95-9a6f-4bdc-946d-bf0e886b91f3,f097b613-dba4-4dfb-b6ee-733a9a2ba61a,away,0,0,1,7,720,8,0,0,0,0,4,0,6,7,2,GK,,,,,,,,true,,false,false
a8d58d95-9a6f-4bdc-946d-bf0e886b91f3,f60373ce-e3c7-4cdf-b5f3-bcb94a6d167a,home,2,0,4,0,425,9,1,4,4,0,5,0,17,0,0,LW,,,,,,,,true,,false,false
aa3ed2a6-4523-4d5a-8391-49ea142ecec7,05b15568-4bb8-4b6e-93b0-5d41a269bb8f,home,0,1,0,0,450,13,2,0,8,1,3,1,7,0,0,RB,,,,,,,,true,,false,false
aa3ed2a6-4523-4d5a-8391-49ea142ecec7,2df70d98-1fcc-4f56-932b-c1aa91c197aa,away,1,0,2,0,560,19,0,2,7,1,8,1,15,0,0,LB,,,,,,,,true,,false,false
aa3ed2a6-4523-4d5a-8391-49ea142ecec7,59f47cc9-4c4a-4cd7-89a2-9af74d276af8,away,1,1,3,0,565,18,4,2,5,0,3,0,16,0,0,LW,,,,,,,,true,,false,false
aa3ed2a6-4523-4d5a-8391-49ea142ecec7,65e478e9-920c-40ed-9247-cd6642b83f36,home,0,0,0,4,505,10,0,0,0,0,4,0,3,4,1,GK,,,,,,,,true,,false,false
aa3ed2a6-4523-4d5a-8391-49ea142ecec7,74a27bb8-dc1d-421b-b931-d5d9e700d791,home,0,0,0,0,325,9,0,0,12,3,4,1,15,0,0,LB,,,,,,,,true,,false,false
aa3ed2a6-4523-4d5a-8391-49ea142ecec7,790cd3b0-f9ef-4591-8529-4fd2ef273cfb,away,0,0,0,7,795,14,0,0,0,0,0,0,4,7,4,GK,,,,,,,,true,,false,false
aa3ed2a6-4523-4d5a-8391-49ea142ecec7,93ad0ca5-4c0e-4c96-9ea0-d2a85f51926e,away,2,1,2,0,740,21,1,2,13,4,3,0,20,0,0,CM,,,,,,,,true,,false,false
aa3ed2a6-4523-4d5a-8391-49ea142ecec7,a6dbbd49-92c7-4e52-aa9b-3799e55a548e,home,0,1,4,0,860,27,2,3,12,2,6,2,20,0,0,CM,,,,,,,,true,,false,false
aa3ed2a6-4523-4d5a-8391-49ea142ecec7,ab48c36d-a7de-4ef3-bf0a-be7a8c40a091,home,2,1,7,0,545,5,2,5,5,0,1,0,13,0,0,LW,,,,,,,,true,,false,false
aa3ed2a6-4523-4d5a-8391-49ea142ecec7,c3cc845e-64e3-4b46-9d8e-d67e416acb3b,home,2,0,5,0,490,10,1,4,8,0,2,0,16,0,0,RW,,,,,,,,true,,false,false
aa3ed2a6-4523-4d5a-8391-49ea142ecec7,ca21e05a-e324-4b6a-9fbb-52e67d43be12,away,0,1,1,0,425,13,2,0,9,1,4,1,15,0,0,RB,,,,,,,,true,,false,false
aa3ed2a6-4523-4d5a-8391-49ea142ecec7,d6cd012d-9b01-4e94-b346-351865411162,away,1,1,1,0,270,9,1,1,5,0,3,0,17,0,0,RW,,,,,,,,true,,false,false
aa3ed2a6-4523-4d5a-8391-49ea142ecec7,f8bd073c-178c-4cdc-a07d-8d69d894c647,home,0,0,0,0,0,0,0,0,0,0,0,0,0,0,0,Sub 1,,,,,,,,false,1,true,false
aa5da3dc-1b24-41f5-ad94-4f8c074097df,04d5a6ba-608c-4a00-86c8-f374369d89bb,away,1,2,3,0,615,10,2,3,10,2,1,0,12,0,0,RW,,,,,,,,true,,false,false
aa5da3dc-1b24-41f5-ad94-4f8c074097df,34f9b7a0-13c1-4e9a-ac02-fb63f1440a5b,away,1,1,2,0,625,23,2,2,6,0,4,0,13,0,0,CM,,,,,,,,true,,false,false
aa5da3dc-1b24-41f5-ad94-4f8c074097df,7bce360c-9582-4ae3-a11f-ede63cedebe3,away,0,0,0,0,0,0,0,0,0,0,0,0,0,0,0,Sub 1,,,,,,,,false,1,true,false
aa5da3dc-1b24-41f5-ad94-4f8c074097df,827a57e6-345c-4019-8e06-5e31845cf8ef,home,1,1,6,0,465,10,1,4,8,0,0,0,19,0,0,LW,,,,,,,,true,,false,false
aa5da3dc-1b24-41f5-ad94-4f8c074097df,97c0be85-49b4-48bc-a162-40cbb24c2d30,home,0,0,2,0,560,19,1,2,4,0,8,2,8,0,0,CM,,,,,,,,true,,false,false
aa5da3dc-1b24-41f5-ad94-4f8c074097df,991e6f31-863a-44d6-b530-5376b19d027b,away,0,1,1,0,635,18,1,1,9,6,5,0,13,0,0,RB,,,,,,,,true,,false,false
aa5da3dc-1b24-41f5-ad94-4f8c074097df,9d0a604d-1960-493d-833a-47ea82bfd83b,away,0,0,0,0,415,16,0,0,11,4,4,0,15,0,0,LB,,,,,,,,true,,false,false
aa5da3dc-1b24-41f5-ad94-4f8c074097df,b43c872a-ee18-435d-9b92-6e3486484ea9,away,1,0,1,6,1070,24,0,1,0,0,2,2,7,6,6,GK,,,,,,,,true,,false,false
aa5da3dc-1b24-41f5-ad94-4f8c074097df,dd6bad4e-3564-4c45-b5ff-2cfb4b9fa8e9,away,3,0,4,0,435,6,0,4,6,0,1,0,11,0,0,LW,,,,,,,,true,,false,false
aa5da3dc-1b24-41f5-ad94-4f8c074097df,de2173fc-be3b-4a32-b6d6-ecc87a948533,home,1,0,1,0,555,16,0,1,7,5,2,1,7,0,0,RB,,,,,,,,true,,false,false
aa6b105f-dcfd-4566-b425-f8fb731d261d,058a7596-9774-443f-993a-4b755ffe4f3a,away,1,0,4,0,200,1,0,4,5,0,0,0,14,0,0,LW,,,,,,,,true,,false,false
aa6b105f-dcfd-4566-b425-f8fb731d261d,0e1f2bd6-7b36-4abb-962b-cedc9effea35,home,0,0,0,7,655,7,0,0,0,0,0,0,5,7,3,GK,,,,,,,,true,,false,false
aa6b105f-dcfd-4566-b425-f8fb731d261d,11b9e702-95bd-466f-a980-cac33251fff6,home,1,0,2,0,260,9,0,1,7,0,3,0,15,0,0,LW,,,,,,,,true,,false,false
aa6b105f-dcfd-4566-b425-f8fb731d261d,21be9337-e89b-4e27-bab7-ab6c2e736d39,away,0,0,0,0,115,2,0,0,3,1,2,1,4,0,0,Sub,,,,,,,,false,3,false,false
aa6b105f-dcfd-4566-b425-f8fb731d261d,26c6fd97-a374-4786-8561-634c81de2b57,away,1,1,1,0,335,10,1,1,8,0,0,0,12,0,0,CM,,,,,,,,true,,false,false
aa6b105f-dcfd-4566-b425-f8fb731d261d,323ee32d-4a4d-47b6-8a0d-02e192d1fdff,away,1,1,1,0,420,11,2,1,8,0,2,1,13,0,0,Sub,,,,,,,,false,1,false,false
aa6b105f-dcfd-4566-b425-f8fb731d261d,49105744-5fa4-4ec7-a742-749038bbcc3a,home,1,0,1,0,70,5,0,1,2,0,1,0,15,0,0,RW,,,,,,,,true,,false,false
aa6b105f-dcfd-4566-b425-f8fb731d261d,51721016-b394-4dea-a7e7-cb3374f018d1,away,0,0,5,0,435,13,1,3,10,1,2,0,19,0,0,RW,,,,,,,,true,,false,false
aa6b105f-dcfd-4566-b425-f8fb731d261d,598daf18-47a2-4c69-86b9-38c3a92f5138,home,0,2,1,0,680,21,4,1,10,0,8,1,20,0,0,CM,,,,,,,,true,,false,false
aa6b105f-dcfd-4566-b425-f8fb731d261d,5aa7d6bb-fb61-467b-9200-0e55e5baca83,away,0,0,0,1,245,7,0,0,0,0,0,0,1,1,3,GK,,,,,,,,true,,false,false
aa6b105f-dcfd-4566-b425-f8fb731d261d,d48df599-2dd9-4fef-aa5c-b511893d91cd,home,2,0,2,0,565,14,0,2,11,1,9,2,22,0,0,RB,,,,,,,,true,,false,false
aa6b105f-dcfd-4566-b425-f8fb731d261d,d6b6ca4e-af5a-4b26-8a6a-a49e326e625f,home,1,1,2,0,685,14,1,1,17,4,10,0,24,0,0,LB,,,,,,,,true,,false,false
aa6b105f-dcfd-4566-b425-f8fb731d261d,df4cf9bb-c82d-447f-9c35-22f9bd145e11,away,0,1,0,0,555,12,1,0,20,5,4,1,22,0,0,LB,,,,,,,,true,,false,false
aa6b105f-dcfd-4566-b425-f8fb731d261d,e4145b3b-509f-48c4-aa60-d6df540f762f,away,0,0,2,0,475,13,0,2,14,3,4,1,19,0,0,RB,,,,,,,,true,,false,false
abd745c1-125d-4d71-a194-f269c85641ad,101b3f9c-1167-4c49-a9c8-7361e58edf1e,away,2,0,2,0,250,2,1,2,5,0,2,0,11,0,0,LW,,,,,,,,true,,false,false
abd745c1-125d-4d71-a194-f269c85641ad,1b6d3171-08d4-4efe-a7c0-0cc04c3cfcbf,home,0,0,1,0,160,4,0,1,8,0,0,0,7,0,0,RB,,,,,,,,true,,false,false
abd745c1-125d-4d71-a194-f269c85641ad,21c5c593-bdf6-472f-8a91-8f2a1753774d,home,0,0,3,0,425,10,0,3,9,2,7,1,19,0,0,LB,,,,,,,,true,,false,false
abd745c1-125d-4d71-a194-f269c85641ad,43e6e31b-7f76-4c20-8f78-4e0eac3e3e8e,away,0,1,0,0,575,18,1,0,7,3,6,2,10,0,0,LB,,,,,,,,true,,false,false
abd745c1-125d-4d71-a194-f269c85641ad,48ef7d04-216c-4a68-b5ac-b057c0f9a2b1,home,0,0,0,0,605,7,0,0,0,0,4,2,11,6,2,CM,,,,,,,,true,,false,false
abd745c1-125d-4d71-a194-f269c85641ad,4e7a8d64-733f-46ba-aeff-b35e8b3258e6,home,0,1,1,0,475,19,1,1,17,0,0,0,20,0,0,LW,,,,,,,,true,,false,false
abd745c1-125d-4d71-a194-f269c85641ad,635fb223-b598-45a3-bbaa-cd0da12c33ab,home,0,0,3,0,380,14,0,2,10,0,5,0,18,0,0,RW,,,,,,,,true,,false,false
abd745c1-125d-4d71-a194-f269c85641ad,65e478e9-920c-40ed-9247-cd6642b83f36,away,0,1,0,6,865,17,1,0,1,0,2,1,7,6,3,GK,,,,,,,,true,,false,false
abd745c1-125d-4d71-a194-f269c85641ad,74a27bb8-dc1d-421b-b931-d5d9e700d791,away,0,0,0,0,205,7,0,0,8,0,5,1,12,0,0,RB,,,,,,,,true,,false,false
abd745c1-125d-4d71-a194-f269c85641ad,924a77ca-0fc6-44ec-b754-1e107b516cf5,home,1,0,3,0,245,7,0,2,11,0,0,0,20,0,0,GK,,,,,,,,true,,false,false
abd745c1-125d-4d71-a194-f269c85641ad,a6dbbd49-92c7-4e52-aa9b-3799e55a548e,away,1,2,2,0,830,24,3,1,16,2,5,1,24,0,0,CM,,,,,,,,true,,false,false
abd745c1-125d-4d71-a194-f269c85641ad,ac239d69-983c-4784-ac0f-6139cd5b61f1,away,4,1,10,0,965,11,2,9,11,0,2,0,18,0,0,RW,,,,,,,,true,,false,false
abd745c1-125d-4d71-a194-f269c85641ad,e28d0af9-11c6-4b32-ace5-bc21f6d90806,home,0,0,1,0,50,2,1,0,0,0,0,0,3,0,0,Sub 1,,,,,,,,false,1,false,false
abd745c1-125d-4d71-a194-f269c85641ad,f8bd073c-178c-4cdc-a07d-8d69d894c647,away,1,0,3,0,295,5,1,3,4,0,3,0,11,0,0,Sub 1,,,,,,,,false,1,false,false
af169fe2-4f76-471b-9980-f591536e47ba,08bf68b8-e774-4a56-bfc9-4c1e6066490b,away,1,0,2,0,475,12,0,1,20,3,3,0,25,0,0,CM,,,,,,,,true,,false,false
af169fe2-4f76-471b-9980-f591536e47ba,11b9e702-95bd-466f-a980-cac33251fff6,home,0,1,0,0,145,4,1,0,7,0,1,0,12,0,0,RW,,,,,,,,true,,false,false
af169fe2-4f76-471b-9980-f591536e47ba,19a503d9-0de9-42d4-965e-230c4772a949,away,0,1,0,3,370,7,1,0,0,0,1,0,6,3,0,GK,,,,,,,,true,,false,false
af169fe2-4f76-471b-9980-f591536e47ba,3d0afe97-fd94-40db-ac93-d30c1ef08a7c,away,2,1,3,0,475,4,1,3,15,1,2,0,20,0,0,RW,,,,,,,,true,,false,false
af169fe2-4f76-471b-9980-f591536e47ba,598daf18-47a2-4c69-86b9-38c3a92f5138,home,2,2,3,0,775,16,3,3,15,1,6,0,25,0,0,CM,,,,,,,,true,,false,false
af169fe2-4f76-471b-9980-f591536e47ba,6007d242-65ea-4702-a946-18f8c58ad372,home,0,0,3,0,305,9,1,2,6,0,5,1,17,0,0,RB,,,,,,,,true,,false,false
af169fe2-4f76-471b-9980-f591536e47ba,6b37ad10-c1bc-4fb4-94ba-4a3b6acf55eb,away,1,1,1,0,280,5,1,1,4,0,0,0,4,0,0,LW,,,,,,,,true,,false,false
af169fe2-4f76-471b-9980-f591536e47ba,760a6131-0069-4e05-9e70-6bec90191637,away,0,0,0,0,280,6,0,0,10,2,5,1,11,0,0,RB,,,,,,,,true,,false,false
af169fe2-4f76-471b-9980-f591536e47ba,b0a2cee3-5f40-4b19-bddf-996b0c613b7b,home,0,0,0,4,435,10,0,0,0,0,1,0,3,4,0,GK,,,,,,,,true,,false,false
af169fe2-4f76-471b-9980-f591536e47ba,b9801db9-e9ca-46d3-a349-9b5c5ab161ca,away,0,0,0,0,440,14,3,0,7,2,3,1,7,0,0,LB,,,,,,,,true,,false,false
af169fe2-4f76-471b-9980-f591536e47ba,d404bc12-2609-4043-b084-b12152865c6b,home,2,1,2,0,635,16,2,2,12,0,5,0,17,0,0,LW,,,,,,,,true,,false,false
af169fe2-4f76-471b-9980-f591536e47ba,d6b6ca4e-af5a-4b26-8a6a-a49e326e625f,home,1,1,1,0,600,17,2,1,25,0,6,0,33,0,0,LB,,,,,,,,true,,false,false
af3074bb-7602-4288-85ad-ba48313688ed,21a45e6a-a10f-4773-978b-75d0f39cdeb4,home,0,2,1,0,460,13,3,1,6,0,5,1,17,0,0,CM,,,,,,,,true,,false,false
af3074bb-7602-4288-85ad-ba48313688ed,28665e99-bf57-4d6f-9303-8f24750764c5,away,0,0,0,0,55,3,0,0,0,0,2,0,2,0,0,CM,,,,,,,,true,,false,false
af3074bb-7602-4288-85ad-ba48313688ed,67d84d4a-34e1-425a-b5af-aa80ba3e1ce7,away,0,0,1,0,470,18,0,1,14,2,2,0,14,0,0,RB,,,,,,,,true,,false,false
af3074bb-7602-4288-85ad-ba48313688ed,6dd2ea29-a00b-4393-a556-448387245400,away,1,0,6,0,295,5,0,2,3,0,1,0,9,0,0,Sub 1,,,,,,,,false,1,false,false
af3074bb-7602-4288-85ad-ba48313688ed,7af8310e-a70e-4984-826c-45c8b97f4b62,away,0,0,2,0,220,8,0,2,7,0,1,0,12,0,0,Sub 2,,,,,,,,false,2,false,false
af3074bb-7602-4288-85ad-ba48313688ed,7c811d9b-f926-4ccd-a62f-3323ce07002f,home,0,0,0,5,625,11,0,0,0,0,3,0,6,5,4,GK,,,,,,,,true,,false,false
af3074bb-7602-4288-85ad-ba48313688ed,7fd5353d-009f-448f-8c7a-98d0a8825c0a,away,0,0,0,4,480,8,1,0,1,0,3,0,5,4,1,GK,,,,,,,,true,,false,false
af3074bb-7602-4288-85ad-ba48313688ed,887fe9a5-ab38-42a5-bf57-1ebeddd232be,home,1,0,2,0,495,18,0,2,9,0,2,0,9,0,0,RB,,,,,,,,true,,false,false
af3074bb-7602-4288-85ad-ba48313688ed,c291909e-ae45-4a5f-a995-9070146b99b5,away,0,0,0,0,0,0,0,0,0,0,0,0,0,0,0,Sub 3,,,,,,,,false,3,true,false
af3074bb-7602-4288-85ad-ba48313688ed,cffce0e1-86ca-48bb-860d-f6b468ddbcc2,home,2,1,4,0,815,18,2,3,14,3,4,1,21,0,0,RW,,,,,,,,true,,false,false
af3074bb-7602-4288-85ad-ba48313688ed,d0abe833-f65b-4654-86b5-85013900b9c1,away,0,0,0,0,120,7,0,0,4,0,1,0,6,0,0,RW,,,,,,,,true,,false,false
af3074bb-7602-4288-85ad-ba48313688ed,d2fc286f-3473-4cd4-9554-0fe46dece9ec,away,0,0,2,0,340,11,1,1,8,1,4,0,13,0,0,LB,,,,,,,,true,,false,false
af3074bb-7602-4288-85ad-ba48313688ed,d866f609-fb9f-4f45-b296-c6d2852a3dfa,home,1,1,2,0,640,23,2,1,11,3,2,0,21,0,0,LW,,,,,,,,true,,false,false
af3074bb-7602-4288-85ad-ba48313688ed,fc7790b2-ba9f-48e5-b3fa-81c9a87b415b,away,0,0,0,0,15,1,0,0,0,0,0,0,0,0,0,LW,,,,,,,,true,,false,false
af3cd055-d736-4041-b136-16c062ab0711,0149da01-4684-4fd2-bfaa-67f7deeff4ab,home,0,1,0,0,620,20,3,0,14,4,3,0,17,0,0,RB,,,,,,,,true,,false,false
af3cd055-d736-4041-b136-16c062ab0711,0b8a523f-e03a-4ffe-9298-5082d52108cd,home,3,0,8,0,745,27,1,5,13,3,6,0,25,0,0,CM,,,,,,,,true,,false,false
af3cd055-d736-4041-b136-16c062ab0711,5c667d1e-4c6e-4677-ac07-31ebf653d184,home,3,1,8,0,755,13,2,5,13,0,2,0,25,0,0,LW,,,,,,,,true,,false,false
af3cd055-d736-4041-b136-16c062ab0711,6006e119-0315-48fa-a960-99688e274550,away,1,1,3,0,605,19,2,2,23,1,5,0,41,0,0,CM,,,,,,,,true,,false,false
af3cd055-d736-4041-b136-16c062ab0711,6cbece72-a0f9-4c80-a6e4-332abe28faf6,home,2,0,3,0,410,10,0,2,12,0,1,0,16,0,0,RW,,,,,,,,true,,false,false
af3cd055-d736-4041-b136-16c062ab0711,783b9d50-39ff-48b0-84d9-b608fdf515b3,home,0,0,0,3,500,10,0,0,0,0,1,1,4,3,5,GK,,,,,,,,true,,false,false
af3cd055-d736-4041-b136-16c062ab0711,790cd3b0-f9ef-4591-8529-4fd2ef273cfb,away,0,0,0,3,415,12,0,0,0,0,0,0,4,3,2,GK,,,,,,,,true,,false,false
af3cd055-d736-4041-b136-16c062ab0711,8b8d6e06-f585-4e8e-960f-d15ab4abd940,home,0,0,0,0,490,20,0,0,16,1,7,0,18,0,0,LB,,,,,,,,true,,false,false
af3cd055-d736-4041-b136-16c062ab0711,b1c4eb92-e9ac-4581-9ee8-9ac8baf7ecd6,away,0,0,1,0,145,9,0,0,8,0,3,0,18,0,0,RW,,,,,,,,true,,false,false
af3cd055-d736-4041-b136-16c062ab0711,b3a498f0-d632-4d47-9794-eb67f6c40a74,away,0,0,4,0,370,10,1,3,8,0,6,0,19,0,0,LW,,,,,,,,true,,false,false
af3cd055-d736-4041-b136-16c062ab0711,b6ff4b52-fa8f-4ede-ae27-c1e83b4733e4,away,0,0,0,0,300,7,0,0,7,4,4,0,7,0,0,Sub 2,,,,,,,,false,2,false,false
af3cd055-d736-4041-b136-16c062ab0711,be25796e-cbbd-4f0f-804f-be89344383c8,away,0,0,0,0,265,8,0,0,6,3,3,1,9,0,0,LB,,,,,,,,true,,false,false
af3cd055-d736-4041-b136-16c062ab0711,bf4c4e23-eb90-4cec-9712-75ab9e36683b,away,0,0,0,0,235,9,0,0,4,1,4,1,7,0,0,RB,,,,,,,,true,,false,false
af3cd055-d736-4041-b136-16c062ab0711,d056431b-35f3-4e15-955a-0a25a981b624,away,0,0,0,0,0,0,0,0,0,0,0,0,0,0,0,Sub 1,,,,,,,,false,1,true,false
af3cd055-d736-4041-b136-16c062ab0711,de48b9e4-239f-45e8-8d09-3bcb8c36d051,home,0,0,0,0,0,0,0,0,0,0,0,0,0,0,0,Sub 2,,,,,,,,false,2,true,false
b12e63c5-f068-4271-b8c4-e4981fd4f32b,094407eb-e583-47f9-8060-5160a7dfab50,home,0,2,2,0,805,27,3,1,13,1,7,1,22,0,0,CM,,,,,,,,true,,false,false
b12e63c5-f068-4271-b8c4-e4981fd4f32b,16be98a3-38b7-43cb-a21f-818d25515684,away,1,0,3,0,485,10,1,3,12,4,5,1,27,0,0,RB,,,,,,,,true,,false,false
b12e63c5-f068-4271-b8c4-e4981fd4f32b,18705b90-e5c8-4cc2-98fb-902cb958d376,away,1,0,3,0,345,7,1,3,8,1,0,0,13,0,0,LW,,,,,,,,true,,false,false
b12e63c5-f068-4271-b8c4-e4981fd4f32b,275e8362-7767-4a8d-b923-5c9a17351908,home,0,0,2,0,500,13,0,2,15,2,8,0,19,0,0,LB,,,,,,,,true,,false,false
b12e63c5-f068-4271-b8c4-e4981fd4f32b,2aa78263-64f9-47ab-af2d-522f7a0bcf5e,home,0,0,0,6,560,7,1,0,0,0,2,0,5,6,0,GK,,,,,,,,true,,false,false
b12e63c5-f068-4271-b8c4-e4981fd4f32b,2df70d98-1fcc-4f56-932b-c1aa91c197aa,away,0,0,0,0,465,14,0,0,15,5,6,1,21,0,0,LB,,,,,,,,true,,false,false
b12e63c5-f068-4271-b8c4-e4981fd4f32b,668a7154-1460-4148-9133-ead6e78e3a97,home,0,0,0,0,0,0,0,0,0,0,0,0,0,0,0,Sub 2,,,,,,,,false,2,true,false
b12e63c5-f068-4271-b8c4-e4981fd4f32b,7593f03f-2200-45ae-9a01-fd8019c47470,away,0,2,0,0,420,13,2,0,5,1,3,2,14,0,0,CM,,,,,,,,true,,false,false
b12e63c5-f068-4271-b8c4-e4981fd4f32b,827a57e6-345c-4019-8e06-5e31845cf8ef,home,2,0,8,0,500,9,0,6,9,0,4,0,28,0,0,LW,,,,,,,,true,,false,false
b12e63c5-f068-4271-b8c4-e4981fd4f32b,8938e670-d21b-41eb-bcbf-db25ef7a6e6f,home,0,0,0,0,0,0,0,0,0,0,0,0,0,0,0,Sub 1,,,,,,,,false,1,true,false
b12e63c5-f068-4271-b8c4-e4981fd4f32b,942c88aa-c32c-4f4a-8ae2-ac0c8fda6cb7,away,2,2,4,0,735,18,2,3,11,1,2,0,20,0,0,RW,,,,,,,,true,,false,false
b12e63c5-f068-4271-b8c4-e4981fd4f32b,9944ee0d-a999-4ca6-bfd1-19d2185ac946,home,0,0,1,0,210,4,0,1,8,0,6,0,11,0,0,RB,,,,,,,,true,,false,false
b12e63c5-f068-4271-b8c4-e4981fd4f32b,c09d080a-af97-43e9-861c-367ee120e3f4,home,2,0,5,0,490,8,1,5,9,0,2,0,17,0,0,RW,,,,,,,,true,,false,false
b12e63c5-f068-4271-b8c4-e4981fd4f32b,f097b613-dba4-4dfb-b6ee-733a9a2ba61a,away,0,0,0,13,1110,12,0,0,0,0,3,0,9,13,0,GK,,,,,,,,true,,false,false
b29c9cea-c1f4-4e4a-a032-0604b583c54e,094407eb-e583-47f9-8060-5160a7dfab50,away,0,0,1,0,455,13,1,1,11,3,5,2,18,0,0,RB,,,,,,,,true,,false,false
b29c9cea-c1f4-4e4a-a032-0604b583c54e,275e8362-7767-4a8d-b923-5c9a17351908,away,1,0,5,0,395,10,0,4,14,0,4,0,30,0,0,CM,,,,,,,,true,,false,false
b29c9cea-c1f4-4e4a-a032-0604b583c54e,2aa78263-64f9-47ab-af2d-522f7a0bcf5e,away,0,0,0,12,1205,15,1,0,0,0,3,1,14,12,5,GK,,,,,,,,true,,false,false
b29c9cea-c1f4-4e4a-a032-0604b583c54e,61d2c805-6278-4365-aef3-58607bd37086,away,0,0,3,0,200,6,0,2,4,0,1,0,9,0,0,RW,,,,,,,,true,,false,false
b29c9cea-c1f4-4e4a-a032-0604b583c54e,668a7154-1460-4148-9133-ead6e78e3a97,away,0,0,0,0,390,13,0,0,6,1,8,2,9,0,0,LB,,,,,,,,true,,false,false
b29c9cea-c1f4-4e4a-a032-0604b583c54e,7066872c-bfdb-482b-b521-1084d9f96012,home,0,0,0,0,0,0,0,0,0,0,0,0,0,0,0,Sub 1,,,,,,,,false,1,true,false
b29c9cea-c1f4-4e4a-a032-0604b583c54e,801602ed-ce27-44f5-a861-a5414dbf4842,home,0,0,0,0,610,18,2,0,12,1,10,1,9,0,0,RB,,,,,,,,true,,false,false
b29c9cea-c1f4-4e4a-a032-0604b583c54e,92075f2f-9d2e-4092-8a4f-ab225ea7cbad,home,3,0,6,0,490,7,1,5,6,0,1,0,17,0,0,LW,,,,,,,,true,,false,false
b29c9cea-c1f4-4e4a-a032-0604b583c54e,adab89d9-3725-4e2c-9e05-d968297ae2f8,home,0,0,0,0,435,16,1,0,5,0,7,2,6,0,0,LB,,,,,,,,true,,false,false
b29c9cea-c1f4-4e4a-a032-0604b583c54e,b1c9d678-21e9-40ef-832d-a1607170baa8,home,3,0,8,0,715,11,0,8,9,0,2,1,19,0,0,CM,,,,,,,,true,,false,false
b29c9cea-c1f4-4e4a-a032-0604b583c54e,db8102dd-8fa0-4b8a-b5af-f1abb1483dff,home,0,4,5,0,875,17,5,4,12,4,4,0,31,0,0,RW,,,,,,,,true,,false,false
b29c9cea-c1f4-4e4a-a032-0604b583c54e,f6a4dff0-c1fc-497c-8cf5-0889361418ee,home,0,1,1,11,1400,22,2,1,0,0,4,2,10,11,3,GK,,,,,,,,true,,false,false
b3166ebe-509a-4227-bd3b-7f67154daef8,03551b59-3641-4782-8d14-0e6b61f73f2f,away,0,0,0,0,0,0,0,0,0,0,0,0,0,0,0,Sub 1,,,,,,,,false,1,true,false
b3166ebe-509a-4227-bd3b-7f67154daef8,08bf68b8-e774-4a56-bfc9-4c1e6066490b,away,4,1,4,0,760,9,1,4,16,2,6,0,24,0,0,CM,,,,,,,,true,,false,false
b3166ebe-509a-4227-bd3b-7f67154daef8,18e370bf-57fc-4db6-9f3e-75d67c9dff3f,away,0,0,1,0,85,5,0,0,3,0,2,0,9,0,0,LW,,,,,,,,true,,false,false
b3166ebe-509a-4227-bd3b-7f67154daef8,19a503d9-0de9-42d4-965e-230c4772a949,away,0,0,0,1,250,7,0,0,0,0,2,0,6,1,4,GK,,,,,,,,true,,false,false
b3166ebe-509a-4227-bd3b-7f67154daef8,5b62c1c4-5600-4e00-9f29-36c24d2bed29,home,0,1,0,0,430,12,0,0,18,3,6,1,21,0,0,LB,,,,,,,,true,,false,false
b3166ebe-509a-4227-bd3b-7f67154daef8,662f5590-f76c-4ab1-9b8a-3e96b919715a,home,2,2,2,0,480,8,2,2,13,0,1,0,22,0,0,RW,,,,,,,,true,,false,false
b3166ebe-509a-4227-bd3b-7f67154daef8,6b37ad10-c1bc-4fb4-94ba-4a3b6acf55eb,away,2,0,5,0,480,9,0,4,14,1,3,0,26,0,0,RW,,,,,,,,true,,false,false
b3166ebe-509a-4227-bd3b-7f67154daef8,760a6131-0069-4e05-9e70-6bec90191637,away,0,0,1,0,260,7,0,1,11,2,2,0,14,0,0,RB,,,,,,,,true,,false,false
b3166ebe-509a-4227-bd3b-7f67154daef8,a0dee0ba-40fe-458c-8b10-9c84b52fd7bc,home,0,0,0,6,680,10,0,0,4,0,5,1,13,6,2,GK,,,,,,,,true,,false,false
b3166ebe-509a-4227-bd3b-7f67154daef8,a89648ad-2c02-4899-9504-9dfe645ae994,home,1,1,1,0,595,20,2,1,11,0,5,1,18,0,0,RB,,,,,,,,true,,false,false
b3166ebe-509a-4227-bd3b-7f67154daef8,b9801db9-e9ca-46d3-a349-9b5c5ab161ca,away,0,0,0,0,405,10,1,0,18,2,6,0,18,0,0,LB,,,,,,,,true,,false,false
b3166ebe-509a-4227-bd3b-7f67154daef8,f3ebc231-43d9-4979-bf33-d41928a11c76,home,1,0,1,0,425,18,0,1,14,0,3,2,25,0,0,CM,,,,,,,,true,,false,false
b3166ebe-509a-4227-bd3b-7f67154daef8,ff876c02-281d-434e-a4ef-d11693e53f03,home,0,0,1,0,470,17,1,1,9,1,3,1,9,0,0,LW,,,,,,,,true,,false,false
b4ab71bf-5788-42b1-8cc9-9afe6046be72,2000e422-67b4-4331-b13c-235b87c5f18d,home,3,1,6,0,825,16,2,5,5,0,4,1,11,0,0,RW,,,,,,,,true,,false,false
b4ab71bf-5788-42b1-8cc9-9afe6046be72,628a9066-15ea-4080-98e6-f0fd619b44eb,away,0,0,0,0,0,0,0,0,0,0,0,0,0,0,0,Sub 1,,,,,,,,false,1,true,false
b4ab71bf-5788-42b1-8cc9-9afe6046be72,827a57e6-345c-4019-8e06-5e31845cf8ef,home,0,2,4,0,490,6,2,4,12,0,6,0,24,0,0,LW,,,,,,,,true,,false,false
b4ab71bf-5788-42b1-8cc9-9afe6046be72,8c6111bf-9272-4230-8bfd-511be5d0103c,away,0,0,0,0,335,9,1,0,9,3,5,0,11,0,0,LB,,,,,,,,true,,false,false
b4ab71bf-5788-42b1-8cc9-9afe6046be72,8e59c7a3-0343-4c4f-b9aa-a387deb9ba0c,away,0,0,0,11,875,7,0,0,0,0,0,0,13,11,3,GK,,,,,,,,true,,false,false
b4ab71bf-5788-42b1-8cc9-9afe6046be72,9685e3be-747c-47cf-bf8f-5010c0c0ce0b,away,1,2,4,0,625,12,2,2,19,4,0,0,31,0,0,CM,,,,,,,,true,,false,false
b4ab71bf-5788-42b1-8cc9-9afe6046be72,97c0be85-49b4-48bc-a162-40cbb24c2d30,home,0,0,0,5,670,12,0,0,1,1,4,2,6,5,1,GK,,,,,,,,true,,false,false
b4ab71bf-5788-42b1-8cc9-9afe6046be72,c337388c-ea44-4078-8efa-3b3d0f0bc013,home,0,0,2,0,350,11,0,2,8,3,2,0,14,0,0,RB,,,,,,,,true,,false,false
b4ab71bf-5788-42b1-8cc9-9afe6046be72,c754b89e-7b24-4cc8-a3db-2547941507ab,away,0,1,2,0,410,9,2,2,8,1,2,0,11,0,0,LW,,,,,,,,true,,false,false
b4ab71bf-5788-42b1-8cc9-9afe6046be72,d1807b1d-e27c-4c51-89ec-17470d5a7510,home,2,1,3,0,575,15,2,3,11,0,3,0,22,0,0,CM,,,,,,,,true,,false,false
b4ab71bf-5788-42b1-8cc9-9afe6046be72,d8d6951a-d2b9-4b85-9418-595fdfe1884a,home,1,0,2,0,445,10,1,2,6,1,9,0,13,0,0,LB,,,,,,,,true,,false,false
b4ab71bf-5788-42b1-8cc9-9afe6046be72,ec291dd8-90c4-4dcb-b2c6-9d7fd7890c01,away,2,0,4,0,490,11,1,4,5,0,5,0,15,0,0,RW,,,,,,,,true,,false,false
b4ab71bf-5788-42b1-8cc9-9afe6046be72,f26aa9f9-6d09-4040-baa1-669858f45bef,away,0,0,0,0,270,8,0,0,12,1,3,0,10,0,0,RB,,,,,,,,true,,false,false
b6366019-f2b9-4eb1-bed8-ab1f97e9fc2a,23ead12c-77ac-4e35-bc74-5f690af34010,away,0,0,0,0,445,11,0,0,14,4,4,2,14,0,0,LB,,,,,,,,true,,false,false
b6366019-f2b9-4eb1-bed8-ab1f97e9fc2a,3135f05c-09ba-4d3e-aa97-f433001eca33,home,0,1,0,0,500,12,2,0,10,2,6,0,8,0,0,LB,,,,,,,,true,,false,false
b6366019-f2b9-4eb1-bed8-ab1f97e9fc2a,3dcd7592-94ca-4eee-81b4-1405e50406d9,away,0,0,1,0,245,12,0,1,15,0,2,0,24,0,0,LW,,,,,,,,true,,false,false
b6366019-f2b9-4eb1-bed8-ab1f97e9fc2a,51568e76-e50a-4573-9646-3d9270f944ce,away,0,0,0,11,1040,13,0,0,0,0,2,0,11,11,4,GK,,,,,,,,true,,false,false
b6366019-f2b9-4eb1-bed8-ab1f97e9fc2a,64084aa4-1519-4593-8be4-6b8dee34f3e9,home,0,0,3,0,125,6,0,1,1,0,0,0,8,0,0,LW,,,,,,,,true,,false,false
b6366019-f2b9-4eb1-bed8-ab1f97e9fc2a,7c811d9b-f926-4ccd-a62f-3323ce07002f,home,0,0,0,6,605,7,1,0,0,0,2,0,3,6,1,GK,,,,,,,,true,,false,false
b6366019-f2b9-4eb1-bed8-ab1f97e9fc2a,87c4e7ce-9c13-4e09-a532-5738dcf1876e,away,0,0,1,0,335,8,0,1,11,4,2,0,13,0,0,RB,,,,,,,,true,,false,false
b6366019-f2b9-4eb1-bed8-ab1f97e9fc2a,887fe9a5-ab38-42a5-bf57-1ebeddd232be,home,1,0,4,0,705,25,2,2,8,1,5,0,14,0,0,CM,,,,,,,,true,,false,false
b6366019-f2b9-4eb1-bed8-ab1f97e9fc2a,93eab822-843e-4350-bb44-e331a423571d,home,0,0,0,0,495,21,0,0,14,0,11,1,22,0,0,RB,,,,,,,,true,,false,false
b6366019-f2b9-4eb1-bed8-ab1f97e9fc2a,cf73a840-783b-45de-9ccc-fbae51623051,away,1,0,2,0,320,11,0,2,9,2,6,0,27,0,0,CM,,,,,,,,true,,false,false
b6366019-f2b9-4eb1-bed8-ab1f97e9fc2a,cffce0e1-86ca-48bb-860d-f6b468ddbcc2,home,2,2,7,0,775,13,4,5,10,0,3,1,26,0,0,RW,,,,,,,,true,,false,false
b6366019-f2b9-4eb1-bed8-ab1f97e9fc2a,d6f23bc8-244a-46d3-9929-5ecab99b175d,away,0,0,3,0,155,1,0,3,8,0,2,0,16,0,0,RW,,,,,,,,true,,false,false
b7d72540-b4f9-42ee-9826-07485743e221,33fc7bb2-da88-42b5-a813-da33ae7fd0f6,home,0,1,0,6,665,8,2,0,0,0,2,0,7,6,1,GK,,,,,,,,true,,false,false
b7d72540-b4f9-42ee-9826-07485743e221,46e10322-f1f9-455b-8812-714c17fe4cae,away,2,0,3,0,515,11,1,3,12,0,3,0,15,0,0,LW,,,,,,,,true,,false,false
b7d72540-b4f9-42ee-9826-07485743e221,565f74c4-302b-4d0b-8fe7-057809b2f5c8,away,0,0,0,0,440,22,0,0,7,2,11,0,21,0,0,LB,,,,,,,,true,,false,false
b7d72540-b4f9-42ee-9826-07485743e221,8224ef9f-3a52-427c-9403-f110b1b0ef47,away,0,0,2,0,490,24,0,1,16,3,2,0,29,0,0,CM,,,,,,,,true,,false,false
b7d72540-b4f9-42ee-9826-07485743e221,8c6111bf-9272-4230-8bfd-511be5d0103c,home,1,0,5,0,370,6,0,3,3,1,6,0,13,0,0,LW,,,,,,,,true,,false,false
b7d72540-b4f9-42ee-9826-07485743e221,8e59c7a3-0343-4c4f-b9aa-a387deb9ba0c,home,0,0,0,0,300,10,0,0,14,3,3,0,18,0,0,LB,,,,,,,,true,,false,false
b7d72540-b4f9-42ee-9826-07485743e221,9685e3be-747c-47cf-bf8f-5010c0c0ce0b,home,4,0,7,0,690,7,1,5,22,1,1,0,31,0,0,CM,,,,,,,,true,,false,false
b7d72540-b4f9-42ee-9826-07485743e221,d6dd92d0-afb2-4cc5-b9e8-7149502890f1,away,0,0,0,3,690,13,1,0,0,0,6,3,7,3,6,GK,,,,,,,,true,,false,false
b7d72540-b4f9-42ee-9826-07485743e221,ec291dd8-90c4-4dcb-b2c6-9d7fd7890c01,home,0,0,3,0,400,9,1,2,15,0,3,1,18,0,0,RW,,,,,,,,true,,false,false
b7d72540-b4f9-42ee-9826-07485743e221,f26aa9f9-6d09-4040-baa1-669858f45bef,home,0,1,0,0,545,11,1,0,13,4,6,2,14,0,0,RB,,,,,,,,true,,false,false
b7d72540-b4f9-42ee-9826-07485743e221,fac3b9dc-c0db-4bfa-90e4-37ec9e71f61f,away,1,1,3,0,355,11,1,3,9,0,0,0,23,0,0,RW,,,,,,,,true,,false,false
b7d72540-b4f9-42ee-9826-07485743e221,fb870e63-dd63-4a29-89d6-55ce8da81176,away,0,1,2,0,415,15,1,2,4,0,3,0,10,0,0,RB,,,,,,,,true,,false,false
bb2a6cce-9adb-4966-9019-c60c30223c5d,094407eb-e583-47f9-8060-5160a7dfab50,away,0,3,2,0,615,13,4,2,16,0,4,0,26,0,0,LW,,,,,,,,true,,false,false
bb2a6cce-9adb-4966-9019-c60c30223c5d,096da32a-44f3-4780-ab78-1cecebab6fa6,home,0,0,0,4,470,9,0,0,0,0,4,0,5,4,1,GK,,,,,,,,true,,false,false
bb2a6cce-9adb-4966-9019-c60c30223c5d,0f810a4b-07df-49e9-a69c-e285f67c56c1,home,0,0,0,0,610,24,0,0,16,4,4,0,15,0,0,RB,,,,,,,,true,,false,false
bb2a6cce-9adb-4966-9019-c60c30223c5d,16035b5a-d273-4398-af43-dbb9f5fbd632,away,0,0,0,0,155,7,0,0,13,3,2,0,25,0,0,CM,,,,,,,,true,,false,false
bb2a6cce-9adb-4966-9019-c60c30223c5d,2aa78263-64f9-47ab-af2d-522f7a0bcf5e,away,0,0,1,14,1305,9,2,0,1,0,4,3,13,14,1,GK,,,,,,,,true,,false,false
bb2a6cce-9adb-4966-9019-c60c30223c5d,56a42e4d-7b9b-47c6-a154-ecdee7fb8213,home,1,1,0,0,515,21,1,0,13,1,2,1,21,0,0,CM,,,,,,,,true,,false,false
bb2a6cce-9adb-4966-9019-c60c30223c5d,61d2c805-6278-4365-aef3-58607bd37086,away,3,0,6,0,515,3,0,4,8,2,3,1,17,0,0,RW,,,,,,,,true,,false,false
bb2a6cce-9adb-4966-9019-c60c30223c5d,668a7154-1460-4148-9133-ead6e78e3a97,away,0,0,0,0,210,4,0,0,9,1,7,3,19,0,0,LB,,,,,,,,true,,false,false
bb2a6cce-9adb-4966-9019-c60c30223c5d,7066872c-bfdb-482b-b521-1084d9f96012,home,1,0,10,0,715,19,1,10,11,0,3,1,38,0,0,LW,,,,,,,,true,,false,false
bb2a6cce-9adb-4966-9019-c60c30223c5d,b2ec8317-6571-47f3-ba1c-00fdb37bf350,away,0,0,0,0,350,8,2,0,10,2,5,1,12,0,0,RB,,,,,,,,true,,false,false
bb2a6cce-9adb-4966-9019-c60c30223c5d,b65941b4-4a53-4bab-95e7-e7b3814aa511,home,0,0,5,0,540,22,0,4,10,0,3,0,21,0,0,LW,,,,,,,,true,,false,false
bb2a6cce-9adb-4966-9019-c60c30223c5d,d44e31a5-7773-47e2-93f3-a76abb4e7666,home,0,0,0,0,0,0,0,0,0,0,0,0,0,0,0,RW,,,,,,,,false,1,true,false
bb2a6cce-9adb-4966-9019-c60c30223c5d,ec5a612f-490d-4baa-a35a-b83f6426191f,home,0,0,0,0,470,19,0,0,13,2,6,0,15,0,0,LB,,,,,,,,true,,false,false
bb98c4ca-347f-4717-897d-28e84dfe4f05,11b9e702-95bd-466f-a980-cac33251fff6,away,0,0,4,0,365,7,0,4,11,0,5,0,18,0,0,LW,,,,,,,,true,,false,false
bb98c4ca-347f-4717-897d-28e84dfe4f05,135e3d6f-f056-44ad-88e1-163fe0033028,home,0,1,0,0,415,7,1,0,11,2,7,3,17,0,0,RB,,,,,,,,true,,false,false
bb98c4ca-347f-4717-897d-28e84dfe4f05,2c6bc28f-01a6-461b-8ca8-d3034c13fbb7,home,1,0,4,0,340,4,0,4,8,2,0,0,14,0,0,LW,,,,,,,,true,,false,false
bb98c4ca-347f-4717-897d-28e84dfe4f05,41ed3353-cf66-49eb-b1cd-3544b7d2615e,home,0,0,0,15,1255,9,0,0,1,1,1,0,16,15,4,GK,,,,,,,,true,,false,false
bb98c4ca-347f-4717-897d-28e84dfe4f05,4e51fadd-c64d-4439-b3fe-ce0f5d8cdd91,home,0,0,2,0,175,6,0,2,7,0,2,0,15,0,0,RW,,,,,,,,true,,false,false
bb98c4ca-347f-4717-897d-28e84dfe4f05,598daf18-47a2-4c69-86b9-38c3a92f5138,away,1,0,2,0,420,14,0,2,13,1,4,0,22,0,0,CM,,,,,,,,true,,false,false
bb98c4ca-347f-4717-897d-28e84dfe4f05,6007d242-65ea-4702-a946-18f8c58ad372,away,1,0,2,0,255,7,0,1,3,0,2,0,5,0,0,RW,,,,,,,,true,,false,false
bb98c4ca-347f-4717-897d-28e84dfe4f05,7f32477b-3a8b-4dd0-b209-63fcff123959,home,0,0,1,0,175,8,0,0,5,2,3,0,14,0,0,LB,,,,,,,,true,,false,false
bb98c4ca-347f-4717-897d-28e84dfe4f05,b0a2cee3-5f40-4b19-bddf-996b0c613b7b,away,1,0,1,5,575,6,0,1,0,0,2,0,7,5,2,GK,,,,,,,,true,,false,false
bb98c4ca-347f-4717-897d-28e84dfe4f05,d48df599-2dd9-4fef-aa5c-b511893d91cd,away,0,0,1,0,215,11,0,1,6,0,6,0,18,0,0,RB,,,,,,,,true,,false,false
bb98c4ca-347f-4717-897d-28e84dfe4f05,d6b6ca4e-af5a-4b26-8a6a-a49e326e625f,away,0,0,3,0,505,15,0,3,16,1,7,0,24,0,0,LB,,,,,,,,true,,false,false
bb98c4ca-347f-4717-897d-28e84dfe4f05,f26aa9f9-6d09-4040-baa1-669858f45bef,home,0,0,0,0,390,10,0,0,17,4,3,2,21,0,0,CM,,,,,,,,true,,false,false
bdf70071-a6b5-455a-ac29-a7270e4d99c1,17a87d78-36e2-4c98-8aa5-1389850fcb91,home,2,2,4,0,1230,36,7,3,14,0,7,1,22,0,0,CM,,,,,,,,true,,false,false
bdf70071-a6b5-455a-ac29-a7270e4d99c1,1b6d3171-08d4-4efe-a7c0-0cc04c3cfcbf,away,0,0,4,0,255,2,1,3,6,0,3,0,11,0,0,RW,,,,,,,,true,,false,false
bdf70071-a6b5-455a-ac29-a7270e4d99c1,21c5c593-bdf6-472f-8a91-8f2a1753774d,away,0,0,2,0,320,8,0,2,11,1,10,4,34,0,0,RB,,,,,,,,true,,false,false
bdf70071-a6b5-455a-ac29-a7270e4d99c1,48ef7d04-216c-4a68-b5ac-b057c0f9a2b1,away,0,0,2,9,820,6,0,0,2,1,2,0,13,9,2,LW,,,,,,,,true,,false,false
bdf70071-a6b5-455a-ac29-a7270e4d99c1,5e63ae3d-def3-460e-baa4-33ebfb9a91d9,home,0,1,3,0,445,10,1,1,9,1,6,0,14,0,0,RB,,,,,,,,true,,false,false
bdf70071-a6b5-455a-ac29-a7270e4d99c1,635fb223-b598-45a3-bbaa-cd0da12c33ab,away,1,0,5,3,815,18,0,4,10,1,5,0,23,3,1,GK,,,,,,,,true,,false,false
bdf70071-a6b5-455a-ac29-a7270e4d99c1,6553959c-ab4c-4ef1-9df4-f1c366929211,away,0,0,1,0,420,16,1,1,10,1,4,2,18,0,0,CM,,,,,,,,true,,false,false
bdf70071-a6b5-455a-ac29-a7270e4d99c1,695c301a-3f49-4916-8d67-6e198d6529f5,home,7,2,14,0,1430,12,4,12,6,0,2,0,9,0,0,RW,,,,,,,,true,,false,false
bdf70071-a6b5-455a-ac29-a7270e4d99c1,6a3f628f-7dad-48b0-afe2-be3969115b0d,home,1,1,1,7,1070,13,3,1,0,0,4,1,7,7,4,GK,,,,,,,,true,,false,false
bdf70071-a6b5-455a-ac29-a7270e4d99c1,9e299cb3-3bc4-47d3-98ed-713728ffec07,home,1,2,2,0,870,22,5,1,12,2,6,0,15,0,0,LB,,,,,,,,true,,false,false
bdf70071-a6b5-455a-ac29-a7270e4d99c1,d015830d-e90a-484e-9c76-b434d6fbb36d,home,6,6,16,0,2155,34,10,12,18,0,5,0,31,0,0,LW,,,,,,,,true,,false,false
bdf70071-a6b5-455a-ac29-a7270e4d99c1,e28d0af9-11c6-4b32-ace5-bc21f6d90806,away,0,0,0,0,25,1,0,0,6,1,1,0,12,0,0,LB,,,,,,,,true,,false,false
bf353465-22d1-477a-9bfd-f92be23f1a74,0149da01-4684-4fd2-bfaa-67f7deeff4ab,away,0,0,1,0,555,24,0,0,10,2,6,0,12,0,0,CB,,,,,,,,true,,false,false
bf353465-22d1-477a-9bfd-f92be23f1a74,05b15568-4bb8-4b6e-93b0-5d41a269bb8f,home,0,0,0,0,480,22,1,0,14,1,3,1,18,0,0,LB,,,,,,,,true,,false,false
bf353465-22d1-477a-9bfd-f92be23f1a74,41ed3353-cf66-49eb-b1cd-3544b7d2615e,home,0,0,0,0,200,8,2,0,6,0,0,0,6,0,0,RW,,,,,,,,true,,false,false
bf353465-22d1-477a-9bfd-f92be23f1a74,5548d172-12d4-4219-bfaa-f7fcd907cfea,away,1,0,2,0,310,9,1,2,7,0,1,0,12,0,0,LW,,,,,,,,true,,false,false
bf353465-22d1-477a-9bfd-f92be23f1a74,5dc9421a-7203-4bfe-90c5-26314ef71982,away,1,2,3,0,615,11,2,3,19,2,1,0,27,0,0,RW,,,,,,,,true,,false,false
bf353465-22d1-477a-9bfd-f92be23f1a74,65e478e9-920c-40ed-9247-cd6642b83f36,home,0,1,0,3,630,14,1,0,0,0,1,0,3,3,5,GK,,,,,,,,true,,false,false
bf353465-22d1-477a-9bfd-f92be23f1a74,74a27bb8-dc1d-421b-b931-d5d9e700d791,home,0,0,0,0,310,13,0,0,10,1,4,0,12,0,0,RB,,,,,,,,true,,false,false
bf353465-22d1-477a-9bfd-f92be23f1a74,8235ca70-a199-4b6d-8198-2087cfa1e865,away,0,0,0,0,380,17,1,0,13,0,7,0,20,0,0,RB,,,,,,,,true,,false,false
bf353465-22d1-477a-9bfd-f92be23f1a74,8b77ddaf-48d8-4f3a-b591-d548f2c539ae,away,0,0,0,7,660,11,0,0,0,0,1,0,7,7,1,GK,,,,,,,,true,,false,false
bf353465-22d1-477a-9bfd-f92be23f1a74,a6dbbd49-92c7-4e52-aa9b-3799e55a548e,home,0,0,3,0,435,18,0,3,21,0,5,1,40,0,0,CM,,,,,,,,true,,false,false
bf353465-22d1-477a-9bfd-f92be23f1a74,d12f460b-f848-4c85-8719-6cd4281a2d4c,away,0,0,0,0,0,0,0,0,0,0,0,0,0,0,0,Sub 1,,,,,,,,false,1,true,false
bf353465-22d1-477a-9bfd-f92be23f1a74,de48b9e4-239f-45e8-8d09-3bcb8c36d051,away,2,0,3,0,455,10,0,3,10,0,3,0,14,0,0,LB,,,,,,,,true,,false,false
bf353465-22d1-477a-9bfd-f92be23f1a74,f8bd073c-178c-4cdc-a07d-8d69d894c647,home,1,0,7,0,565,14,0,5,12,0,1,0,19,0,0,LW,,,,,,,,true,,false,false
c1a131da-7ae0-418e-b2bc-5e18f10ef846,0149da01-4684-4fd2-bfaa-67f7deeff4ab,home,0,0,0,0,880,0,0,0,0,0,0,0,0,0,0,CM,,,,,,,,true,,false,true
c1a131da-7ae0-418e-b2bc-5e18f10ef846,13500732-dfbf-4237-9344-3c6aae572dc1,home,0,0,0,0,10,0,0,0,0,0,0,0,0,0,0,RW,,,,,,,,true,,false,true
c1a131da-7ae0-418e-b2bc-5e18f10ef846,1c7e1afb-48d5-4a56-abe2-239960d81e04,away,0,0,0,0,395,0,0,0,0,0,0,0,0,0,0,CM,,,,,,,,true,,false,true
c1a131da-7ae0-418e-b2bc-5e18f10ef846,25a06b48-7632-429a-b266-8efc76272eb9,away,0,0,0,0,640,0,0,0,0,0,0,0,0,0,0,LW,,,,,,,,true,,false,true
c1a131da-7ae0-418e-b2bc-5e18f10ef846,3026383c-4582-4341-8c2e-882b11b2c457,away,0,0,0,0,0,0,0,0,0,0,0,0,0,0,0,Sub 2,,,,,,,,false,2,true,true
c1a131da-7ae0-418e-b2bc-5e18f10ef846,374198d0-b3d9-42b9-81e8-e76e0deed5fc,away,0,0,0,0,615,0,0,0,0,0,0,0,0,0,0,GK,,,,,,,,true,,false,true
c1a131da-7ae0-418e-b2bc-5e18f10ef846,5548d172-12d4-4219-bfaa-f7fcd907cfea,home,0,0,0,0,600,0,0,0,0,0,0,0,0,0,0,Sub 1,,,,,,,,false,1,false,true
c1a131da-7ae0-418e-b2bc-5e18f10ef846,6cbece72-a0f9-4c80-a6e4-332abe28faf6,home,0,0,0,0,740,0,0,0,0,0,0,0,0,0,0,LW,,,,,,,,true,,false,true
c1a131da-7ae0-418e-b2bc-5e18f10ef846,6dff3057-28aa-499b-9709-329a4c4526ee,home,0,0,0,0,590,0,0,0,0,0,0,0,0,0,0,GK,,,,,,,,true,,false,true
c1a131da-7ae0-418e-b2bc-5e18f10ef846,719f5a24-85fc-4016-9138-0a84fdcf1ce9,away,0,0,0,0,425,0,0,0,0,0,0,0,0,0,0,RB,,,,,,,,true,,false,true
c1a131da-7ae0-418e-b2bc-5e18f10ef846,7c32cfc6-9a24-42e1-b48e-b35fc9a40a93,home,0,0,0,0,360,0,0,0,0,0,0,0,0,0,0,RB,,,,,,,,true,,false,true
c1a131da-7ae0-418e-b2bc-5e18f10ef846,90e3b648-3654-4edb-bc07-ca9ae35e951a,away,0,0,0,0,30,0,0,0,0,0,0,0,0,0,0,Sub 1,,,,,,,,false,1,false,true
c1a131da-7ae0-418e-b2bc-5e18f10ef846,b754fa7e-7563-42d2-90ec-541b16bdc783,away,0,0,0,0,230,0,0,0,0,0,0,0,0,0,0,RW,,,,,,,,true,,false,true
c1a131da-7ae0-418e-b2bc-5e18f10ef846,de48b9e4-239f-45e8-8d09-3bcb8c36d051,home,0,0,0,0,340,0,0,0,0,0,0,0,0,0,0,LB,,,,,,,,true,,false,true
c1a131da-7ae0-418e-b2bc-5e18f10ef846,eff36500-ba7b-409c-892f-be694d5e1b98,away,0,0,0,0,510,0,0,0,0,0,0,0,0,0,0,LB,,,,,,,,true,,false,true
c416b6b1-e861-4e17-9fa4-6e3ce6f30583,0149da01-4684-4fd2-bfaa-67f7deeff4ab,away,0,1,0,0,385,13,2,0,6,2,5,1,16,0,0,CB,,,,,,,,true,,false,false
c416b6b1-e861-4e17-9fa4-6e3ce6f30583,19fc78b0-3311-42e2-ab04-d8e7c0b37bab,home,0,0,0,0,505,26,0,0,10,1,4,0,12,0,0,RB,,,,,,,,true,,false,false
c416b6b1-e861-4e17-9fa4-6e3ce6f30583,1fba72d3-2686-40a2-8a95-841fa23d8122,home,0,0,0,0,360,17,1,0,7,1,8,0,17,0,0,LB,,,,,,,,true,,false,false
c416b6b1-e861-4e17-9fa4-6e3ce6f30583,21c61bd1-10fd-4974-9031-a18bd5e6520f,home,0,0,0,0,0,0,0,0,0,0,0,0,0,0,0,LW,,,,,,,,false,1,true,false
c416b6b1-e861-4e17-9fa4-6e3ce6f30583,2af14ed0-2243-436a-8000-4fbfa191d50e,home,1,1,5,0,810,23,1,4,14,1,3,1,20,0,0,CM,,,,,,,,true,,false,false
c416b6b1-e861-4e17-9fa4-6e3ce6f30583,5548d172-12d4-4219-bfaa-f7fcd907cfea,away,4,0,7,0,710,8,0,5,7,0,7,0,12,0,0,LW,,,,,,,,true,,false,false
c416b6b1-e861-4e17-9fa4-6e3ce6f30583,55829937-cca5-40e4-a661-89f73593b31a,away,0,0,0,7,730,12,1,0,0,0,0,0,5,7,2,GK,,,,,,,,true,,false,false
c416b6b1-e861-4e17-9fa4-6e3ce6f30583,783b9d50-39ff-48b0-84d9-b608fdf515b3,away,0,0,0,0,0,0,0,0,0,0,0,0,0,0,0,Sub 1,,,,,,,,false,1,true,false
c416b6b1-e861-4e17-9fa4-6e3ce6f30583,9f00aa95-962f-40c7-a55a-318d7bd0e312,away,0,0,3,0,320,11,0,3,8,0,3,0,16,0,0,RW,,,,,,,,true,,false,false
c416b6b1-e861-4e17-9fa4-6e3ce6f30583,c2e1ef6c-89f7-4065-a6c5-c0d89e58dff8,home,2,1,6,0,820,21,2,5,11,0,3,0,19,0,0,RW,,,,,,,,true,,false,false
c416b6b1-e861-4e17-9fa4-6e3ce6f30583,d12f460b-f848-4c85-8719-6cd4281a2d4c,away,0,0,1,0,310,5,1,1,10,3,10,1,24,0,0,RB,,,,,,,,true,,false,false
c416b6b1-e861-4e17-9fa4-6e3ce6f30583,de48b9e4-239f-45e8-8d09-3bcb8c36d051,away,0,1,0,0,320,7,1,0,8,3,3,0,11,0,0,LB,,,,,,,,true,,false,false
c416b6b1-e861-4e17-9fa4-6e3ce6f30583,f3366acb-e947-4395-9d05-d32701b5f986,home,0,0,0,4,540,19,0,0,0,0,0,0,7,4,1,GK,,,,,,,,true,,false,false
c50de641-3fd9-4665-8082-ff2dbd1a575d,0e1f2bd6-7b36-4abb-962b-cedc9effea35,home,0,0,0,0,0,0,0,0,0,0,0,0,0,0,0,Sub 1,,,,,,,,false,1,true,true
c50de641-3fd9-4665-8082-ff2dbd1a575d,48a2f7dc-4a48-46ee-b8d4-d4fbd912d429,home,0,0,0,0,210,0,0,0,0,0,0,0,0,0,0,LB,,,,,,,,true,,false,true
c50de641-3fd9-4665-8082-ff2dbd1a575d,51f3dbda-8258-44b1-8ee7-906bc14a2f56,away,0,0,0,0,470,0,0,0,0,0,0,0,0,0,0,CM,,,,,,,,true,,false,true
c50de641-3fd9-4665-8082-ff2dbd1a575d,57a03f72-a308-4db8-86d1-3031aae6bc13,home,0,0,0,0,390,0,0,0,0,0,0,0,0,0,0,RB,,,,,,,,true,,false,true
c50de641-3fd9-4665-8082-ff2dbd1a575d,598daf18-47a2-4c69-86b9-38c3a92f5138,home,0,0,0,0,110,0,0,0,0,0,0,0,0,0,0,LW,,,,,,,,true,,false,true
c50de641-3fd9-4665-8082-ff2dbd1a575d,6007d242-65ea-4702-a946-18f8c58ad372,home,0,0,0,0,110,0,0,0,0,0,0,0,0,0,0,RW,,,,,,,,true,,false,true
c50de641-3fd9-4665-8082-ff2dbd1a575d,6adf6e5f-a0dd-4e91-be62-6ab6080c9b7f,away,0,0,0,0,170,0,0,0,0,0,0,0,0,0,0,LW,,,,,,,,true,,false,true
c50de641-3fd9-4665-8082-ff2dbd1a575d,836dc937-6f74-4e8c-a576-5c01226de7be,away,0,0,0,0,415,0,0,0,0,0,0,0,0,0,0,RW,,,,,,,,true,,false,true
c50de641-3fd9-4665-8082-ff2dbd1a575d,9bb8426f-d9fb-4ccb-a9e5-9bf4f49b5bca,away,0,0,0,0,385,0,0,0,0,0,0,0,0,0,0,GK,,,,,,,,true,,false,true
c50de641-3fd9-4665-8082-ff2dbd1a575d,b0a2cee3-5f40-4b19-bddf-996b0c613b7b,home,0,0,0,0,595,0,0,0,0,0,0,0,0,0,0,GK,,,,,,,,true,,false,true
c50de641-3fd9-4665-8082-ff2dbd1a575d,d1ad216c-0bbb-4d7a-aabd-cdb52cb3d808,away,0,0,0,0,396,0,0,0,0,0,0,0,0,0,0,RB,,,,,,,,true,,false,true
c50de641-3fd9-4665-8082-ff2dbd1a575d,d48df599-2dd9-4fef-aa5c-b511893d91cd,home,0,0,0,0,445,0,0,0,0,0,0,0,0,0,0,CM,,,,,,,,true,,false,true
c50de641-3fd9-4665-8082-ff2dbd1a575d,f81bcb96-24dd-4377-bb0c-062806417b9c,away,0,0,0,0,340,0,0,0,0,0,0,0,0,0,0,LB,,,,,,,,true,,false,true
c7ea04ac-0ba5-4f56-9238-81108668c79c,21c5c593-bdf6-472f-8a91-8f2a1753774d,away,1,0,2,0,510,10,2,2,20,2,4,0,25,0,0,LB,,,,,,,,true,,false,false
c7ea04ac-0ba5-4f56-9238-81108668c79c,4e7a8d64-733f-46ba-aeff-b35e8b3258e6,away,1,0,5,0,705,18,2,2,22,0,6,0,26,0,0,CM,,,,,,,,true,,false,false
c7ea04ac-0ba5-4f56-9238-81108668c79c,6553959c-ab4c-4ef1-9df4-f1c366929211,away,1,1,2,3,765,16,1,1,7,0,2,0,7,3,1,LW,,,,,,,,true,,false,false
c7ea04ac-0ba5-4f56-9238-81108668c79c,65f8e00a-7543-4501-8b5f-fcee0c7fdb5d,home,0,0,0,0,0,0,0,0,0,0,0,0,0,0,0,LW,,,,,,,,true,,false,false
c7ea04ac-0ba5-4f56-9238-81108668c79c,7d7bcb08-f42b-499f-a019-c49f91641a6b,away,0,3,1,0,625,17,4,0,7,2,4,0,15,0,0,RB,,,,,,,,true,,false,false
c7ea04ac-0ba5-4f56-9238-81108668c79c,86e995b7-50fd-4d9e-b3e1-d9f13db35e70,home,0,0,0,4,480,8,0,0,0,0,3,1,6,4,2,GK,,,,,,,,true,,false,false
c7ea04ac-0ba5-4f56-9238-81108668c79c,924a77ca-0fc6-44ec-b754-1e107b516cf5,away,3,1,6,3,995,10,3,4,10,0,4,0,15,3,1,GK,,,,,,,,true,,false,false
c7ea04ac-0ba5-4f56-9238-81108668c79c,a75e3a4d-f9bd-4a2a-8dea-d5c06ae64e69,home,0,0,0,0,295,9,0,0,7,2,4,1,8,0,0,RW,,,,,,,,true,,false,false
c7ea04ac-0ba5-4f56-9238-81108668c79c,e28d0af9-11c6-4b32-ace5-bc21f6d90806,away,1,0,2,0,175,3,1,2,7,0,0,0,15,0,0,RW,,,,,,,,true,,false,false
c7ea04ac-0ba5-4f56-9238-81108668c79c,e59dcb73-0e4a-42e5-9200-144a1342deca,home,0,0,0,0,505,17,1,0,17,1,7,2,21,0,0,RB,,,,,,,,true,,false,false
c9ba28b1-f445-428d-b041-6e7b61018b4a,28665e99-bf57-4d6f-9303-8f24750764c5,away,0,0,0,0,755,0,0,0,0,0,0,0,0,0,0,RM,,,,,,,,true,,false,true
c9ba28b1-f445-428d-b041-6e7b61018b4a,4d4cd3e6-24cf-452f-bf78-85ae39cb37b5,away,0,0,0,0,640,0,0,0,0,0,0,0,0,0,0,LM,,,,,,,,true,,false,true
c9ba28b1-f445-428d-b041-6e7b61018b4a,515cb6b3-cc0a-4765-88f6-b2e0851935ef,away,0,0,0,0,875,0,0,0,0,0,0,0,0,0,0,LB,,,,,,,,true,,false,true
c9ba28b1-f445-428d-b041-6e7b61018b4a,5780051c-a5b1-4dd6-a549-c6a3ca457c93,home,0,0,0,0,620,0,0,0,0,0,0,0,0,0,0,LB,,,,,,,,true,,false,true
c9ba28b1-f445-428d-b041-6e7b61018b4a,67d84d4a-34e1-425a-b5af-aa80ba3e1ce7,away,0,0,0,0,385,0,0,0,0,0,0,0,0,0,0,RB,,,,,,,,true,,false,true
c9ba28b1-f445-428d-b041-6e7b61018b4a,6dd2ea29-a00b-4393-a556-448387245400,away,0,0,0,0,0,0,0,0,0,0,0,0,0,0,0,Sub 2,,,,,,,,false,2,true,true
c9ba28b1-f445-428d-b041-6e7b61018b4a,7af8310e-a70e-4984-826c-45c8b97f4b62,away,0,0,0,0,260,0,0,0,0,0,0,0,0,0,0,Sub 1,,,,,,,,false,1,false,true
c9ba28b1-f445-428d-b041-6e7b61018b4a,7fd5353d-009f-448f-8c7a-98d0a8825c0a,away,0,0,0,0,720,0,0,0,0,0,0,0,0,0,0,GK,,,,,,,,true,,false,true
c9ba28b1-f445-428d-b041-6e7b61018b4a,8938e670-d21b-41eb-bcbf-db25ef7a6e6f,home,0,0,0,0,425,0,0,0,0,0,0,0,0,0,0,LW,,,,,,,,true,,false,true
c9ba28b1-f445-428d-b041-6e7b61018b4a,8ee6711b-919f-4762-bd96-41fba5138bec,away,0,0,0,0,0,0,0,0,0,0,0,0,0,0,0,Sub 3,,,,,,,,false,3,true,true
c9ba28b1-f445-428d-b041-6e7b61018b4a,9b390ad1-bd39-4f92-87bb-3e5f68365353,home,0,0,0,0,710,0,0,0,0,0,0,0,0,0,0,CM,,,,,,,,true,,false,true
c9ba28b1-f445-428d-b041-6e7b61018b4a,d2fc286f-3473-4cd4-9554-0fe46dece9ec,home,0,0,0,0,695,0,0,0,0,0,0,0,0,0,0,RB,,,,,,,,true,,false,true
c9ba28b1-f445-428d-b041-6e7b61018b4a,e832ed13-1bbd-4057-bdcf-51dceba99a0a,home,0,0,0,0,715,0,0,0,0,0,0,0,0,0,0,GK,,,,,,,,true,,false,true
c9ba28b1-f445-428d-b041-6e7b61018b4a,f9a1b1c4-3be4-455a-911b-002588031dc0,home,0,0,0,0,480,0,0,0,0,0,0,0,0,0,0,RW,,,,,,,,true,,false,true
c9ba28b1-f445-428d-b041-6e7b61018b4a,fc7790b2-ba9f-48e5-b3fa-81c9a87b415b,away,0,0,0,0,5,0,0,0,0,0,0,0,0,0,0,CF,,,,,,,,true,,false,true
c9f1f65c-447f-4feb-884a-a94175056eff,11b9e702-95bd-466f-a980-cac33251fff6,away,2,0,2,0,430,11,1,2,6,0,2,0,8,0,0,RW,,,,,,,,true,,false,false
c9f1f65c-447f-4feb-884a-a94175056eff,1fba72d3-2686-40a2-8a95-841fa23d8122,home,0,0,0,0,355,21,1,0,4,0,3,0,9,0,0,RB,,,,,,,,true,,false,false
c9f1f65c-447f-4feb-884a-a94175056eff,21c61bd1-10fd-4974-9031-a18bd5e6520f,home,0,1,0,0,385,15,2,0,4,0,4,0,7,0,0,LB,,,,,,,,true,,false,false
c9f1f65c-447f-4feb-884a-a94175056eff,2af14ed0-2243-436a-8000-4fbfa191d50e,home,0,0,2,0,585,25,2,2,10,0,2,0,12,0,0,CM,,,,,,,,true,,false,false
c9f1f65c-447f-4feb-884a-a94175056eff,57a03f72-a308-4db8-86d1-3031aae6bc13,away,0,0,0,0,50,2,0,0,1,0,1,0,7,0,0,LB,,,,,,,,true,,false,false
c9f1f65c-447f-4feb-884a-a94175056eff,598daf18-47a2-4c69-86b9-38c3a92f5138,away,0,0,4,0,360,9,1,2,8,1,5,2,22,0,0,CM,,,,,,,,true,,false,false
c9f1f65c-447f-4feb-884a-a94175056eff,7888df90-020a-4dd1-99da-85cb04dac66b,home,4,2,11,0,1015,12,2,9,7,0,2,0,17,0,0,LW,,,,,,,,true,,false,false
c9f1f65c-447f-4feb-884a-a94175056eff,b0a2cee3-5f40-4b19-bddf-996b0c613b7b,away,0,0,0,6,580,5,0,0,0,0,0,0,6,6,5,GK,,,,,,,,true,,false,false
c9f1f65c-447f-4feb-884a-a94175056eff,c2e1ef6c-89f7-4065-a6c5-c0d89e58dff8,home,3,2,5,0,1110,23,3,4,17,3,5,0,21,0,0,RW,,,,,,,,true,,false,false
c9f1f65c-447f-4feb-884a-a94175056eff,cdd132ef-969b-46a7-98fa-fe35c4848c39,home,0,0,0,4,490,11,0,0,0,0,1,1,4,4,1,GK,,,,,,,,true,,false,false
c9f1f65c-447f-4feb-884a-a94175056eff,d404bc12-2609-4043-b084-b12152865c6b,away,0,0,1,0,195,8,1,1,5,0,3,0,12,0,0,LW,,,,,,,,true,,false,false
c9f1f65c-447f-4feb-884a-a94175056eff,d6b6ca4e-af5a-4b26-8a6a-a49e326e625f,away,0,1,3,0,405,9,1,2,10,1,3,0,16,0,0,RB,,,,,,,,true,,false,false
cb57fcc2-0441-4887-be16-c9eba3e254c4,2716c997-16df-40c1-a16b-1711eb76cd07,home,0,1,1,0,350,11,2,1,8,1,3,1,19,0,0,CM,,,,,,,,true,,false,false
cb57fcc2-0441-4887-be16-c9eba3e254c4,2d9ee886-9040-47f6-9571-38fe058ec225,home,0,0,0,0,525,16,1,0,13,2,8,3,18,0,0,RB,,,,,,,,true,,false,false
cb57fcc2-0441-4887-be16-c9eba3e254c4,384df794-4b78-4756-bf4e-5e9e54263aae,home,0,0,0,0,195,8,0,0,8,0,3,0,9,0,0,LB,,,,,,,,true,,false,false
cb57fcc2-0441-4887-be16-c9eba3e254c4,6006e119-0315-48fa-a960-99688e274550,away,0,0,0,4,615,13,0,0,4,1,4,1,15,4,4,GK,,,,,,,,true,,false,false
cb57fcc2-0441-4887-be16-c9eba3e254c4,a961c8c0-c464-43f8-8b71-c728ac82e935,home,2,0,5,0,380,4,0,3,12,0,2,0,19,0,0,LW,,,,,,,,true,,false,false
cb57fcc2-0441-4887-be16-c9eba3e254c4,b3a498f0-d632-4d47-9794-eb67f6c40a74,away,1,2,3,0,580,15,2,3,8,1,4,0,22,0,0,LW,,,,,,,,true,,false,false
cb57fcc2-0441-4887-be16-c9eba3e254c4,b6ff4b52-fa8f-4ede-ae27-c1e83b4733e4,away,0,0,0,0,490,12,0,0,15,4,6,1,13,0,0,RB,,,,,,,,true,,false,false
cb57fcc2-0441-4887-be16-c9eba3e254c4,be25796e-cbbd-4f0f-804f-be89344383c8,away,1,1,2,0,730,22,2,1,17,2,5,1,24,0,0,CM,,,,,,,,true,,false,false
cb57fcc2-0441-4887-be16-c9eba3e254c4,c4e05493-5efa-4185-b3fc-91d4e1b13b05,home,0,0,0,5,695,16,1,0,0,0,7,1,10,5,1,GK,,,,,,,,true,,false,false
cb57fcc2-0441-4887-be16-c9eba3e254c4,d056431b-35f3-4e15-955a-0a25a981b624,away,2,1,2,0,375,10,1,2,2,0,0,0,9,0,0,RW,,,,,,,,true,,false,false
cb57fcc2-0441-4887-be16-c9eba3e254c4,de4dc1ae-593d-496d-b94c-9f9a06c43390,home,0,1,0,0,375,18,2,0,9,0,4,0,20,0,0,RW,,,,,,,,true,,false,false
cb57fcc2-0441-4887-be16-c9eba3e254c4,f435d852-f1f3-4b9b-b15e-468149e439a4,away,0,0,0,0,170,8,0,0,4,1,3,0,8,0,0,LB,,,,,,,,true,,false,false
cc07dde0-6fe6-46b6-8bb9-c36033d47a67,33fc7bb2-da88-42b5-a813-da33ae7fd0f6,home,0,0,1,13,1195,15,0,0,0,0,2,0,11,13,2,GK,,,,,,,,true,,false,false
cc07dde0-6fe6-46b6-8bb9-c36033d47a67,3bb34974-24c9-4f3c-ba76-df9d9e5d6a0b,away,1,0,3,0,440,15,1,2,7,0,2,0,12,0,0,RW,,,,,,,,true,,false,false
cc07dde0-6fe6-46b6-8bb9-c36033d47a67,3dcd7592-94ca-4eee-81b4-1405e50406d9,away,3,1,10,0,940,15,1,9,16,0,5,0,31,0,0,LW,,,,,,,,true,,false,false
cc07dde0-6fe6-46b6-8bb9-c36033d47a67,51cfaa55-2576-47ff-8902-ea91ad89ebcc,away,0,0,0,0,0,0,0,0,0,0,0,0,0,0,0,Sub 1,,,,,,,,false,1,true,false
cc07dde0-6fe6-46b6-8bb9-c36033d47a67,644bc071-f35b-47ee-8e19-c101c7c11163,away,0,0,1,0,455,17,0,1,10,1,6,1,14,0,0,RB,,,,,,,,true,,false,false
cc07dde0-6fe6-46b6-8bb9-c36033d47a67,70d61877-2c58-4630-bec4-5175ebece3bf,away,0,0,0,3,360,5,0,0,0,0,1,0,8,3,5,GK,,,,,,,,true,,false,false
cc07dde0-6fe6-46b6-8bb9-c36033d47a67,8c6111bf-9272-4230-8bfd-511be5d0103c,home,0,0,0,0,210,9,0,0,7,0,2,0,6,0,0,LB,,,,,,,,true,,false,false
cc07dde0-6fe6-46b6-8bb9-c36033d47a67,8e59c7a3-0343-4c4f-b9aa-a387deb9ba0c,home,0,0,0,0,0,0,0,0,0,0,0,0,0,0,0,Sub 1,,,,,,,,false,1,true,false
cc07dde0-6fe6-46b6-8bb9-c36033d47a67,9685e3be-747c-47cf-bf8f-5010c0c0ce0b,home,1,1,4,0,520,9,2,4,14,2,3,2,33,0,0,CM,,,,,,,,true,,false,false
cc07dde0-6fe6-46b6-8bb9-c36033d47a67,b4b73326-af94-4abd-93d5-0fe537e63df1,away,0,0,0,0,265,10,0,0,6,1,6,0,9,0,0,LB,,,,,,,,true,,false,false
cc07dde0-6fe6-46b6-8bb9-c36033d47a67,c09d080a-af97-43e9-861c-367ee120e3f4,away,3,0,10,0,875,12,0,8,13,1,9,0,26,0,0,CM,,,,,,,,true,,false,false
cc07dde0-6fe6-46b6-8bb9-c36033d47a67,c8144abc-df24-456b-8e27-4e84ffd21414,home,2,2,2,0,690,15,4,2,11,0,0,0,12,0,0,LW,,,,,,,,true,,false,false
cc07dde0-6fe6-46b6-8bb9-c36033d47a67,ec291dd8-90c4-4dcb-b2c6-9d7fd7890c01,home,0,0,3,0,365,13,2,2,6,0,1,0,11,0,0,RW,,,,,,,,true,,false,false
cc07dde0-6fe6-46b6-8bb9-c36033d47a67,f26aa9f9-6d09-4040-baa1-669858f45bef,home,1,1,2,0,580,9,1,1,21,2,9,1,29,0,0,RB,,,,,,,,true,,false,false
cc86e074-4251-4460-a455-7b5ed0440383,0e78d1b7-00f9-4360-9a81-0de67218e455,away,0,0,0,4,440,8,0,0,0,0,1,0,7,4,3,GK,,,,,,,,true,,false,false
cc86e074-4251-4460-a455-7b5ed0440383,25585696-f9d7-40ac-908a-14527ff9af38,home,2,0,3,0,560,17,0,2,10,1,3,0,14,0,0,CM,,,,,,,,true,,false,false
cc86e074-4251-4460-a455-7b5ed0440383,2d9ee886-9040-47f6-9571-38fe058ec225,away,0,0,2,0,480,11,0,1,18,2,5,1,18,0,0,LB,,,,,,,,true,,false,false
cc86e074-4251-4460-a455-7b5ed0440383,2df70d98-1fcc-4f56-932b-c1aa91c197aa,home,0,0,0,0,460,14,1,0,7,4,4,0,4,0,0,LB,,,,,,,,true,,false,false
cc86e074-4251-4460-a455-7b5ed0440383,384df794-4b78-4756-bf4e-5e9e54263aae,away,0,0,2,0,355,13,0,2,11,2,1,0,17,0,0,RB,,,,,,,,true,,false,false
cc86e074-4251-4460-a455-7b5ed0440383,59f47cc9-4c4a-4cd7-89a2-9af74d276af8,home,1,0,1,0,240,10,0,1,12,0,0,0,19,0,0,LW,,,,,,,,true,,false,false
cc86e074-4251-4460-a455-7b5ed0440383,9023f26d-b97d-448f-990e-24edf9decbe0,home,1,1,4,0,475,11,1,4,14,0,3,0,28,0,0,RW,,,,,,,,true,,false,false
cc86e074-4251-4460-a455-7b5ed0440383,93ad0ca5-4c0e-4c96-9ea0-d2a85f51926e,home,1,1,1,0,715,17,1,1,15,5,5,0,15,0,0,RB,,,,,,,,true,,false,false
cc86e074-4251-4460-a455-7b5ed0440383,9944ee0d-a999-4ca6-bfd1-19d2185ac946,home,0,0,0,7,760,11,0,0,0,0,2,1,6,7,3,GK,,,,,,,,true,,false,false
cc86e074-4251-4460-a455-7b5ed0440383,a961c8c0-c464-43f8-8b71-c728ac82e935,away,1,0,4,0,335,7,0,4,11,1,0,0,21,0,0,LW,,,,,,,,true,,false,false
cc86e074-4251-4460-a455-7b5ed0440383,bc78bd12-7f41-423f-b981-1b9debddce85,away,0,0,2,0,400,11,1,2,11,3,2,0,16,0,0,CM,,,,,,,,true,,false,false
cc86e074-4251-4460-a455-7b5ed0440383,c4e05493-5efa-4185-b3fc-91d4e1b13b05,away,0,1,0,0,245,11,1,0,5,0,2,0,11,0,0,RW,,,,,,,,true,,false,false
cc86e074-4251-4460-a455-7b5ed0440383,d44e31a5-7773-47e2-93f3-a76abb4e7666,home,0,0,0,0,0,0,0,0,0,0,0,0,0,0,0,Sub 1,,,,,,,,false,1,true,false
cdd6300a-1035-47b2-bd1e-ff704276065a,11b9e702-95bd-466f-a980-cac33251fff6,home,0,0,2,0,215,6,0,1,10,0,2,0,13,0,0,RW,,,,,,,,true,,false,false
cdd6300a-1035-47b2-bd1e-ff704276065a,41d61a44-4b97-4833-a173-b16ac925e267,away,1,0,4,0,555,12,2,2,16,3,2,0,22,0,0,CM,,,,,,,,true,,false,false
cdd6300a-1035-47b2-bd1e-ff704276065a,57a03f72-a308-4db8-86d1-3031aae6bc13,home,0,1,0,0,560,17,3,0,9,1,7,1,12,0,0,RB,,,,,,,,true,,false,false
cdd6300a-1035-47b2-bd1e-ff704276065a,598daf18-47a2-4c69-86b9-38c3a92f5138,home,2,2,4,0,580,11,3,3,4,0,1,0,13,0,0,LW,,,,,,,,true,,false,false
cdd6300a-1035-47b2-bd1e-ff704276065a,7c42e1a2-b750-4d00-a214-26225d726f8f,away,0,0,0,0,195,7,0,0,2,0,7,1,7,0,0,RB,,,,,,,,true,,false,false
cdd6300a-1035-47b2-bd1e-ff704276065a,9bb8426f-d9fb-4ccb-a9e5-9bf4f49b5bca,away,0,1,0,7,645,5,1,0,0,0,1,0,8,7,1,GK,,,,,,,,true,,false,false
cdd6300a-1035-47b2-bd1e-ff704276065a,ac71326a-35d1-4686-bf2e-2a504f0f59c8,away,1,1,4,0,490,12,1,3,14,1,1,0,25,0,0,LW,,,,,,,,true,,false,false
cdd6300a-1035-47b2-bd1e-ff704276065a,b0a2cee3-5f40-4b19-bddf-996b0c613b7b,home,0,0,0,4,490,12,1,0,0,0,2,0,7,4,1,GK,,,,,,,,true,,false,false
cdd6300a-1035-47b2-bd1e-ff704276065a,b4b73326-af94-4abd-93d5-0fe537e63df1,away,0,0,0,0,445,10,0,0,10,4,5,4,13,0,0,LB,,,,,,,,true,,false,false
cdd6300a-1035-47b2-bd1e-ff704276065a,b66158de-fffa-4f12-870a-002dd15c3a12,away,0,0,0,0,15,2,0,0,9,0,0,0,15,0,0,RW,,,,,,,,true,,false,false
cdd6300a-1035-47b2-bd1e-ff704276065a,d48df599-2dd9-4fef-aa5c-b511893d91cd,home,2,0,4,0,685,19,0,3,14,0,6,1,20,0,0,CM,,,,,,,,true,,false,false
cdd6300a-1035-47b2-bd1e-ff704276065a,d6b6ca4e-af5a-4b26-8a6a-a49e326e625f,home,0,0,2,0,630,22,1,2,16,3,6,0,23,0,0,LB,,,,,,,,true,,false,false
ce7a0527-bedf-4b38-8681-61e3765163b8,05b15568-4bb8-4b6e-93b0-5d41a269bb8f,away,1,0,1,0,565,12,0,1,13,2,7,3,14,0,0,LB,,,,,,,,true,,false,false
ce7a0527-bedf-4b38-8681-61e3765163b8,65e478e9-920c-40ed-9247-cd6642b83f36,away,0,1,0,6,615,9,2,0,0,0,0,0,8,6,0,GK,,,,,,,,true,,false,false
ce7a0527-bedf-4b38-8681-61e3765163b8,695c301a-3f49-4916-8d67-6e198d6529f5,home,2,0,4,0,475,13,1,3,10,0,2,0,20,0,0,RW,,,,,,,,true,,false,false
ce7a0527-bedf-4b38-8681-61e3765163b8,6a3f628f-7dad-48b0-afe2-be3969115b0d,home,0,0,1,0,305,15,1,1,7,0,4,0,16,0,0,LW,,,,,,,,true,,false,false
ce7a0527-bedf-4b38-8681-61e3765163b8,74a27bb8-dc1d-421b-b931-d5d9e700d791,away,0,0,0,0,80,5,0,0,6,0,1,0,10,0,0,RB,,,,,,,,true,,false,false
ce7a0527-bedf-4b38-8681-61e3765163b8,9e299cb3-3bc4-47d3-98ed-713728ffec07,home,1,1,3,0,570,13,1,2,8,2,5,0,13,0,0,RB,,,,,,,,true,,false,false
ce7a0527-bedf-4b38-8681-61e3765163b8,a6dbbd49-92c7-4e52-aa9b-3799e55a548e,away,4,0,6,0,980,17,1,4,17,2,7,2,21,0,0,CM,,,,,,,,true,,false,false
ce7a0527-bedf-4b38-8681-61e3765163b8,c3cc845e-64e3-4b46-9d8e-d67e416acb3b,away,0,1,1,0,425,11,2,0,12,2,3,0,15,0,0,LW,,,,,,,,true,,false,false
ce7a0527-bedf-4b38-8681-61e3765163b8,e53ea056-e211-4d01-946e-f893efa9bba0,home,0,0,0,0,380,13,0,0,13,2,6,0,15,0,0,LB,,,,,,,,true,,false,false
ce7a0527-bedf-4b38-8681-61e3765163b8,f8bd073c-178c-4cdc-a07d-8d69d894c647,away,2,1,4,0,415,9,2,2,7,0,1,0,20,0,0,RW,,,,,,,,true,,false,false
cecb02f1-093d-4dc4-b93b-c7bcd6094eed,01ece89d-d51d-436a-bb31-503f0743d6d3,away,0,0,0,4,505,7,0,0,0,0,3,1,2,4,2,GK,,,,,,,,true,,false,false
cecb02f1-093d-4dc4-b93b-c7bcd6094eed,0d100302-039c-488b-bf0c-1347f76879f5,away,0,0,1,0,370,16,0,1,5,0,8,1,14,0,0,LB,,,,,,,,true,,false,false
cecb02f1-093d-4dc4-b93b-c7bcd6094eed,13bb6995-1085-4aa5-b29a-8a5e3126aabd,away,2,0,3,0,410,6,0,3,9,1,2,0,12,0,0,Sub 2,,,,,,,,false,2,false,false
cecb02f1-093d-4dc4-b93b-c7bcd6094eed,17b7048c-b910-4f56-a64a-d398221dd63a,away,1,0,2,0,490,14,2,2,20,1,5,0,32,0,0,CM,,,,,,,,true,,false,false
cecb02f1-093d-4dc4-b93b-c7bcd6094eed,21c5c593-bdf6-472f-8a91-8f2a1753774d,home,1,0,3,0,600,12,0,2,15,5,5,0,18,0,0,LB,,,,,,,,true,,false,false
cecb02f1-093d-4dc4-b93b-c7bcd6094eed,2fab2277-3b1e-4c7c-a2bd-ee80005a842a,home,0,0,0,0,615,13,0,0,11,6,11,6,21,0,0,LW,,,,,,,,true,,false,false
cecb02f1-093d-4dc4-b93b-c7bcd6094eed,48ef7d04-216c-4a68-b5ac-b057c0f9a2b1,home,0,0,0,7,960,13,0,0,2,1,9,4,10,7,2,GK,,,,,,,,true,,false,false
cecb02f1-093d-4dc4-b93b-c7bcd6094eed,635fb223-b598-45a3-bbaa-cd0da12c33ab,home,0,0,1,0,195,11,0,1,13,1,2,0,27,0,0,RW,,,,,,,,true,,false,false
cecb02f1-093d-4dc4-b93b-c7bcd6094eed,6553959c-ab4c-4ef1-9df4-f1c366929211,home,0,0,1,0,395,12,0,1,6,2,5,4,15,0,0,CM,,,,,,,,true,,false,false
cecb02f1-093d-4dc4-b93b-c7bcd6094eed,7d309808-fb3f-4a9c-94fc-b851290b13de,away,0,0,2,0,195,7,0,1,8,0,1,0,12,0,0,Sub 1,,,,,,,,false,1,false,false
cecb02f1-093d-4dc4-b93b-c7bcd6094eed,97ef1b14-348a-410b-83ce-ced05610ef9a,away,0,0,0,0,400,15,0,0,7,1,10,1,13,0,0,RB,,,,,,,,true,,false,false
cecb02f1-093d-4dc4-b93b-c7bcd6094eed,ab8294c2-f185-4d63-8cb9-cedca35a65f7,away,0,0,2,0,105,2,0,1,6,0,4,0,15,0,0,LW,,,,,,,,true,,false,false
cecb02f1-093d-4dc4-b93b-c7bcd6094eed,b298b56c-db9d-4c7b-a06f-641728c33da0,away,0,0,2,0,195,6,0,2,3,0,2,0,7,0,0,RW,,,,,,,,true,,false,false
cecb02f1-093d-4dc4-b93b-c7bcd6094eed,e28d0af9-11c6-4b32-ace5-bc21f6d90806,home,0,0,1,0,115,9,0,1,7,0,1,0,19,0,0,RB,,,,,,,,true,,false,false
d0328a7e-f7ea-48b9-b73d-be69a020ddd5,142a5453-eab4-4527-8d47-ded3dbadcce3,home,1,0,3,0,445,17,0,2,12,1,2,0,22,0,0,CM,,,,,,,,true,,false,false
d0328a7e-f7ea-48b9-b73d-be69a020ddd5,17a87d78-36e2-4c98-8aa5-1389850fcb91,away,2,1,3,0,630,14,2,2,21,0,4,0,29,0,0,CM,,,,,,,,true,,false,false
d0328a7e-f7ea-48b9-b73d-be69a020ddd5,33460ef6-9496-447d-b805-93ee54267e19,home,0,2,0,0,450,13,3,0,4,1,5,0,10,0,0,LB,,,,,,,,true,,false,false
d0328a7e-f7ea-48b9-b73d-be69a020ddd5,59f47cc9-4c4a-4cd7-89a2-9af74d276af8,home,1,1,4,0,570,18,1,2,10,0,3,0,18,0,0,LW,,,,,,,,true,,false,false
d0328a7e-f7ea-48b9-b73d-be69a020ddd5,5e63ae3d-def3-460e-baa4-33ebfb9a91d9,away,0,0,0,0,255,7,0,0,11,1,3,1,11,0,0,LB,,,,,,,,true,,false,false
d0328a7e-f7ea-48b9-b73d-be69a020ddd5,695c301a-3f49-4916-8d67-6e198d6529f5,away,1,0,6,0,520,9,1,5,4,1,3,1,12,0,0,RW,,,,,,,,true,,false,false
d0328a7e-f7ea-48b9-b73d-be69a020ddd5,6a3f628f-7dad-48b0-afe2-be3969115b0d,away,0,0,0,0,335,9,0,0,12,3,2,1,11,0,0,RB,,,,,,,,true,,false,false
d0328a7e-f7ea-48b9-b73d-be69a020ddd5,9023f26d-b97d-448f-990e-24edf9decbe0,home,1,0,1,0,320,13,3,1,4,0,0,0,11,0,0,RW,,,,,,,,true,,false,false
d0328a7e-f7ea-48b9-b73d-be69a020ddd5,93ad0ca5-4c0e-4c96-9ea0-d2a85f51926e,home,0,0,1,0,530,25,0,1,12,1,5,1,20,0,0,RB,,,,,,,,true,,false,false
d0328a7e-f7ea-48b9-b73d-be69a020ddd5,d015830d-e90a-484e-9c76-b434d6fbb36d,away,1,1,3,0,585,12,2,2,22,0,4,0,27,0,0,LW,,,,,,,,true,,false,false
d0328a7e-f7ea-48b9-b73d-be69a020ddd5,d1418948-96c2-4b56-8cec-3ce6e4938b4c,away,0,0,0,3,320,7,1,0,0,0,0,0,6,3,1,GK,,,,,,,,true,,false,false
d0328a7e-f7ea-48b9-b73d-be69a020ddd5,e832ed13-1bbd-4057-bdcf-51dceba99a0a,home,0,0,0,4,720,17,0,0,0,0,6,2,5,4,3,GK,,,,,,,,true,,false,false
d0a713a5-2b3d-471c-bcc9-77d95e8b2297,1c7e1afb-48d5-4a56-abe2-239960d81e04,home,0,0,2,0,600,15,1,1,14,2,13,6,33,0,0,CM,,,,,,,,true,,false,false
d0a713a5-2b3d-471c-bcc9-77d95e8b2297,3026383c-4582-4341-8c2e-882b11b2c457,home,0,0,0,0,0,0,0,0,0,0,0,0,0,0,0,Sub 2,,,,,,,,false,2,true,false
d0a713a5-2b3d-471c-bcc9-77d95e8b2297,374198d0-b3d9-42b9-81e8-e76e0deed5fc,home,0,0,0,14,1235,12,0,0,0,0,0,0,17,14,7,GK,,,,,,,,true,,false,false
d0a713a5-2b3d-471c-bcc9-77d95e8b2297,3914a82e-650b-4260-8805-0ff2dfa80104,away,0,0,0,4,785,19,0,0,3,0,8,1,9,4,4,GK,,,,,,,,true,,false,false
d0a713a5-2b3d-471c-bcc9-77d95e8b2297,43df9127-bb7a-4b5c-826f-9f3941fcdd9f,home,1,0,3,0,330,3,0,1,6,0,4,3,9,0,0,LW,,,,,,,,true,,false,false
d0a713a5-2b3d-471c-bcc9-77d95e8b2297,455808e1-206b-4100-8a72-19aa622d3c43,home,0,2,6,0,570,7,4,4,11,0,4,0,23,0,0,RW,,,,,,,,true,,false,false
d0a713a5-2b3d-471c-bcc9-77d95e8b2297,46572518-d547-44b4-a9b7-d0847f5a9791,away,1,0,4,0,375,10,0,4,11,0,2,0,22,0,0,RW,,,,,,,,true,,false,false
d0a713a5-2b3d-471c-bcc9-77d95e8b2297,581d7468-efeb-4a72-ba17-af18f508b9a9,away,1,0,2,0,265,13,0,2,8,0,6,0,29,0,0,CM,,,,,,,,true,,false,false
d0a713a5-2b3d-471c-bcc9-77d95e8b2297,70d054d7-25b2-4ece-87ce-2e477bcd3903,home,1,0,1,0,230,6,0,1,4,2,0,0,7,0,0,Sub 1,,,,,,,,false,1,false,false
d0a713a5-2b3d-471c-bcc9-77d95e8b2297,719f5a24-85fc-4016-9138-0a84fdcf1ce9,home,1,0,1,0,615,16,0,1,11,1,9,4,15,0,0,RB,,,,,,,,true,,false,false
d0a713a5-2b3d-471c-bcc9-77d95e8b2297,8aee7ffc-7867-4404-a381-77ef9074560e,away,0,0,0,0,0,0,0,0,0,0,0,0,0,0,0,Sub 2,,,,,,,,false,2,true,false
d0a713a5-2b3d-471c-bcc9-77d95e8b2297,91a49753-2644-4905-8fec-859f08282135,away,0,0,5,0,455,14,0,5,12,0,5,0,26,0,0,LW,,,,,,,,true,,false,false
d0a713a5-2b3d-471c-bcc9-77d95e8b2297,c704cf0d-704a-44a8-8ddd-932e8b1ffc13,home,0,0,0,0,0,0,0,0,0,0,0,0,0,0,0,Sub 3,,,,,,,,false,3,true,false
d0a713a5-2b3d-471c-bcc9-77d95e8b2297,eff36500-ba7b-409c-892f-be694d5e1b98,home,0,0,0,0,290,12,1,0,12,0,3,0,14,0,0,LB,,,,,,,,true,,false,false
d3ce4933-1f9d-469d-8eb7-74a82c07c65a,2a06d573-a6e1-4fbf-b675-267d49df828a,away,0,1,0,0,495,15,2,0,7,2,6,1,11,0,0,LB,,,,,,,,true,,false,false
d3ce4933-1f9d-469d-8eb7-74a82c07c65a,6763dad4-5c07-4f42-abe2-58f6f09e4af0,home,3,0,4,0,415,6,1,3,10,1,0,0,20,0,0,RW,,,,,,,,true,,false,false
d3ce4933-1f9d-469d-8eb7-74a82c07c65a,6ca9e07b-b6d4-461a-aa3e-e3827cd56781,away,0,0,1,0,210,12,0,1,7,1,2,0,18,0,0,CM,,,,,,,,true,,false,false
d3ce4933-1f9d-469d-8eb7-74a82c07c65a,7066872c-bfdb-482b-b521-1084d9f96012,home,0,0,0,0,0,0,0,0,0,0,0,0,0,0,0,Sub 1,,,,,,,,false,1,true,false
d3ce4933-1f9d-469d-8eb7-74a82c07c65a,8938e670-d21b-41eb-bcbf-db25ef7a6e6f,home,0,0,0,0,230,9,1,0,4,0,4,0,5,0,0,RB,,,,,,,,true,,false,false
d3ce4933-1f9d-469d-8eb7-74a82c07c65a,8e6af089-fdd5-4ab3-854a-677599513198,away,1,0,2,0,365,15,0,1,10,0,7,0,24,0,0,RW,,,,,,,,true,,false,false
d3ce4933-1f9d-469d-8eb7-74a82c07c65a,94a80472-3333-4903-bacb-a840ece6c816,away,0,0,0,0,75,6,0,0,2,0,1,0,6,0,0,LW,,,,,,,,true,,false,false
d3ce4933-1f9d-469d-8eb7-74a82c07c65a,9b390ad1-bd39-4f92-87bb-3e5f68365353,home,0,1,0,0,285,9,1,0,5,1,1,0,5,0,0,Sub 2,,,,,,,,false,2,false,false
d3ce4933-1f9d-469d-8eb7-74a82c07c65a,9b662727-19aa-4f5d-8459-696c178c498e,away,0,0,0,3,490,16,0,0,0,0,1,1,4,3,1,GK,,,,,,,,true,,false,false
d3ce4933-1f9d-469d-8eb7-74a82c07c65a,adab89d9-3725-4e2c-9e05-d968297ae2f8,home,0,0,0,0,635,17,1,0,16,6,6,1,15,0,0,LB,,,,,,,,true,,false,false
d3ce4933-1f9d-469d-8eb7-74a82c07c65a,b1c9d678-21e9-40ef-832d-a1607170baa8,home,0,1,1,0,260,4,1,1,3,1,2,1,6,0,0,CM,,,,,,,,true,,false,false
d3ce4933-1f9d-469d-8eb7-74a82c07c65a,bf66b0b2-db55-4313-bcb2-1ad69567f6da,home,1,1,3,0,550,13,1,3,8,0,2,2,13,0,0,LW,,,,,,,,true,,false,false
d3ce4933-1f9d-469d-8eb7-74a82c07c65a,f503bb9e-7264-4a3b-8b81-5035f1ef8188,away,0,0,0,0,320,13,0,0,5,2,3,1,7,0,0,RB,,,,,,,,true,,false,false
d3ce4933-1f9d-469d-8eb7-74a82c07c65a,f6a4dff0-c1fc-497c-8cf5-0889361418ee,home,0,0,0,0,130,9,0,0,0,0,2,0,6,0,1,GK,,,,,,,,true,,false,false
d4121c45-2bb5-4a6c-b466-9c1b46c9926b,0dd49f0b-f99d-4b20-8f47-8c6b62139b98,away,0,0,0,0,255,6,0,0,11,2,5,1,15,0,0,LB,,,,,,,,true,,false,false
d4121c45-2bb5-4a6c-b466-9c1b46c9926b,142a5453-eab4-4527-8d47-ded3dbadcce3,home,0,0,0,0,275,10,1,0,11,1,4,0,15,0,0,LW,,,,,,,,true,,false,false
d4121c45-2bb5-4a6c-b466-9c1b46c9926b,25585696-f9d7-40ac-908a-14527ff9af38,home,1,0,1,0,360,14,0,1,10,0,5,1,20,0,0,CM,,,,,,,,true,,false,false
d4121c45-2bb5-4a6c-b466-9c1b46c9926b,5dc9421a-7203-4bfe-90c5-26314ef71982,home,0,0,0,4,490,8,0,0,1,0,1,1,6,4,3,GK,,,,,,,,true,,false,false
d4121c45-2bb5-4a6c-b466-9c1b46c9926b,6006e119-0315-48fa-a960-99688e274550,away,0,1,2,0,585,16,1,2,22,2,8,2,39,0,0,CM,,,,,,,,true,,false,false
d4121c45-2bb5-4a6c-b466-9c1b46c9926b,7066872c-bfdb-482b-b521-1084d9f96012,home,0,0,0,0,0,0,0,0,0,0,0,0,0,0,0,Sub,,,,,,,,false,1,true,false
d4121c45-2bb5-4a6c-b466-9c1b46c9926b,9023f26d-b97d-448f-990e-24edf9decbe0,home,1,1,6,0,660,17,1,4,10,0,4,0,19,0,0,RW,,,,,,,,true,,false,false
d4121c45-2bb5-4a6c-b466-9c1b46c9926b,93ad0ca5-4c0e-4c96-9ea0-d2a85f51926e,home,0,0,1,0,595,21,1,1,13,3,10,1,24,0,0,LB,,,,,,,,true,,false,false
d4121c45-2bb5-4a6c-b466-9c1b46c9926b,9944ee0d-a999-4ca6-bfd1-19d2185ac946,home,0,0,3,0,380,10,0,2,13,2,5,1,24,0,0,RB,,,,,,,,true,,false,false
d4121c45-2bb5-4a6c-b466-9c1b46c9926b,b1c4eb92-e9ac-4581-9ee8-9ac8baf7ecd6,away,1,0,3,0,325,10,0,2,10,0,2,0,18,0,0,RW,,,,,,,,true,,false,false
d4121c45-2bb5-4a6c-b466-9c1b46c9926b,b3a498f0-d632-4d47-9794-eb67f6c40a74,away,1,0,3,0,355,10,0,3,12,0,1,0,19,0,0,LW,,,,,,,,true,,false,false
d4121c45-2bb5-4a6c-b466-9c1b46c9926b,bac85c56-45b4-4e35-b0de-70e24bd0335f,away,0,0,0,0,0,0,0,0,0,0,0,0,0,0,0,Sub,,,,,,,,false,2,true,false
d4121c45-2bb5-4a6c-b466-9c1b46c9926b,be25796e-cbbd-4f0f-804f-be89344383c8,away,0,0,0,0,150,7,0,0,6,1,2,0,10,0,0,RB,,,,,,,,true,,false,false
d4121c45-2bb5-4a6c-b466-9c1b46c9926b,bf4c4e23-eb90-4cec-9712-75ab9e36683b,away,0,0,0,0,0,0,0,0,0,0,0,0,0,0,0,Sub,,,,,,,,false,3,true,false
d4121c45-2bb5-4a6c-b466-9c1b46c9926b,d62405cb-44a0-41ad-8368-fcf20b9d9af0,away,0,0,0,5,645,9,0,0,0,0,3,2,6,5,4,GK,,,,,,,,true,,false,false
d481be93-d74a-43ce-bbe7-95d0aa9a39a4,094407eb-e583-47f9-8060-5160a7dfab50,away,2,1,6,0,765,14,2,4,14,3,2,0,22,0,0,CM,,,,,,,,true,,false,false
d481be93-d74a-43ce-bbe7-95d0aa9a39a4,16035b5a-d273-4398-af43-dbb9f5fbd632,away,0,0,0,0,195,6,0,0,12,2,1,0,14,0,0,RB,,,,,,,,true,,false,false
d481be93-d74a-43ce-bbe7-95d0aa9a39a4,21008920-5626-4f22-ba9c-aa71203b027e,away,1,1,2,0,350,8,1,2,3,0,2,0,8,0,0,LW,,,,,,,,true,,false,false
d481be93-d74a-43ce-bbe7-95d0aa9a39a4,21c61bd1-10fd-4974-9031-a18bd5e6520f,home,0,0,0,0,425,16,0,0,8,2,5,0,6,0,0,RB,,,,,,,,true,,false,false
d481be93-d74a-43ce-bbe7-95d0aa9a39a4,275e8362-7767-4a8d-b923-5c9a17351908,away,0,0,0,0,220,6,0,0,16,0,6,0,20,0,0,LB,,,,,,,,true,,false,false
d481be93-d74a-43ce-bbe7-95d0aa9a39a4,2aa78263-64f9-47ab-af2d-522f7a0bcf5e,away,0,0,0,9,830,9,1,0,0,0,2,1,11,9,2,GK,,,,,,,,true,,false,false
d481be93-d74a-43ce-bbe7-95d0aa9a39a4,2af14ed0-2243-436a-8000-4fbfa191d50e,home,0,2,1,0,575,26,2,1,10,0,3,0,23,0,0,CM,,,,,,,,true,,false,false
d481be93-d74a-43ce-bbe7-95d0aa9a39a4,3557690c-79cf-4580-9dbe-91a153aaf171,away,2,1,3,0,555,9,2,3,5,2,5,0,14,0,0,RW,,,,,,,,true,,false,false
d481be93-d74a-43ce-bbe7-95d0aa9a39a4,7888df90-020a-4dd1-99da-85cb04dac66b,home,1,2,4,0,760,28,2,4,11,0,1,0,26,0,0,LW,,,,,,,,true,,false,false
d481be93-d74a-43ce-bbe7-95d0aa9a39a4,91b264b8-9ba6-47e9-916f-0f23de8ce624,home,0,0,1,0,300,14,1,0,3,0,3,0,5,0,0,LB,,,,,,,,true,,false,false
d481be93-d74a-43ce-bbe7-95d0aa9a39a4,b2330b75-1676-4a2f-a8e8-41a44b6aaee4,away,0,0,0,0,0,0,0,0,0,0,0,0,0,0,0,-,,,,,,,,false,1,true,false
d481be93-d74a-43ce-bbe7-95d0aa9a39a4,c2e1ef6c-89f7-4065-a6c5-c0d89e58dff8,home,3,0,7,0,1085,30,4,7,15,0,2,0,22,0,0,RW,,,,,,,,true,,false,false
d481be93-d74a-43ce-bbe7-95d0aa9a39a4,ca9eab4d-0c47-4616-a4e1-168cdbf01337,home,0,0,0,3,510,14,0,0,0,0,4,0,6,3,3,GK,,,,,,,,true,,false,false
d481be93-d74a-43ce-bbe7-95d0aa9a39a4,f3366acb-e947-4395-9d05-d32701b5f986,home,0,0,0,0,0,0,0,0,0,0,0,0,0,0,0,GK,,,,,,,,false,1,true,false
d4e7a754-66c8-49f3-bd35-5f7cf6e242f7,0570d1ed-7ffc-416d-8fae-caa701f920e3,away,0,0,1,0,195,8,0,1,9,0,2,0,14,0,0,RB,,,,,,,,true,,false,false
d4e7a754-66c8-49f3-bd35-5f7cf6e242f7,28665e99-bf57-4d6f-9303-8f24750764c5,home,0,0,3,0,225,7,0,1,4,1,5,0,14,0,0,CM,,,,,,,,true,,false,false
d4e7a754-66c8-49f3-bd35-5f7cf6e242f7,3914a82e-650b-4260-8805-0ff2dfa80104,home,0,0,0,0,245,11,0,0,8,1,1,0,8,0,0,,,,,,,,,false,3,false,false
d4e7a754-66c8-49f3-bd35-5f7cf6e242f7,3dcd7592-94ca-4eee-81b4-1405e50406d9,away,1,0,3,0,195,4,0,3,2,0,1,0,11,0,0,LW,,,,,,,,true,,false,false
d4e7a754-66c8-49f3-bd35-5f7cf6e242f7,455808e1-206b-4100-8a72-19aa622d3c43,away,1,0,1,0,110,3,0,1,2,0,1,0,8,0,0,,,,,,,,,false,1,false,false
d4e7a754-66c8-49f3-bd35-5f7cf6e242f7,4989d80d-8611-494b-a878-f011860bdc81,home,0,0,0,0,0,0,0,0,0,0,0,0,0,0,0,,,,,,,,,false,2,true,false
d4e7a754-66c8-49f3-bd35-5f7cf6e242f7,67d84d4a-34e1-425a-b5af-aa80ba3e1ce7,home,0,2,0,0,715,19,3,0,13,2,7,1,14,0,0,RB,,,,,,,,true,,false,false
d4e7a754-66c8-49f3-bd35-5f7cf6e242f7,7af8310e-a70e-4984-826c-45c8b97f4b62,home,3,0,4,0,545,11,2,3,7,0,4,0,16,0,0,LW,,,,,,,,true,,false,false
d4e7a754-66c8-49f3-bd35-5f7cf6e242f7,7fd5353d-009f-448f-8c7a-98d0a8825c0a,home,0,0,0,5,695,18,2,0,0,0,2,0,8,5,2,GK,,,,,,,,true,,false,false
d4e7a754-66c8-49f3-bd35-5f7cf6e242f7,a430da4a-121d-495f-bce7-18b87939824c,away,0,0,0,0,445,16,0,0,8,1,9,1,10,0,0,LB,,,,,,,,true,,false,false
d4e7a754-66c8-49f3-bd35-5f7cf6e242f7,c09d080a-af97-43e9-861c-367ee120e3f4,away,2,2,3,0,1040,19,4,3,20,2,8,3,26,0,0,CM,,,,,,,,true,,false,false
d4e7a754-66c8-49f3-bd35-5f7cf6e242f7,d2fc286f-3473-4cd4-9554-0fe46dece9ec,home,0,0,0,0,275,12,0,0,8,1,5,1,15,0,0,LB,,,,,,,,true,,false,false
d4e7a754-66c8-49f3-bd35-5f7cf6e242f7,d6f23bc8-244a-46d3-9929-5ecab99b175d,away,1,2,3,0,485,12,2,2,6,0,4,0,19,0,0,RW,,,,,,,,true,,false,false
d4e7a754-66c8-49f3-bd35-5f7cf6e242f7,f4f830a6-d634-48d1-adad-27344be1970e,away,0,0,0,3,405,11,0,0,0,0,1,0,5,3,2,GK,,,,,,,,true,,false,false
d4e7a754-66c8-49f3-bd35-5f7cf6e242f7,f9a1b1c4-3be4-455a-911b-002588031dc0,home,3,0,4,0,635,14,1,4,12,0,2,0,16,0,0,RW,,,,,,,,true,,false,false
d533abed-9a2c-4dac-a340-75e4c2896ddc,175e33f3-010c-42f6-85b3-f78bae479455,home,1,0,2,0,475,9,0,2,15,2,6,1,20,0,0,LB,,,,,,,,true,,false,false
d533abed-9a2c-4dac-a340-75e4c2896ddc,3ae0f2b9-08db-4594-86e1-81772e94fb0e,home,2,0,4,0,420,7,0,3,8,0,2,0,11,0,0,LW,,,,,,,,true,,false,false
d533abed-9a2c-4dac-a340-75e4c2896ddc,4074bd27-2945-48e1-ad1c-a6fecabf859c,away,0,2,0,0,360,11,3,0,12,0,0,0,18,0,0,RW,,,,,,,,true,,false,false
d533abed-9a2c-4dac-a340-75e4c2896ddc,6ca9e07b-b6d4-461a-aa3e-e3827cd56781,away,0,0,0,3,630,17,0,0,1,0,11,2,8,3,0,GK,,,,,,,,true,,false,false
d533abed-9a2c-4dac-a340-75e4c2896ddc,7d522140-9b97-4111-ab0f-95aa1be11fdf,home,0,0,1,0,305,7,0,0,10,0,7,2,13,0,0,RB,,,,,,,,true,,false,false
d533abed-9a2c-4dac-a340-75e4c2896ddc,869007c5-5391-421c-b4cb-60c77874049b,home,0,0,0,3,285,3,0,0,0,0,2,0,4,3,1,GK,,,,,,,,true,,false,false
d533abed-9a2c-4dac-a340-75e4c2896ddc,88680cfe-47fa-4e5f-a5cc-0bc6de7c0853,home,0,1,0,0,215,7,1,0,10,0,1,0,14,0,0,RW,,,,,,,,true,,false,false
d533abed-9a2c-4dac-a340-75e4c2896ddc,8e6af089-fdd5-4ab3-854a-677599513198,away,1,0,5,0,540,15,1,3,19,0,3,0,29,0,0,CM,,,,,,,,true,,false,false
d533abed-9a2c-4dac-a340-75e4c2896ddc,94a80472-3333-4903-bacb-a840ece6c816,away,1,0,2,0,190,4,0,2,7,0,1,0,14,0,0,LW,,,,,,,,true,,false,false
d533abed-9a2c-4dac-a340-75e4c2896ddc,99380f31-55f5-4e9e-88ef-12763487cbb3,home,1,0,3,0,500,8,1,2,18,4,4,0,25,0,0,CM,,,,,,,,true,,false,false
d533abed-9a2c-4dac-a340-75e4c2896ddc,f503bb9e-7264-4a3b-8b81-5035f1ef8188,away,0,0,0,0,225,12,0,0,8,0,3,0,12,0,0,RB,,,,,,,,true,,false,false
d533abed-9a2c-4dac-a340-75e4c2896ddc,ff72778a-8f65-40f1-95bc-e5d85db5abc5,away,0,0,0,0,245,9,0,0,6,0,5,1,8,0,0,LB,,,,,,,,true,,false,false
d5d5138d-de03-4972-b4f1-9de954d36bf3,2000e422-67b4-4331-b13c-235b87c5f18d,home,4,2,8,0,1015,11,3,7,9,2,2,1,16,0,0,RW,,,,,,,,true,,false,false
d5d5138d-de03-4972-b4f1-9de954d36bf3,2a06d573-a6e1-4fbf-b675-267d49df828a,away,0,0,0,0,285,10,1,0,10,0,6,0,13,0,0,LB,,,,,,,,true,,false,false
d5d5138d-de03-4972-b4f1-9de954d36bf3,4074bd27-2945-48e1-ad1c-a6fecabf859c,away,0,0,2,0,390,17,0,2,7,0,3,1,14,0,0,CM,,,,,,,,true,,false,false
d5d5138d-de03-4972-b4f1-9de954d36bf3,6f37dca2-7250-4c16-b0de-d88a88327ee7,away,0,0,0,0,365,12,0,0,12,5,4,0,18,0,0,RB,,,,,,,,true,,false,false
d5d5138d-de03-4972-b4f1-9de954d36bf3,827a57e6-345c-4019-8e06-5e31845cf8ef,home,5,2,11,0,1140,11,3,9,16,1,1,0,25,0,0,LW,,,,,,,,true,,false,false
d5d5138d-de03-4972-b4f1-9de954d36bf3,8e6af089-fdd5-4ab3-854a-677599513198,away,0,0,0,0,200,10,0,0,9,1,4,2,22,0,0,GK,,,,,,,,true,,false,false
d5d5138d-de03-4972-b4f1-9de954d36bf3,94a80472-3333-4903-bacb-a840ece6c816,away,0,0,2,0,185,8,0,1,4,0,2,0,10,0,0,LW,,,,,,,,true,,false,false
d5d5138d-de03-4972-b4f1-9de954d36bf3,97c0be85-49b4-48bc-a162-40cbb24c2d30,home,0,0,0,3,370,6,0,0,0,0,3,2,4,3,0,GK,,,,,,,,true,,false,false
d5d5138d-de03-4972-b4f1-9de954d36bf3,9b662727-19aa-4f5d-8459-696c178c498e,away,0,0,0,6,625,6,0,0,0,0,1,1,8,6,5,RW,,,,,,,,true,,false,false
d5d5138d-de03-4972-b4f1-9de954d36bf3,c337388c-ea44-4078-8efa-3b3d0f0bc013,home,0,2,0,0,490,14,3,0,6,1,4,0,9,0,0,RB,,,,,,,,true,,false,false
d5d5138d-de03-4972-b4f1-9de954d36bf3,d1807b1d-e27c-4c51-89ec-17470d5a7510,home,0,0,0,0,425,13,1,0,9,2,4,2,9,0,0,CM,,,,,,,,true,,false,false
d5d5138d-de03-4972-b4f1-9de954d36bf3,d8d6951a-d2b9-4b85-9418-595fdfe1884a,home,0,1,1,0,720,16,4,1,10,3,11,2,17,0,0,LB,,,,,,,,true,,false,false
d8baedc9-6fe1-4b07-bc28-13e84fd327e8,175e33f3-010c-42f6-85b3-f78bae479455,home,0,0,0,0,585,0,0,0,0,0,0,0,0,0,0,CM,,,,,,,,true,,false,true
d8baedc9-6fe1-4b07-bc28-13e84fd327e8,2cf2ae7b-1f0d-44fa-b8c0-c7a343159e66,home,0,0,0,0,200,0,0,0,0,0,0,0,0,0,0,RB,,,,,,,,true,,false,true
d8baedc9-6fe1-4b07-bc28-13e84fd327e8,3ae0f2b9-08db-4594-86e1-81772e94fb0e,home,0,0,0,0,310,0,0,0,0,0,0,0,0,0,0,LW,,,,,,,,true,,false,true
d8baedc9-6fe1-4b07-bc28-13e84fd327e8,5780051c-a5b1-4dd6-a549-c6a3ca457c93,home,0,0,0,0,225,0,0,0,0,0,0,0,0,0,0,LB,,,,,,,,true,,false,true
d8baedc9-6fe1-4b07-bc28-13e84fd327e8,59f47cc9-4c4a-4cd7-89a2-9af74d276af8,away,0,0,0,0,525,0,0,0,0,0,0,0,0,0,0,LW,,,,,,,,true,,false,true
d8baedc9-6fe1-4b07-bc28-13e84fd327e8,783b9d50-39ff-48b0-84d9-b608fdf515b3,away,0,0,0,0,390,0,0,0,0,0,0,0,0,0,0,GK,,,,,,,,true,,false,true
d8baedc9-6fe1-4b07-bc28-13e84fd327e8,8938e670-d21b-41eb-bcbf-db25ef7a6e6f,home,0,0,0,0,350,0,0,0,0,0,0,0,0,0,0,RW,,,,,,,,true,,false,true
d8baedc9-6fe1-4b07-bc28-13e84fd327e8,93ad0ca5-4c0e-4c96-9ea0-d2a85f51926e,away,0,0,0,0,410,0,0,0,0,0,0,0,0,0,0,LB,,,,,,,,true,,false,true
d8baedc9-6fe1-4b07-bc28-13e84fd327e8,be236c06-2516-4c8a-9426-f26bca94f4b8,away,0,0,0,0,810,0,0,0,0,0,0,0,0,0,0,CM,,,,,,,,true,,false,true
d8baedc9-6fe1-4b07-bc28-13e84fd327e8,ca21e05a-e324-4b6a-9fbb-52e67d43be12,away,0,0,0,0,610,0,0,0,0,0,0,0,0,0,0,RW,,,,,,,,true,,false,true
d8baedc9-6fe1-4b07-bc28-13e84fd327e8,e832ed13-1bbd-4057-bdcf-51dceba99a0a,home,0,0,0,0,715,0,0,0,0,0,0,0,0,0,0,GK,,,,,,,,true,,false,true
d8baedc9-6fe1-4b07-bc28-13e84fd327e8,ecca4d1d-b050-4319-86a1-a37e132bcd54,away,0,0,0,0,510,0,0,0,0,0,0,0,0,0,0,RB,,,,,,,,true,,false,true
d902cc3e-9621-4ac3-8ab6-324cafa40d0e,0744d477-72e9-4df3-a7e8-5e4c2b44314b,home,0,0,0,0,0,0,0,0,0,0,0,0,0,0,0,RW,,,,,,,,true,,false,false
d902cc3e-9621-4ac3-8ab6-324cafa40d0e,0b126a1d-4730-4cc6-83ef-1e8ce0c6a1cd,away,1,0,4,0,525,14,1,4,10,0,6,0,20,0,0,LW,,,,,,,,true,,false,false
d902cc3e-9621-4ac3-8ab6-324cafa40d0e,1c7e1afb-48d5-4a56-abe2-239960d81e04,home,3,1,11,0,990,12,1,9,17,0,6,0,27,0,0,CM,,,,,,,,true,,false,false
d902cc3e-9621-4ac3-8ab6-324cafa40d0e,3026383c-4582-4341-8c2e-882b11b2c457,home,0,0,0,0,0,0,0,0,0,0,0,0,0,0,0,Sub 3,,,,,,,,false,3,true,false
d902cc3e-9621-4ac3-8ab6-324cafa40d0e,374198d0-b3d9-42b9-81e8-e76e0deed5fc,home,0,0,0,9,805,10,0,0,0,0,2,1,10,9,1,Sub 1,,,,,,,,false,1,false,false
d902cc3e-9621-4ac3-8ab6-324cafa40d0e,49a40d7b-26c8-46bd-98e1-e77621af162a,home,0,1,0,0,530,16,3,0,12,0,6,1,14,0,0,LB,,,,,,,,true,,false,false
d902cc3e-9621-4ac3-8ab6-324cafa40d0e,53d6d6c1-28a9-4032-a655-dd77b6f97574,home,1,0,2,0,240,7,0,2,5,0,2,0,12,0,0,Sub 2,,,,,,,,false,2,false,false
d902cc3e-9621-4ac3-8ab6-324cafa40d0e,719f5a24-85fc-4016-9138-0a84fdcf1ce9,home,0,0,0,0,245,8,1,0,10,2,5,1,20,0,0,RB,,,,,,,,true,,false,false
d902cc3e-9621-4ac3-8ab6-324cafa40d0e,8ee6711b-919f-4762-bd96-41fba5138bec,home,2,2,5,0,680,11,2,4,14,0,0,0,19,0,0,LW,,,,,,,,true,,false,false
d902cc3e-9621-4ac3-8ab6-324cafa40d0e,bdc97355-04f9-4e4e-8311-ff0cc4ac503e,home,0,0,0,4,375,6,0,0,0,0,0,0,4,4,1,GK,,,,,,,,true,,false,false
d902cc3e-9621-4ac3-8ab6-324cafa40d0e,e7b1a48e-6f25-463d-be9b-c1aa998042d2,away,0,0,0,0,360,10,0,0,7,1,11,3,16,0,0,LB,,,,,,,,true,,false,false
d902cc3e-9621-4ac3-8ab6-324cafa40d0e,f5632ac5-d549-4221-a374-2a52bed2c5cb,away,0,1,0,11,1205,12,1,0,0,0,6,4,15,11,3,GK,,,,,,,,true,,false,false
d902cc3e-9621-4ac3-8ab6-324cafa40d0e,fa4bba90-e9b0-435c-bda8-fe6bfcc23d99,away,2,0,7,0,570,12,0,6,4,0,3,0,14,0,0,RW,,,,,,,,true,,false,false
da6c35e2-db8d-47e5-b4de-c111b81cb2ba,00d95f21-b5ea-41c4-8871-8d8530c5b9f3,home,0,0,0,6,740,12,0,0,0,0,1,1,8,6,6,GK,,,,,,,,true,,false,false
da6c35e2-db8d-47e5-b4de-c111b81cb2ba,0f810a4b-07df-49e9-a69c-e285f67c56c1,home,0,0,0,0,880,26,0,0,16,8,8,4,17,0,0,RB,,,,,,,,true,,false,false
da6c35e2-db8d-47e5-b4de-c111b81cb2ba,136f7943-c243-4d8f-a269-2793bf9aeaed,away,1,1,3,0,570,15,3,3,4,0,6,0,14,0,0,RW,,,,,,,,true,,false,false
da6c35e2-db8d-47e5-b4de-c111b81cb2ba,56a42e4d-7b9b-47c6-a154-ecdee7fb8213,home,0,1,1,0,445,17,1,0,18,1,3,2,31,0,0,CM,,,,,,,,true,,false,false
da6c35e2-db8d-47e5-b4de-c111b81cb2ba,a2465e24-580f-4995-a354-50ba3d66eda6,away,0,0,0,0,455,16,2,0,11,1,5,0,10,0,0,RB,,,,,,,,true,,false,false
da6c35e2-db8d-47e5-b4de-c111b81cb2ba,a35ecdb3-ddc5-4900-ad3a-da8d3e5d3b76,away,0,0,0,1,180,6,0,0,0,0,0,0,1,1,1,GK,,,,,,,,true,,false,false
da6c35e2-db8d-47e5-b4de-c111b81cb2ba,ad286928-f093-4148-a4e3-13aedc82fa13,home,1,0,2,0,360,16,1,2,13,0,0,0,25,0,0,RW,,,,,,,,true,,false,false
da6c35e2-db8d-47e5-b4de-c111b81cb2ba,b08fdbb8-4270-4ac4-8b79-6e67bdd5ac0f,away,0,1,1,0,480,15,1,1,15,1,4,0,19,0,0,LB,,,,,,,,true,,false,false
da6c35e2-db8d-47e5-b4de-c111b81cb2ba,c4c0b646-0bfc-4574-95fe-67901103ea8a,away,0,2,4,0,600,17,3,4,5,0,1,0,14,0,0,LW,,,,,,,,true,,false,false
da6c35e2-db8d-47e5-b4de-c111b81cb2ba,ec5a612f-490d-4baa-a35a-b83f6426191f,home,0,0,0,0,390,15,0,0,9,4,0,0,7,0,0,LB,,,,,,,,true,,false,false
da6c35e2-db8d-47e5-b4de-c111b81cb2ba,ee42f965-d798-4724-8299-0b92747ba50d,away,3,0,9,0,715,15,0,6,13,0,4,0,29,0,0,CM,,,,,,,,true,,false,false
dab2044c-3318-4435-be59-abaca40b98ce,0149da01-4684-4fd2-bfaa-67f7deeff4ab,away,0,0,1,0,460,18,0,1,12,2,2,0,12,0,0,RB,,,,,,,,true,,false,false
dab2044c-3318-4435-be59-abaca40b98ce,0b8a523f-e03a-4ffe-9298-5082d52108cd,away,3,0,3,0,740,23,1,3,13,1,6,0,24,0,0,LW,,,,,,,,true,,false,false
dab2044c-3318-4435-be59-abaca40b98ce,2003feaa-1897-4a5a-8e1b-a4012896a3b1,away,0,0,0,0,0,0,0,0,0,0,0,0,0,0,0,,,,,,,,,true,,false,false
dab2044c-3318-4435-be59-abaca40b98ce,46572518-d547-44b4-a9b7-d0847f5a9791,home,0,1,1,0,310,9,1,1,15,1,0,0,21,0,0,RW,,,,,,,,true,,false,false
dab2044c-3318-4435-be59-abaca40b98ce,5548d172-12d4-4219-bfaa-f7fcd907cfea,away,0,0,0,0,55,4,0,0,0,0,1,0,2,0,0,RW,,,,,,,,true,,false,false
dab2044c-3318-4435-be59-abaca40b98ce,565f74c4-302b-4d0b-8fe7-057809b2f5c8,home,0,0,0,0,320,14,0,0,7,0,4,1,8,0,0,LB,,,,,,,,true,,false,false
dab2044c-3318-4435-be59-abaca40b98ce,5c667d1e-4c6e-4677-ac07-31ebf653d184,away,0,1,1,0,260,8,1,1,11,1,6,1,30,0,0,CM,,,,,,,,true,,false,false
dab2044c-3318-4435-be59-abaca40b98ce,67fb3ae4-0699-40bf-9d78-da133af08dff,away,0,0,0,0,0,0,0,0,0,0,0,0,0,0,0,,,,,,,,,true,,false,false
dab2044c-3318-4435-be59-abaca40b98ce,6cbece72-a0f9-4c80-a6e4-332abe28faf6,away,0,0,1,0,135,8,0,0,5,0,1,0,10,0,0,,,,,,,,,true,,false,false
dab2044c-3318-4435-be59-abaca40b98ce,783b9d50-39ff-48b0-84d9-b608fdf515b3,away,0,0,0,0,230,3,0,0,0,0,2,1,2,2,0,GK,,,,,,,,true,,false,false
dab2044c-3318-4435-be59-abaca40b98ce,8224ef9f-3a52-427c-9403-f110b1b0ef47,home,1,0,2,0,265,9,0,1,8,0,3,0,16,0,0,LW,,,,,,,,true,,false,false
dab2044c-3318-4435-be59-abaca40b98ce,857379d8-dbe1-4f84-b983-f6d8cfa3d047,home,0,0,0,0,365,14,0,0,11,1,5,2,16,0,0,RB,,,,,,,,true,,false,false
dab2044c-3318-4435-be59-abaca40b98ce,b51753bc-1a25-4857-b261-605a686e7ae7,home,0,0,0,0,320,9,0,0,0,0,1,0,3,2,2,GK,,,,,,,,true,,false,false
dab2044c-3318-4435-be59-abaca40b98ce,b935858d-f739-483e-a0b3-997fa723f5b4,home,3,0,6,0,640,11,0,5,17,0,2,1,26,0,0,CM,,,,,,,,true,,false,false
dab2044c-3318-4435-be59-abaca40b98ce,de48b9e4-239f-45e8-8d09-3bcb8c36d051,away,0,0,0,0,455,18,0,0,7,2,4,2,8,0,0,LB,,,,,,,,true,,false,false
dc43a3a3-3675-486c-b513-6c25561df2b3,2000e422-67b4-4331-b13c-235b87c5f18d,away,0,0,3,0,560,23,0,3,14,2,3,0,24,0,0,CM,,,,,,,,true,,false,false
dc43a3a3-3675-486c-b513-6c25561df2b3,5c667d1e-4c6e-4677-ac07-31ebf653d184,away,0,0,2,0,170,10,0,2,7,0,5,0,26,0,0,RW,,,,,,,,true,,false,false
dc43a3a3-3675-486c-b513-6c25561df2b3,657485cc-eda8-4d28-a449-e7d78a89685e,away,0,0,0,0,0,0,0,0,0,0,0,0,0,0,0,Sub 2,,,,,,,,false,2,true,false
dc43a3a3-3675-486c-b513-6c25561df2b3,6763dad4-5c07-4f42-abe2-58f6f09e4af0,home,1,0,10,0,470,7,0,6,7,0,4,0,25,0,0,RW,,,,,,,,true,,false,false
dc43a3a3-3675-486c-b513-6c25561df2b3,6cbece72-a0f9-4c80-a6e4-332abe28faf6,away,0,0,2,0,410,15,0,2,9,3,1,0,14,0,0,LW,,,,,,,,true,,false,false
dc43a3a3-3675-486c-b513-6c25561df2b3,7066872c-bfdb-482b-b521-1084d9f96012,home,0,0,4,0,395,9,1,4,10,1,2,0,17,0,0,LW,,,,,,,,true,,false,false
dc43a3a3-3675-486c-b513-6c25561df2b3,865c7086-2d02-48dd-8ea3-8d1b45ef2cfb,away,0,0,0,13,1320,16,0,0,0,0,3,1,14,13,7,GK,,,,,,,,true,,false,false
dc43a3a3-3675-486c-b513-6c25561df2b3,8938e670-d21b-41eb-bcbf-db25ef7a6e6f,home,0,0,0,0,490,18,1,0,11,0,8,0,9,0,0,RB,,,,,,,,true,,false,false
dc43a3a3-3675-486c-b513-6c25561df2b3,97c0be85-49b4-48bc-a162-40cbb24c2d30,away,0,0,1,0,460,16,0,1,6,1,7,2,10,0,0,LB,,,,,,,,true,,false,false
dc43a3a3-3675-486c-b513-6c25561df2b3,b1c9d678-21e9-40ef-832d-a1607170baa8,home,0,0,3,0,430,17,0,2,9,0,4,1,17,0,0,CM,,,,,,,,true,,false,false
dc43a3a3-3675-486c-b513-6c25561df2b3,bf66b0b2-db55-4313-bcb2-1ad69567f6da,home,0,0,1,0,490,14,2,1,12,4,6,0,19,0,0,LB,,,,,,,,true,,false,false
dc43a3a3-3675-486c-b513-6c25561df2b3,c337388c-ea44-4078-8efa-3b3d0f0bc013,away,1,0,2,0,280,6,0,2,6,0,4,2,16,0,0,RB,,,,,,,,true,,false,false
dc43a3a3-3675-486c-b513-6c25561df2b3,c5dd4bdb-d1fb-4aea-868c-83069bfcaf69,away,0,0,0,0,0,0,0,0,0,0,0,0,0,0,0,Sub 1,,,,,,,,false,1,true,false
dc43a3a3-3675-486c-b513-6c25561df2b3,f6a4dff0-c1fc-497c-8cf5-0889361418ee,home,0,0,0,9,940,12,0,0,0,0,7,4,17,9,2,GK,,,,,,,,true,,false,false
dd451b1a-195b-4e85-9b69-f90977df3315,0570d1ed-7ffc-416d-8fae-caa701f920e3,home,0,0,1,0,215,10,0,0,3,0,4,1,9,0,0,RB,,,,,,,,true,,false,false
dd451b1a-195b-4e85-9b69-f90977df3315,1b16f329-da48-4e29-bc1d-cf225c278e2e,away,0,0,0,0,380,15,1,0,9,1,8,0,15,0,0,RB,,,,,,,,true,,false,false
dd451b1a-195b-4e85-9b69-f90977df3315,33fc7bb2-da88-42b5-a813-da33ae7fd0f6,away,0,0,0,6,545,7,0,0,0,0,1,1,5,6,0,GK,,,,,,,,true,,false,false
dd451b1a-195b-4e85-9b69-f90977df3315,3dcd7592-94ca-4eee-81b4-1405e50406d9,home,2,1,6,0,580,12,1,5,10,0,4,0,27,0,0,LW,,,,,,,,true,,false,false
dd451b1a-195b-4e85-9b69-f90977df3315,51568e76-e50a-4573-9646-3d9270f944ce,home,0,0,0,0,100,4,1,0,0,0,0,0,1,0,1,GK,,,,,,,,true,,false,false
dd451b1a-195b-4e85-9b69-f90977df3315,8c6111bf-9272-4230-8bfd-511be5d0103c,away,0,1,1,0,235,7,2,0,1,0,1,1,6,0,0,LW,,,,,,,,true,,false,false
dd451b1a-195b-4e85-9b69-f90977df3315,9685e3be-747c-47cf-bf8f-5010c0c0ce0b,away,1,0,3,0,480,15,3,2,16,1,2,0,29,0,0,CM,,,,,,,,true,,false,false
dd451b1a-195b-4e85-9b69-f90977df3315,a430da4a-121d-495f-bce7-18b87939824c,home,0,1,0,0,420,16,2,0,3,0,5,0,5,0,0,LB,,,,,,,,true,,false,false
dd451b1a-195b-4e85-9b69-f90977df3315,c09d080a-af97-43e9-861c-367ee120e3f4,home,3,0,7,0,730,14,0,6,13,0,4,0,21,0,0,CM,,,,,,,,true,,false,false
dd451b1a-195b-4e85-9b69-f90977df3315,d6f23bc8-244a-46d3-9929-5ecab99b175d,home,0,0,0,0,25,2,1,0,0,0,0,0,3,0,0,RW,,,,,,,,true,,false,false
dd451b1a-195b-4e85-9b69-f90977df3315,ec291dd8-90c4-4dcb-b2c6-9d7fd7890c01,away,1,0,7,0,490,10,1,4,4,0,0,0,7,0,0,RW,,,,,,,,true,,false,false
dd451b1a-195b-4e85-9b69-f90977df3315,f26aa9f9-6d09-4040-baa1-669858f45bef,away,0,0,2,0,425,11,1,0,11,2,4,2,14,0,0,LB,,,,,,,,true,,false,false
dd61a6cd-11ed-4607-a6e8-204b5dc91a0b,08bf68b8-e774-4a56-bfc9-4c1e6066490b,home,0,0,0,0,265,11,0,0,12,2,3,1,20,0,0,CM,,,,,,,,true,,false,false
dd61a6cd-11ed-4607-a6e8-204b5dc91a0b,18e370bf-57fc-4db6-9f3e-75d67c9dff3f,home,0,1,2,0,235,5,1,2,7,1,1,0,17,0,0,LW,,,,,,,,true,,false,false
dd61a6cd-11ed-4607-a6e8-204b5dc91a0b,1ef81557-4610-448a-9114-a54e57e308e9,away,0,0,0,0,120,9,0,0,1,0,2,0,6,0,0,Sub 1,,,,,,,,false,1,false,false
dd61a6cd-11ed-4607-a6e8-204b5dc91a0b,23ead12c-77ac-4e35-bc74-5f690af34010,away,2,0,2,0,440,14,0,2,18,0,2,0,27,0,0,RW,,,,,,,,true,,false,false
dd61a6cd-11ed-4607-a6e8-204b5dc91a0b,2a7d62cf-c73a-46f0-a85b-13ef59a02ef7,away,0,0,0,3,435,13,0,0,0,0,4,1,7,3,0,GK,,,,,,,,true,,false,false
dd61a6cd-11ed-4607-a6e8-204b5dc91a0b,566e76a8-c7a8-4696-ab74-8860fbb4a54e,away,1,1,2,0,415,9,1,2,2,0,5,0,6,0,0,CM,,,,,,,,true,,false,false
dd61a6cd-11ed-4607-a6e8-204b5dc91a0b,6b37ad10-c1bc-4fb4-94ba-4a3b6acf55eb,home,0,0,0,0,415,14,0,0,11,1,7,0,9,0,0,RB,,,,,,,,true,,false,false
dd61a6cd-11ed-4607-a6e8-204b5dc91a0b,aeeb32d1-818b-4226-b79d-f5cc152cd6ef,home,0,0,0,2,225,4,0,0,0,0,4,1,12,2,2,GK,,,,,,,,true,,false,false
dd61a6cd-11ed-4607-a6e8-204b5dc91a0b,b0470ce4-f04e-4e82-a572-aafd4e91491a,away,0,0,0,0,620,22,1,0,11,1,9,2,11,0,0,RB,,,,,,,,true,,false,false
dd61a6cd-11ed-4607-a6e8-204b5dc91a0b,b9801db9-e9ca-46d3-a349-9b5c5ab161ca,home,0,0,0,0,450,14,0,0,14,1,7,0,10,0,0,LB,,,,,,,,true,,false,false
dd61a6cd-11ed-4607-a6e8-204b5dc91a0b,f039da87-06a7-4f3f-a14e-1240ab0d8e97,away,0,2,0,0,495,18,2,0,6,1,6,0,15,0,0,LB,,,,,,,,true,,false,false
dd61a6cd-11ed-4607-a6e8-204b5dc91a0b,fab1aec0-0fe0-430d-8799-a0da1a9009d7,away,0,0,0,0,-40,4,0,0,5,0,1,0,19,0,0,LW,,,,,,,,true,,false,false
dd61a6cd-11ed-4607-a6e8-204b5dc91a0b,fea90bc5-1803-42b3-a322-3dbd82fa1a47,home,2,0,4,0,380,10,0,3,10,0,3,0,24,0,0,RW,,,,,,,,true,,false,false
e219c960-af1f-4a58-a12c-d0daee60b113,0afc2696-c043-405f-bbe5-cd3fabbdba0b,home,0,0,0,0,370,13,0,0,14,1,4,0,12,0,0,LB,,,,,,,,true,,false,false
e219c960-af1f-4a58-a12c-d0daee60b113,17a87d78-36e2-4c98-8aa5-1389850fcb91,away,0,3,4,0,890,22,3,2,13,0,6,4,23,0,0,CM,,,,,,,,true,,false,false
e219c960-af1f-4a58-a12c-d0daee60b113,3fb2b88f-0175-4bdd-9307-fd3d375f7c53,home,0,0,0,3,265,5,0,0,2,0,1,0,8,3,0,GK,,,,,,,,true,,false,false
e219c960-af1f-4a58-a12c-d0daee60b113,40c0efeb-bb6e-4b81-a99d-c1a0fba0da8c,home,0,1,1,0,380,14,1,1,3,0,3,1,8,0,0,RW,,,,,,,,true,,false,false
e219c960-af1f-4a58-a12c-d0daee60b113,695c301a-3f49-4916-8d67-6e198d6529f5,away,2,0,3,0,380,9,1,3,4,0,0,0,9,0,0,RW,,,,,,,,true,,false,false
e219c960-af1f-4a58-a12c-d0daee60b113,836dc937-6f74-4e8c-a576-5c01226de7be,away,0,0,0,0,290,10,1,0,11,0,2,0,8,0,0,RB,,,,,,,,true,,false,false
e219c960-af1f-4a58-a12c-d0daee60b113,9e299cb3-3bc4-47d3-98ed-713728ffec07,away,0,0,0,0,385,18,0,0,7,2,2,0,7,0,0,LB,,,,,,,,true,,false,false
e219c960-af1f-4a58-a12c-d0daee60b113,a2465e24-580f-4995-a354-50ba3d66eda6,home,0,0,2,0,505,12,0,2,4,0,9,4,7,0,0,RB,,,,,,,,true,,false,false
e219c960-af1f-4a58-a12c-d0daee60b113,c4c0b646-0bfc-4574-95fe-67901103ea8a,home,1,0,6,0,480,13,0,3,5,0,3,0,11,0,0,LW,,,,,,,,true,,false,false
e219c960-af1f-4a58-a12c-d0daee60b113,d015830d-e90a-484e-9c76-b434d6fbb36d,away,2,1,2,0,695,22,3,2,11,0,5,0,21,0,0,LW,,,,,,,,true,,false,false
e219c960-af1f-4a58-a12c-d0daee60b113,d1418948-96c2-4b56-8cec-3ce6e4938b4c,away,0,0,0,4,460,8,0,0,0,0,1,0,5,4,3,GK,,,,,,,,true,,false,false
e219c960-af1f-4a58-a12c-d0daee60b113,ee42f965-d798-4724-8299-0b92747ba50d,home,3,0,5,0,660,15,3,4,6,1,8,0,25,0,0,CM,,,,,,,,true,,false,false
e238afb1-f176-4c3c-9799-04419fd68442,04d5a6ba-608c-4a00-86c8-f374369d89bb,home,4,0,10,0,725,6,0,7,6,0,4,0,14,0,0,RW,,,,,,,,true,,false,false
e238afb1-f176-4c3c-9799-04419fd68442,23ead12c-77ac-4e35-bc74-5f690af34010,away,0,0,0,0,275,14,0,0,4,1,1,1,6,0,0,LB,,,,,,,,true,,false,false
e238afb1-f176-4c3c-9799-04419fd68442,38ccfa50-824a-41f6-a72c-fc8f897fb15e,home,1,1,3,0,385,6,2,3,4,0,5,0,15,0,0,LW,,,,,,,,true,,false,false
e238afb1-f176-4c3c-9799-04419fd68442,3dcd7592-94ca-4eee-81b4-1405e50406d9,away,2,0,5,0,545,14,1,4,8,0,3,0,18,0,0,LW,,,,,,,,true,,false,false
e238afb1-f176-4c3c-9799-04419fd68442,51568e76-e50a-4573-9646-3d9270f944ce,away,0,0,0,7,825,14,0,0,0,0,2,2,9,7,4,GK,,,,,,,,true,,false,false
e238afb1-f176-4c3c-9799-04419fd68442,87c4e7ce-9c13-4e09-a532-5738dcf1876e,away,0,0,0,0,190,6,0,0,5,2,3,2,12,0,0,RB,,,,,,,,true,,false,false
e238afb1-f176-4c3c-9799-04419fd68442,98b03fb3-17cc-4c68-b9d8-5972a8f555f6,home,1,1,1,0,495,9,2,1,8,1,4,1,8,0,0,LB,,,,,,,,true,,false,false
e238afb1-f176-4c3c-9799-04419fd68442,991e6f31-863a-44d6-b530-5376b19d027b,home,2,2,4,0,600,10,2,3,8,1,4,0,20,0,0,RB,,,,,,,,true,,false,false
e238afb1-f176-4c3c-9799-04419fd68442,9d0a604d-1960-493d-833a-47ea82bfd83b,home,1,4,1,0,1010,18,6,1,14,3,5,0,11,0,0,CM,,,,,,,,true,,false,false
e238afb1-f176-4c3c-9799-04419fd68442,b43c872a-ee18-435d-9b92-6e3486484ea9,home,0,0,0,5,670,10,2,0,0,0,2,0,6,5,5,GK,,,,,,,,true,,false,false
e238afb1-f176-4c3c-9799-04419fd68442,cf73a840-783b-45de-9ccc-fbae51623051,away,0,0,3,0,470,10,1,2,17,6,2,1,29,0,0,CM,,,,,,,,true,,false,false
e238afb1-f176-4c3c-9799-04419fd68442,d6f23bc8-244a-46d3-9929-5ecab99b175d,away,0,1,1,0,375,13,1,1,4,0,5,0,9,0,0,RW,,,,,,,,true,,false,false
e291b4b8-83c8-4eef-b949-779661d8cddb,23ead12c-77ac-4e35-bc74-5f690af34010,away,0,1,0,0,715,18,2,0,14,6,4,1,11,0,0,LB,,,,,,,,true,,false,false
e291b4b8-83c8-4eef-b949-779661d8cddb,25985582-fc6c-47d2-8217-cdbc86b8d589,away,0,0,0,0,385,15,1,0,5,4,2,0,7,0,0,RB,,,,,,,,true,,false,false
e291b4b8-83c8-4eef-b949-779661d8cddb,3dcd7592-94ca-4eee-81b4-1405e50406d9,away,5,0,9,0,900,15,2,7,5,0,2,0,13,0,0,LW,,,,,,,,true,,false,false
e291b4b8-83c8-4eef-b949-779661d8cddb,51568e76-e50a-4573-9646-3d9270f944ce,away,0,1,0,8,815,9,1,0,0,0,2,0,11,8,3,GK,,,,,,,,true,,false,false
e291b4b8-83c8-4eef-b949-779661d8cddb,7066872c-bfdb-482b-b521-1084d9f96012,home,2,1,2,0,470,11,2,2,5,0,2,0,11,0,0,LW,,,,,,,,true,,false,false
e291b4b8-83c8-4eef-b949-779661d8cddb,801602ed-ce27-44f5-a861-a5414dbf4842,home,0,0,0,0,175,6,0,0,8,2,1,0,10,0,0,RB,,,,,,,,true,,false,false
e291b4b8-83c8-4eef-b949-779661d8cddb,92075f2f-9d2e-4092-8a4f-ab225ea7cbad,home,3,1,7,0,725,14,1,5,7,0,5,0,20,0,0,RW,,,,,,,,true,,false,false
e291b4b8-83c8-4eef-b949-779661d8cddb,adab89d9-3725-4e2c-9e05-d968297ae2f8,home,0,0,0,0,300,9,0,0,7,1,7,2,12,0,0,LB,,,,,,,,true,,false,false
e291b4b8-83c8-4eef-b949-779661d8cddb,b1c9d678-21e9-40ef-832d-a1607170baa8,home,1,1,5,0,645,15,2,4,10,2,4,1,25,0,0,CM,,,,,,,,true,,false,false
e291b4b8-83c8-4eef-b949-779661d8cddb,cf73a840-783b-45de-9ccc-fbae51623051,away,2,4,4,0,1030,17,6,3,13,3,5,1,26,0,0,CM,,,,,,,,true,,false,false
e291b4b8-83c8-4eef-b949-779661d8cddb,d6f23bc8-244a-46d3-9929-5ecab99b175d,away,0,1,2,0,410,11,2,2,13,0,0,0,16,0,0,RW,,,,,,,,true,,false,false
e291b4b8-83c8-4eef-b949-779661d8cddb,f6a4dff0-c1fc-497c-8cf5-0889361418ee,home,0,1,0,4,705,16,1,0,0,0,6,0,6,4,2,GK,,,,,,,,true,,false,false
e2968204-66aa-4398-ab70-2d0a9e38e96f,08bf68b8-e774-4a56-bfc9-4c1e6066490b,away,1,1,2,0,410,15,1,2,8,0,2,0,20,0,0,CM,,,,,,,,true,,false,false
e2968204-66aa-4398-ab70-2d0a9e38e96f,18e370bf-57fc-4db6-9f3e-75d67c9dff3f,away,2,1,4,0,585,11,1,4,13,1,2,1,24,0,0,RW,,,,,,,,true,,false,false
e2968204-66aa-4398-ab70-2d0a9e38e96f,43936899-2247-4113-9f54-c1d2123c75a2,home,0,0,0,8,810,10,0,0,0,0,0,0,9,8,6,GK,,,,,,,,true,,false,false
e2968204-66aa-4398-ab70-2d0a9e38e96f,6b37ad10-c1bc-4fb4-94ba-4a3b6acf55eb,away,1,1,4,0,605,16,2,4,15,0,2,0,25,0,0,LW,,,,,,,,true,,false,false
e2968204-66aa-4398-ab70-2d0a9e38e96f,6bb1c736-9ec6-4db5-91a5-b4569eda95b4,home,0,0,0,0,380,11,0,0,14,3,6,0,16,0,0,LWB,,,,,,,,true,,false,false
e2968204-66aa-4398-ab70-2d0a9e38e96f,760a6131-0069-4e05-9e70-6bec90191637,away,0,0,0,0,315,9,0,0,7,2,5,2,10,0,0,RB,,,,,,,,true,,false,false
e2968204-66aa-4398-ab70-2d0a9e38e96f,931fd875-9289-4b75-a927-0f295c7bfb8f,home,1,1,2,0,345,8,2,2,7,0,2,0,17,0,0,CF,,,,,,,,true,,false,false
e2968204-66aa-4398-ab70-2d0a9e38e96f,a374d177-0be0-415d-97f2-7e29ec1b5cab,home,3,1,4,0,870,16,2,4,15,1,6,2,22,0,0,RB,,,,,,,,true,,false,false
e2968204-66aa-4398-ab70-2d0a9e38e96f,aeeb32d1-818b-4226-b79d-f5cc152cd6ef,away,0,0,0,5,730,14,1,0,0,0,8,1,10,5,3,GK,,,,,,,,true,,false,false
e2968204-66aa-4398-ab70-2d0a9e38e96f,b9801db9-e9ca-46d3-a349-9b5c5ab161ca,away,0,0,1,0,225,9,0,1,10,0,2,0,14,0,0,LB,,,,,,,,true,,false,false
e2968204-66aa-4398-ab70-2d0a9e38e96f,bf2c1bbf-a8e3-4beb-b1c1-edf70ceb9fc5,home,0,1,3,0,520,16,1,2,14,3,3,0,26,0,0,LB,,,,,,,,true,,false,false
e2968204-66aa-4398-ab70-2d0a9e38e96f,fe5b4ca0-13f5-4b40-8170-29fc52475441,home,1,2,1,0,560,21,2,1,4,0,3,0,13,0,0,RWB,,,,,,,,true,,false,false
e3d451db-b1c0-4460-83c4-249e1b68ca3d,094407eb-e583-47f9-8060-5160a7dfab50,away,0,0,7,0,610,17,0,6,15,0,2,1,25,0,0,LW,,,,,,,,true,,false,false
e3d451db-b1c0-4460-83c4-249e1b68ca3d,16035b5a-d273-4398-af43-dbb9f5fbd632,away,0,0,4,0,300,12,0,4,8,0,4,0,26,0,0,RW,,,,,,,,true,,false,false
e3d451db-b1c0-4460-83c4-249e1b68ca3d,21008920-5626-4f22-ba9c-aa71203b027e,away,0,0,1,0,90,2,0,1,4,0,2,0,8,0,0,CM,,,,,,,,true,,false,false
e3d451db-b1c0-4460-83c4-249e1b68ca3d,275e8362-7767-4a8d-b923-5c9a17351908,away,0,0,1,0,405,9,1,1,12,0,9,2,17,0,0,LB,,,,,,,,true,,false,false
e3d451db-b1c0-4460-83c4-249e1b68ca3d,28665e99-bf57-4d6f-9303-8f24750764c5,home,0,1,2,0,290,4,1,1,9,3,0,0,14,0,0,CM,,,,,,,,true,,false,false
e3d451db-b1c0-4460-83c4-249e1b68ca3d,4d4cd3e6-24cf-452f-bf78-85ae39cb37b5,home,0,1,1,0,575,13,2,1,13,3,4,2,16,0,0,Sub 3,,,,,,,,false,3,false,false
e3d451db-b1c0-4460-83c4-249e1b68ca3d,515cb6b3-cc0a-4765-88f6-b2e0851935ef,home,0,0,0,0,465,15,0,0,13,3,6,2,17,0,0,RB,,,,,,,,true,,false,false
e3d451db-b1c0-4460-83c4-249e1b68ca3d,61d2c805-6278-4365-aef3-58607bd37086,away,0,0,0,4,270,3,0,0,0,0,1,0,9,4,0,GK,,,,,,,,true,,false,false
e3d451db-b1c0-4460-83c4-249e1b68ca3d,67d84d4a-34e1-425a-b5af-aa80ba3e1ce7,home,0,0,0,0,305,11,0,0,14,4,4,0,23,0,0,LB,,,,,,,,true,,false,false
e3d451db-b1c0-4460-83c4-249e1b68ca3d,6dd2ea29-a00b-4393-a556-448387245400,home,0,0,0,0,0,0,0,0,0,0,0,0,0,0,0,Sub 1,,,,,,,,false,1,true,false
e3d451db-b1c0-4460-83c4-249e1b68ca3d,7af8310e-a70e-4984-826c-45c8b97f4b62,home,1,0,1,0,195,7,0,1,10,0,0,0,16,0,0,LW,,,,,,,,true,,false,false
e3d451db-b1c0-4460-83c4-249e1b68ca3d,7fd5353d-009f-448f-8c7a-98d0a8825c0a,home,0,0,0,12,1380,22,0,0,0,0,6,1,19,12,9,GK,,,,,,,,true,,false,false
e3d451db-b1c0-4460-83c4-249e1b68ca3d,8ee6711b-919f-4762-bd96-41fba5138bec,home,0,0,1,0,125,3,1,1,1,0,0,0,1,0,0,RW,,,,,,,,true,,false,false
e3d451db-b1c0-4460-83c4-249e1b68ca3d,b2ec8317-6571-47f3-ba1c-00fdb37bf350,away,0,0,0,0,285,9,0,0,10,0,5,1,10,0,0,RB,,,,,,,,true,,false,false
e3d451db-b1c0-4460-83c4-249e1b68ca3d,fc7790b2-ba9f-48e5-b3fa-81c9a87b415b,home,3,0,4,0,360,4,0,3,3,0,2,0,10,0,0,Sub 2,,,,,,,,false,2,false,false
e42089f9-8c6d-4a12-93bc-419e27508e93,01ece89d-d51d-436a-bb31-503f0743d6d3,away,0,0,0,5,415,2,1,0,0,0,0,0,9,5,3,GK,,,,,,,,true,,false,false
e42089f9-8c6d-4a12-93bc-419e27508e93,0d100302-039c-488b-bf0c-1347f76879f5,away,0,0,1,0,400,7,0,0,7,3,11,3,15,0,0,LB,,,,,,,,true,,false,false
e42089f9-8c6d-4a12-93bc-419e27508e93,111fdb75-e8eb-418e-b83b-52b005e7cee4,home,0,0,0,8,805,11,0,0,0,0,0,0,11,8,6,GK,,,,,,,,true,,false,false
e42089f9-8c6d-4a12-93bc-419e27508e93,17b7048c-b910-4f56-a64a-d398221dd63a,away,5,0,11,0,1140,14,0,7,25,2,9,0,33,0,0,CM,,,,,,,,true,,false,false
e42089f9-8c6d-4a12-93bc-419e27508e93,227babbe-6fea-43f5-b595-e567b074634b,away,0,1,0,0,410,8,1,0,10,3,8,0,14,0,0,RB,,,,,,,,true,,false,false
e42089f9-8c6d-4a12-93bc-419e27508e93,22a00cf1-055e-4934-b2a5-f7ba709509c7,away,0,2,0,0,315,6,3,0,11,0,1,0,15,0,0,Sub 1,,,,,,,,false,1,false,false
e42089f9-8c6d-4a12-93bc-419e27508e93,5e927a04-5f33-4ecf-8a9a-c20df7b61564,home,1,0,4,0,345,11,0,3,1,0,0,0,6,0,0,RW,,,,,,,,true,,false,false
e42089f9-8c6d-4a12-93bc-419e27508e93,7d309808-fb3f-4a9c-94fc-b851290b13de,away,0,0,2,0,235,7,1,1,8,0,0,0,9,0,0,RW,,,,,,,,true,,false,false
e42089f9-8c6d-4a12-93bc-419e27508e93,86e995b7-50fd-4d9e-b3e1-d9f13db35e70,home,0,0,0,0,560,18,0,0,17,4,8,1,21,0,0,LB,,,,,,,,true,,false,false
e42089f9-8c6d-4a12-93bc-419e27508e93,a75e3a4d-f9bd-4a2a-8dea-d5c06ae64e69,home,0,0,0,0,395,12,0,0,14,0,6,1,11,0,0,RB,,,,,,,,true,,false,false
e42089f9-8c6d-4a12-93bc-419e27508e93,ab8294c2-f185-4d63-8cb9-cedca35a65f7,away,2,0,5,0,385,6,0,4,9,0,1,0,18,0,0,LW,,,,,,,,true,,false,false
e42089f9-8c6d-4a12-93bc-419e27508e93,fb127318-8f44-45b0-acff-7fdb4b7bcc59,home,2,0,3,0,645,17,3,3,26,1,4,0,41,0,0,CM,,,,,,,,true,,false,false
e44ee7a8-c08c-4119-8819-ab69cc9f04d5,04d5a6ba-608c-4a00-86c8-f374369d89bb,home,5,0,6,0,610,5,1,5,3,0,0,0,6,0,0,RW,,,,,,,,true,,false,false
e44ee7a8-c08c-4119-8819-ab69cc9f04d5,16be98a3-38b7-43cb-a21f-818d25515684,away,0,1,0,0,335,14,2,0,12,2,1,0,23,0,0,RW,,,,,,,,true,,false,false
e44ee7a8-c08c-4119-8819-ab69cc9f04d5,18705b90-e5c8-4cc2-98fb-902cb958d376,away,1,0,4,0,455,15,0,3,9,0,0,0,13,0,0,LW,,,,,,,,true,,false,false
e44ee7a8-c08c-4119-8819-ab69cc9f04d5,2df70d98-1fcc-4f56-932b-c1aa91c197aa,away,0,0,0,0,120,6,0,0,1,0,2,1,4,0,0,LB,,,,,,,,true,,false,false
e44ee7a8-c08c-4119-8819-ab69cc9f04d5,38ccfa50-824a-41f6-a72c-fc8f897fb15e,home,0,1,4,0,300,6,2,2,7,0,1,0,17,0,0,LW,,,,,,,,true,,false,false
e44ee7a8-c08c-4119-8819-ab69cc9f04d5,515cb6b3-cc0a-4765-88f6-b2e0851935ef,away,0,0,0,0,335,11,0,0,7,4,6,1,15,0,0,RB,,,,,,,,true,,false,false
e44ee7a8-c08c-4119-8819-ab69cc9f04d5,7593f03f-2200-45ae-9a01-fd8019c47470,away,2,1,4,0,640,14,2,3,9,2,0,0,14,0,0,CM,,,,,,,,true,,false,false
e44ee7a8-c08c-4119-8819-ab69cc9f04d5,991e6f31-863a-44d6-b530-5376b19d027b,home,1,1,6,0,725,15,2,2,8,2,5,1,13,0,0,RB,,,,,,,,true,,false,false
e44ee7a8-c08c-4119-8819-ab69cc9f04d5,9d0a604d-1960-493d-833a-47ea82bfd83b,home,0,1,1,0,600,17,3,0,9,4,6,0,14,0,0,LB,,,,,,,,true,,false,false
e44ee7a8-c08c-4119-8819-ab69cc9f04d5,b43c872a-ee18-435d-9b92-6e3486484ea9,home,0,0,0,2,535,17,2,0,0,0,1,1,1,2,2,GK,,,,,,,,true,,false,false
e44ee7a8-c08c-4119-8819-ab69cc9f04d5,db29b279-55c3-4841-91f6-8a5f9c7bcdc4,home,1,3,1,0,915,18,5,1,13,3,4,2,14,0,0,CM,,,,,,,,true,,false,false
e44ee7a8-c08c-4119-8819-ab69cc9f04d5,f097b613-dba4-4dfb-b6ee-733a9a2ba61a,away,0,0,0,3,525,13,0,0,0,0,0,0,2,3,5,GK,,,,,,,,true,,false,false
e6f40c02-6804-4e66-a9c8-50d2276ac58d,094407eb-e583-47f9-8060-5160a7dfab50,away,3,0,5,0,875,14,0,4,35,6,3,0,43,0,0,CM,,,,,,,,true,,false,false
e6f40c02-6804-4e66-a9c8-50d2276ac58d,13d262ff-7af4-417b-88d1-3818693781ad,home,0,0,0,0,360,17,0,0,11,2,2,0,14,0,0,LB,,,,,,,,true,,false,false
e6f40c02-6804-4e66-a9c8-50d2276ac58d,16035b5a-d273-4398-af43-dbb9f5fbd632,away,1,0,2,0,415,8,1,2,11,1,6,0,16,0,0,RB,,,,,,,,true,,false,false
e6f40c02-6804-4e66-a9c8-50d2276ac58d,21008920-5626-4f22-ba9c-aa71203b027e,away,1,1,1,0,275,7,1,1,7,0,0,0,12,0,0,LW,,,,,,,,true,,false,false
e6f40c02-6804-4e66-a9c8-50d2276ac58d,275e8362-7767-4a8d-b923-5c9a17351908,away,0,1,0,0,315,5,1,0,18,0,4,1,20,0,0,LB,,,,,,,,true,,false,false
e6f40c02-6804-4e66-a9c8-50d2276ac58d,2aa78263-64f9-47ab-af2d-522f7a0bcf5e,away,0,0,0,8,750,8,1,0,0,0,2,1,10,8,2,GK,,,,,,,,true,,false,false
e6f40c02-6804-4e66-a9c8-50d2276ac58d,59f0a37c-49ea-43d1-88b8-32bde1f42136,home,0,1,1,0,150,16,1,1,10,0,3,0,42,0,0,CM,,,,,,,,true,,false,false
e6f40c02-6804-4e66-a9c8-50d2276ac58d,67fb3ae4-0699-40bf-9d78-da133af08dff,away,0,0,0,0,0,0,0,0,0,0,0,0,0,0,0,Sub,,,,,,,,false,1,true,false
e6f40c02-6804-4e66-a9c8-50d2276ac58d,9bb8426f-d9fb-4ccb-a9e5-9bf4f49b5bca,home,0,0,0,2,590,17,0,0,0,0,5,2,4,2,4,GK,,,,,,,,true,,false,false
e6f40c02-6804-4e66-a9c8-50d2276ac58d,b2330b75-1676-4a2f-a8e8-41a44b6aaee4,away,1,2,1,0,565,12,2,1,15,1,1,0,15,0,0,RW,,,,,,,,true,,false,false
e6f40c02-6804-4e66-a9c8-50d2276ac58d,e207b1b9-1fcc-45aa-9c23-27a14eb38bf9,home,0,0,0,0,90,4,0,0,3,0,1,0,3,0,0,RW,,,,,,,,true,,false,false
e8107f28-482d-4b84-b7f8-7f641854eea2,05b15568-4bb8-4b6e-93b0-5d41a269bb8f,away,0,0,0,0,445,13,0,0,8,2,8,2,9,0,0,LB,,,,,,,,true,,false,false
e8107f28-482d-4b84-b7f8-7f641854eea2,096da32a-44f3-4780-ab78-1cecebab6fa6,home,0,0,0,2,335,11,0,0,0,0,0,0,3,2,2,GK,,,,,,,,true,,false,false
e8107f28-482d-4b84-b7f8-7f641854eea2,0f810a4b-07df-49e9-a69c-e285f67c56c1,home,0,0,0,0,845,29,1,0,21,1,10,3,18,0,0,RB,,,,,,,,true,,false,false
e8107f28-482d-4b84-b7f8-7f641854eea2,101b3f9c-1167-4c49-a9c8-7361e58edf1e,away,2,0,6,0,525,14,0,3,14,0,2,0,25,0,0,LW,,,,,,,,true,,false,false
e8107f28-482d-4b84-b7f8-7f641854eea2,33460ef6-9496-447d-b805-93ee54267e19,home,1,1,1,0,545,15,2,1,12,0,5,1,17,0,0,LB,,,,,,,,true,,false,false
e8107f28-482d-4b84-b7f8-7f641854eea2,65e478e9-920c-40ed-9247-cd6642b83f36,away,0,0,0,3,305,5,0,0,1,0,0,0,6,3,2,GK,,,,,,,,true,,false,false
e8107f28-482d-4b84-b7f8-7f641854eea2,7066872c-bfdb-482b-b521-1084d9f96012,home,0,1,1,0,395,18,2,1,4,0,3,0,14,0,0,RW,,,,,,,,true,,false,false
e8107f28-482d-4b84-b7f8-7f641854eea2,74a27bb8-dc1d-421b-b931-d5d9e700d791,away,0,0,0,0,290,12,1,0,11,1,3,0,15,0,0,RB,,,,,,,,true,,false,false
e8107f28-482d-4b84-b7f8-7f641854eea2,8938e670-d21b-41eb-bcbf-db25ef7a6e6f,home,0,0,0,0,0,0,0,0,0,0,0,0,0,0,0,Sub 2,,,,,,,,false,2,true,false
e8107f28-482d-4b84-b7f8-7f641854eea2,9c036ac6-7708-44c8-9cd9-28ee1ee44454,home,3,1,5,0,705,14,2,5,12,1,4,0,28,0,0,CM,,,,,,,,true,,false,false
e8107f28-482d-4b84-b7f8-7f641854eea2,a6dbbd49-92c7-4e52-aa9b-3799e55a548e,away,0,1,1,0,580,20,3,1,15,3,2,1,26,0,0,CM,,,,,,,,true,,false,false
e8107f28-482d-4b84-b7f8-7f641854eea2,ad286928-f093-4148-a4e3-13aedc82fa13,home,2,1,3,0,580,16,1,2,7,1,2,0,13,0,0,LW,,,,,,,,true,,false,false
e8107f28-482d-4b84-b7f8-7f641854eea2,c3cc845e-64e3-4b46-9d8e-d67e416acb3b,away,0,0,1,0,135,5,0,1,9,0,3,0,17,0,0,RW,,,,,,,,true,,false,false
e8107f28-482d-4b84-b7f8-7f641854eea2,ec5a612f-490d-4baa-a35a-b83f6426191f,home,0,0,0,0,0,0,0,0,0,0,0,0,0,0,0,Sub 1,,,,,,,,false,1,true,false
e85ac23f-f54f-4bdb-afe1-3bc389181dce,21a45e6a-a10f-4773-978b-75d0f39cdeb4,away,2,0,2,0,480,10,0,2,13,3,3,1,21,0,0,CM,,,,,,,,true,,false,false
e85ac23f-f54f-4bdb-afe1-3bc389181dce,64084aa4-1519-4593-8be4-6b8dee34f3e9,away,0,1,1,0,610,17,1,1,18,4,6,0,24,0,0,LB,,,,,,,,true,,false,false
e85ac23f-f54f-4bdb-afe1-3bc389181dce,6763dad4-5c07-4f42-abe2-58f6f09e4af0,home,1,0,4,0,380,10,0,3,10,0,3,0,19,0,0,RW,,,,,,,,true,,false,false
e85ac23f-f54f-4bdb-afe1-3bc389181dce,7c811d9b-f926-4ccd-a62f-3323ce07002f,away,0,0,0,9,1005,15,1,0,1,1,2,1,9,9,3,GK,,,,,,,,true,,false,false
e85ac23f-f54f-4bdb-afe1-3bc389181dce,8938e670-d21b-41eb-bcbf-db25ef7a6e6f,home,0,0,1,0,415,7,0,1,12,4,7,3,20,0,0,RB,,,,,,,,true,,false,false
e85ac23f-f54f-4bdb-afe1-3bc389181dce,93eab822-843e-4350-bb44-e331a423571d,away,0,1,0,0,520,16,2,0,11,2,6,1,16,0,0,RB,,,,,,,,true,,false,false
e85ac23f-f54f-4bdb-afe1-3bc389181dce,adab89d9-3725-4e2c-9e05-d968297ae2f8,home,0,0,2,0,375,9,0,2,4,2,7,1,10,0,0,LB,,,,,,,,true,,false,false
e85ac23f-f54f-4bdb-afe1-3bc389181dce,b1c9d678-21e9-40ef-832d-a1607170baa8,home,0,0,5,0,610,14,0,5,13,0,8,1,19,0,0,CM,,,,,,,,true,,false,false
e85ac23f-f54f-4bdb-afe1-3bc389181dce,bf66b0b2-db55-4313-bcb2-1ad69567f6da,home,0,0,1,0,260,9,0,1,10,0,4,1,16,0,0,LW,,,,,,,,true,,false,false
e85ac23f-f54f-4bdb-afe1-3bc389181dce,cfd4522f-90d3-4a23-a7e6-81b061c6cb7e,away,2,1,4,0,480,12,1,4,3,0,0,0,13,0,0,LW,,,,,,,,true,,false,false
e85ac23f-f54f-4bdb-afe1-3bc389181dce,cffce0e1-86ca-48bb-860d-f6b468ddbcc2,away,0,1,0,0,95,4,1,0,3,0,1,0,11,0,0,RW,,,,,,,,true,,false,false
e85ac23f-f54f-4bdb-afe1-3bc389181dce,f6a4dff0-c1fc-497c-8cf5-0889361418ee,home,0,0,0,2,285,12,0,0,0,0,1,0,11,2,2,GK,,,,,,,,true,,false,false
e8e1ad7a-9b6c-447f-8ae2-3e9bca2471d8,04d5a6ba-608c-4a00-86c8-f374369d89bb,away,5,1,11,0,935,7,1,8,5,0,5,0,13,0,0,RW,,,,,,,,true,,false,false
e8e1ad7a-9b6c-447f-8ae2-3e9bca2471d8,16673a6f-4943-4c75-afd3-c0f86b70d525,home,0,0,0,0,0,0,0,0,0,0,0,0,0,0,0,Sub 1,,,,,,,,false,1,true,false
e8e1ad7a-9b6c-447f-8ae2-3e9bca2471d8,28665e99-bf57-4d6f-9303-8f24750764c5,home,1,1,2,0,405,11,1,1,9,1,2,0,16,0,0,LM,,,,,,,,true,,false,false
e8e1ad7a-9b6c-447f-8ae2-3e9bca2471d8,34f9b7a0-13c1-4e9a-ac02-fb63f1440a5b,away,1,0,3,0,365,11,0,1,7,0,3,0,10,0,0,CM,,,,,,,,true,,false,false
e8e1ad7a-9b6c-447f-8ae2-3e9bca2471d8,4d4cd3e6-24cf-452f-bf78-85ae39cb37b5,home,0,0,1,0,395,18,3,1,6,0,3,1,16,0,0,RM,,,,,,,,true,,false,false
e8e1ad7a-9b6c-447f-8ae2-3e9bca2471d8,515cb6b3-cc0a-4765-88f6-b2e0851935ef,home,2,0,2,0,465,8,0,2,8,3,1,1,9,0,0,LB,,,,,,,,true,,false,false
e8e1ad7a-9b6c-447f-8ae2-3e9bca2471d8,67d84d4a-34e1-425a-b5af-aa80ba3e1ce7,home,0,0,1,0,400,14,0,1,9,2,5,0,12,0,0,RB,,,,,,,,true,,false,false
e8e1ad7a-9b6c-447f-8ae2-3e9bca2471d8,7af8310e-a70e-4984-826c-45c8b97f4b62,home,1,1,1,0,280,5,1,1,1,0,1,0,1,0,0,CF,,,,,,,,true,,false,false
e8e1ad7a-9b6c-447f-8ae2-3e9bca2471d8,7bce360c-9582-4ae3-a11f-ede63cedebe3,away,0,0,0,0,0,0,0,0,0,0,0,0,0,0,0,Sub 1,,,,,,,,false,1,true,false
e8e1ad7a-9b6c-447f-8ae2-3e9bca2471d8,7fd5353d-009f-448f-8c7a-98d0a8825c0a,home,0,1,0,6,840,17,1,0,0,0,1,0,14,6,7,GK,,,,,,,,true,,false,false
e8e1ad7a-9b6c-447f-8ae2-3e9bca2471d8,98b03fb3-17cc-4c68-b9d8-5972a8f555f6,away,0,0,1,0,235,12,0,0,10,1,1,0,16,0,0,LB,,,,,,,,true,,false,false
e8e1ad7a-9b6c-447f-8ae2-3e9bca2471d8,991e6f31-863a-44d6-b530-5376b19d027b,away,0,1,1,0,520,16,3,1,6,1,8,0,14,0,0,RB,,,,,,,,true,,false,false
e8e1ad7a-9b6c-447f-8ae2-3e9bca2471d8,b43c872a-ee18-435d-9b92-6e3486484ea9,away,0,1,0,4,1130,24,5,0,2,0,7,0,5,4,8,GK,,,,,,,,true,,false,false
e8e1ad7a-9b6c-447f-8ae2-3e9bca2471d8,dd6bad4e-3564-4c45-b5ff-2cfb4b9fa8e9,away,2,3,3,0,695,10,6,3,6,0,1,0,14,0,0,LW,,,,,,,,true,,false,false
e8e1ad7a-9b6c-447f-8ae2-3e9bca2471d8,f9a1b1c4-3be4-455a-911b-002588031dc0,home,0,0,1,0,115,8,0,1,2,0,1,0,10,0,0,Sub 2,,,,,,,,false,2,false,false
ea42849b-ebe9-44d2-abab-50b5b37066e9,00d95f21-b5ea-41c4-8871-8d8530c5b9f3,home,0,0,0,4,585,15,0,0,0,0,2,2,7,4,2,GK,,,,,,,,true,,false,false
ea42849b-ebe9-44d2-abab-50b5b37066e9,096da32a-44f3-4780-ab78-1cecebab6fa6,home,0,0,0,0,0,0,0,0,0,0,0,0,0,0,0,Sub 2,,,,,,,,false,2,true,false
ea42849b-ebe9-44d2-abab-50b5b37066e9,0f810a4b-07df-49e9-a69c-e285f67c56c1,home,0,0,0,0,480,19,0,0,11,4,6,0,16,0,0,RB,,,,,,,,true,,false,false
ea42849b-ebe9-44d2-abab-50b5b37066e9,2000e422-67b4-4331-b13c-235b87c5f18d,away,1,0,1,0,245,12,1,1,5,1,2,0,19,0,0,RW,,,,,,,,true,,false,false
ea42849b-ebe9-44d2-abab-50b5b37066e9,56a42e4d-7b9b-47c6-a154-ecdee7fb8213,home,1,0,3,0,625,14,1,3,14,3,5,0,17,0,0,LW,,,,,,,,true,,false,false
ea42849b-ebe9-44d2-abab-50b5b37066e9,56b917a0-b324-4f2f-95b9-cee53ead974f,away,1,0,2,0,190,5,0,2,2,0,7,0,17,0,0,LW,,,,,,,,true,,false,false
ea42849b-ebe9-44d2-abab-50b5b37066e9,7066872c-bfdb-482b-b521-1084d9f96012,home,0,2,4,0,650,17,4,4,9,0,2,0,19,0,0,RW,,,,,,,,true,,false,false
ea42849b-ebe9-44d2-abab-50b5b37066e9,865c7086-2d02-48dd-8ea3-8d1b45ef2cfb,away,0,0,0,6,760,11,1,0,1,0,6,1,6,6,2,GK,,,,,,,,true,,false,false
ea42849b-ebe9-44d2-abab-50b5b37066e9,97c0be85-49b4-48bc-a162-40cbb24c2d30,away,0,0,2,0,235,11,0,1,4,0,6,1,18,0,0,CM,,,,,,,,true,,false,false
ea42849b-ebe9-44d2-abab-50b5b37066e9,ad286928-f093-4148-a4e3-13aedc82fa13,home,0,0,0,0,190,9,0,0,8,1,4,0,15,0,0,LB,,,,,,,,true,,false,false
ea42849b-ebe9-44d2-abab-50b5b37066e9,c337388c-ea44-4078-8efa-3b3d0f0bc013,away,0,0,1,0,420,12,0,1,8,1,11,2,17,0,0,RB,,,,,,,,true,,false,false
ea42849b-ebe9-44d2-abab-50b5b37066e9,cf54cfd0-2535-4f84-8354-1ab930fb9633,home,0,0,0,0,0,0,0,0,0,0,0,0,0,0,0,Sub 3,,,,,,,,false,3,true,false
ea42849b-ebe9-44d2-abab-50b5b37066e9,d44e31a5-7773-47e2-93f3-a76abb4e7666,home,2,1,5,0,860,18,2,4,16,2,2,1,19,0,0,CM,,,,,,,,true,,false,false
ea42849b-ebe9-44d2-abab-50b5b37066e9,d8d6951a-d2b9-4b85-9418-595fdfe1884a,away,0,0,3,0,425,13,0,2,9,2,5,1,18,0,0,LB,,,,,,,,true,,false,false
ea42849b-ebe9-44d2-abab-50b5b37066e9,ec5a612f-490d-4baa-a35a-b83f6426191f,home,0,0,0,0,0,0,0,0,0,0,0,0,0,0,0,Sub 1,,,,,,,,false,1,true,false
ec8b7000-a6be-4c00-8f26-4f0908e9b644,18e370bf-57fc-4db6-9f3e-75d67c9dff3f,away,3,0,4,0,365,3,0,4,4,0,0,0,9,0,0,LW,,,,,,,,true,,false,false
ec8b7000-a6be-4c00-8f26-4f0908e9b644,447b6c36-21b2-47a0-8ce4-b122df357de4,home,0,1,0,1,290,7,1,0,1,0,6,0,8,1,0,GK,,,,,,,,true,,false,false
ec8b7000-a6be-4c00-8f26-4f0908e9b644,565f74c4-302b-4d0b-8fe7-057809b2f5c8,home,0,0,0,0,345,12,0,0,9,0,7,1,10,0,0,LB,,,,,,,,true,,false,false
ec8b7000-a6be-4c00-8f26-4f0908e9b644,6b37ad10-c1bc-4fb4-94ba-4a3b6acf55eb,away,0,2,1,0,585,20,4,0,16,0,2,0,23,0,0,RW,,,,,,,,true,,false,false
ec8b7000-a6be-4c00-8f26-4f0908e9b644,8224ef9f-3a52-427c-9403-f110b1b0ef47,home,4,0,10,0,715,12,0,8,11,0,4,0,34,0,0,RW,,,,,,,,true,,false,false
ec8b7000-a6be-4c00-8f26-4f0908e9b644,92797380-296a-4899-8648-6bdf3395c18c,away,0,0,0,0,140,8,0,0,4,0,0,0,4,0,0,CM,,,,,,,,true,,false,false
ec8b7000-a6be-4c00-8f26-4f0908e9b644,aeeb32d1-818b-4226-b79d-f5cc152cd6ef,away,0,1,0,7,820,10,1,0,0,0,3,1,16,7,6,GK,,,,,,,,true,,false,false
ec8b7000-a6be-4c00-8f26-4f0908e9b644,b51753bc-1a25-4857-b261-605a686e7ae7,home,0,0,1,0,450,13,1,1,9,0,9,0,9,0,0,RB,,,,,,,,true,,false,false
ec8b7000-a6be-4c00-8f26-4f0908e9b644,b935858d-f739-483e-a0b3-997fa723f5b4,home,5,3,7,0,1180,17,4,5,22,0,9,0,37,0,0,CM,,,,,,,,true,,false,false
ec8b7000-a6be-4c00-8f26-4f0908e9b644,b9801db9-e9ca-46d3-a349-9b5c5ab161ca,away,0,0,0,0,510,17,0,0,10,4,7,0,10,0,0,LB,,,,,,,,true,,false,false
ec8b7000-a6be-4c00-8f26-4f0908e9b644,fb870e63-dd63-4a29-89d6-55ce8da81176,home,3,3,4,0,995,19,5,4,7,0,2,0,8,0,0,LW,,,,,,,,true,,false,false
f036e1d9-d9e3-4c00-b06b-58a8a371a7fa,264c1bcc-8540-465a-a94b-2537e22ae37b,home,2,2,4,0,690,12,2,4,13,0,7,0,26,0,0,RW,,,,,,,,true,,false,false
f036e1d9-d9e3-4c00-b06b-58a8a371a7fa,31ab242a-2b1a-43c3-b849-a26600e38777,home,0,0,0,4,505,10,0,0,0,0,1,1,1,4,1,GK,,,,,,,,true,,false,false
f036e1d9-d9e3-4c00-b06b-58a8a371a7fa,345a9bce-a3d0-4ead-9eea-034fc67c09b8,home,0,0,2,0,245,6,0,2,5,0,3,1,9,0,0,LB,,,,,,,,true,,false,false
f036e1d9-d9e3-4c00-b06b-58a8a371a7fa,3bb34974-24c9-4f3c-ba76-df9d9e5d6a0b,away,0,1,0,0,190,11,1,0,5,0,3,0,18,0,0,RW,,,,,,,,true,,false,false
f036e1d9-d9e3-4c00-b06b-58a8a371a7fa,3dcd7592-94ca-4eee-81b4-1405e50406d9,away,3,0,6,0,630,16,1,5,10,0,0,0,21,0,0,LW,,,,,,,,true,,false,false
f036e1d9-d9e3-4c00-b06b-58a8a371a7fa,51cfaa55-2576-47ff-8902-ea91ad89ebcc,away,0,0,0,0,60,2,0,0,0,0,1,0,1,0,1,GK,,,,,,,,true,,false,false
f036e1d9-d9e3-4c00-b06b-58a8a371a7fa,5c667d1e-4c6e-4677-ac07-31ebf653d184,home,1,3,1,0,770,19,5,1,7,0,4,1,11,0,0,CM,,,,,,,,true,,false,false
f036e1d9-d9e3-4c00-b06b-58a8a371a7fa,644bc071-f35b-47ee-8e19-c101c7c11163,away,0,0,0,0,640,21,0,0,15,2,7,3,13,0,0,RB,,,,,,,,true,,false,false
f036e1d9-d9e3-4c00-b06b-58a8a371a7fa,70d61877-2c58-4630-bec4-5175ebece3bf,away,0,0,0,4,290,3,0,0,0,0,0,0,8,4,1,Sub 1,,,,,,,,false,1,false,false
f036e1d9-d9e3-4c00-b06b-58a8a371a7fa,9179b765-a947-4582-ad2b-35a5882ea0c8,away,0,1,1,0,530,19,2,1,11,3,1,0,17,0,0,CM,,,,,,,,true,,false,false
f036e1d9-d9e3-4c00-b06b-58a8a371a7fa,9c69ce40-ac11-4a6c-a634-bd4890de4b97,home,5,1,7,0,1035,18,4,6,10,0,4,0,18,0,0,LW,,,,,,,,true,,false,false
f036e1d9-d9e3-4c00-b06b-58a8a371a7fa,c45a38a8-e6b8-4f49-a1d6-cb599e1c5e7d,away,0,1,0,0,470,13,1,0,13,3,3,1,15,0,0,LB,,,,,,,,true,,false,false
f036e1d9-d9e3-4c00-b06b-58a8a371a7fa,d86a4ab5-8bb4-4f0e-92e1-f130d47aa671,home,0,0,0,0,195,10,0,0,9,0,2,0,12,0,0,RB,,,,,,,,true,,false,false
f1cc935e-04d6-4afa-bf03-5acd54d2d70f,1ef81557-4610-448a-9114-a54e57e308e9,away,0,0,0,0,315,15,1,0,5,0,4,0,7,0,0,Sub 1,,,,,,,,false,2,false,false
f1cc935e-04d6-4afa-bf03-5acd54d2d70f,23ead12c-77ac-4e35-bc74-5f690af34010,away,0,1,0,0,300,13,1,0,10,0,0,0,13,0,0,RW,,,,,,,,true,,false,false
f1cc935e-04d6-4afa-bf03-5acd54d2d70f,2bcd33ee-2cfe-4261-97f6-6b5b885f845d,home,0,0,0,0,270,0,0,0,0,0,0,0,0,0,0,LB,,,,,,,,true,,false,true
f1cc935e-04d6-4afa-bf03-5acd54d2d70f,566e76a8-c7a8-4696-ab74-8860fbb4a54e,away,1,0,3,0,660,20,0,3,11,4,7,0,21,0,0,CM,,,,,,,,true,,false,false
f1cc935e-04d6-4afa-bf03-5acd54d2d70f,57c81aac-8f96-466b-9a4a-8e130acb53ec,home,0,0,0,0,600,0,0,0,0,0,0,0,0,0,0,GK,,,,,,,,true,,false,true
f1cc935e-04d6-4afa-bf03-5acd54d2d70f,5baed746-6a44-480d-9a45-c023f30382ae,home,0,0,0,0,725,0,0,0,0,0,0,0,0,0,0,CM,,,,,,,,true,,false,true
f1cc935e-04d6-4afa-bf03-5acd54d2d70f,66baf5f0-2eda-4953-b088-96c35e37afa5,away,0,0,0,3,625,24,0,0,0,0,3,1,8,3,2,LW,,,,,,,,true,,false,false
f1cc935e-04d6-4afa-bf03-5acd54d2d70f,992c6f49-b81e-4d1f-958e-d78d2241d4d9,home,0,0,0,0,640,0,0,0,0,0,0,0,0,0,0,RW,,,,,,,,true,,false,true
f1cc935e-04d6-4afa-bf03-5acd54d2d70f,b0470ce4-f04e-4e82-a572-aafd4e91491a,away,0,0,0,0,500,24,0,0,13,3,4,0,19,0,0,LB,,,,,,,,true,,false,false
f1cc935e-04d6-4afa-bf03-5acd54d2d70f,b78289d5-e825-449d-9ce9-4329579de88d,away,0,0,0,0,165,7,0,0,4,0,2,0,3,0,0,RB,,,,,,,,true,,false,false
f1cc935e-04d6-4afa-bf03-5acd54d2d70f,eaace543-2a0f-4ccb-b0b9-8cc9b1f04276,home,0,0,0,0,225,0,0,0,0,0,0,0,0,0,0,RB,,,,,,,,true,,false,true
f1cc935e-04d6-4afa-bf03-5acd54d2d70f,f55bc845-38ae-463b-b682-54680aec2aeb,home,0,0,0,0,715,0,0,0,0,0,0,0,0,0,0,LW,,,,,,,,true,,false,true
f1cc935e-04d6-4afa-bf03-5acd54d2d70f,fab1aec0-0fe0-430d-8799-a0da1a9009d7,away,0,0,4,1,275,8,0,3,4,0,1,0,17,1,0,GK,,,,,,,,true,,false,false
f4186cb0-c5c5-4eab-a111-975f4faec123,00d95f21-b5ea-41c4-8871-8d8530c5b9f3,home,0,0,0,0,0,0,0,0,0,0,0,0,0,0,0,Sub 3,,,,,,,,false,3,true,false
f4186cb0-c5c5-4eab-a111-975f4faec123,096da32a-44f3-4780-ab78-1cecebab6fa6,home,0,0,0,5,545,7,0,0,0,0,4,3,7,5,0,GK,,,,,,,,true,,false,false
f4186cb0-c5c5-4eab-a111-975f4faec123,0f810a4b-07df-49e9-a69c-e285f67c56c1,home,1,1,2,0,705,18,1,2,7,2,7,4,16,0,0,LCB,,,,,,,,true,,false,false
f4186cb0-c5c5-4eab-a111-975f4faec123,264c1bcc-8540-465a-a94b-2537e22ae37b,away,1,0,3,0,260,14,0,3,7,0,1,0,27,0,0,RW,,,,,,,,true,,false,false
f4186cb0-c5c5-4eab-a111-975f4faec123,2fab2277-3b1e-4c7c-a2bd-ee80005a842a,home,0,0,0,0,0,0,0,0,0,0,0,0,0,0,0,Sub 2,,,,,,,,false,2,true,false
f4186cb0-c5c5-4eab-a111-975f4faec123,31ab242a-2b1a-43c3-b849-a26600e38777,away,0,0,0,8,745,10,0,0,0,0,0,0,3,8,1,GK,,,,,,,,true,,false,false
f4186cb0-c5c5-4eab-a111-975f4faec123,345a9bce-a3d0-4ead-9eea-034fc67c09b8,away,0,0,0,0,200,5,0,0,4,2,6,1,10,0,0,LB,,,,,,,,true,,false,false
f4186cb0-c5c5-4eab-a111-975f4faec123,56a42e4d-7b9b-47c6-a154-ecdee7fb8213,home,0,2,1,0,650,19,3,1,13,2,5,0,20,0,0,RCB,,,,,,,,true,,false,false
f4186cb0-c5c5-4eab-a111-975f4faec123,5c667d1e-4c6e-4677-ac07-31ebf653d184,away,0,1,0,0,460,13,2,0,10,1,9,1,18,0,0,CM,,,,,,,,true,,false,false
f4186cb0-c5c5-4eab-a111-975f4faec123,5efd4edb-e4e0-464b-bcc1-e31f51149256,away,2,1,4,0,790,16,2,3,14,0,7,0,15,0,0,LW,,,,,,,,true,,false,false
f4186cb0-c5c5-4eab-a111-975f4faec123,7066872c-bfdb-482b-b521-1084d9f96012,home,0,0,3,0,540,25,1,2,11,1,1,0,19,0,0,CF,,,,,,,,true,,false,false
f4186cb0-c5c5-4eab-a111-975f4faec123,ad286928-f093-4148-a4e3-13aedc82fa13,home,0,0,0,0,385,16,0,0,12,0,7,2,19,0,0,LWB,,,,,,,,true,,false,false
f4186cb0-c5c5-4eab-a111-975f4faec123,b9d6a45a-2958-4cda-9fdf-d280aae956c9,home,0,0,0,0,0,0,0,0,0,0,0,0,0,0,0,Sub 1,,,,,,,,false,1,true,false
f4186cb0-c5c5-4eab-a111-975f4faec123,db29b279-55c3-4841-91f6-8a5f9c7bcdc4,home,4,0,5,0,690,17,0,4,15,0,4,1,30,0,0,RWB,,,,,,,,true,,false,false
f65065fd-bccf-4b69-98b7-20c1b2a72c5d,2cf2ae7b-1f0d-44fa-b8c0-c7a343159e66,home,0,0,0,13,1155,7,0,0,1,1,1,1,18,13,7,GK,,,,,,,,true,,false,false
f65065fd-bccf-4b69-98b7-20c1b2a72c5d,3bb34974-24c9-4f3c-ba76-df9d9e5d6a0b,home,0,1,2,0,385,15,1,1,5,0,3,0,12,0,0,RW,,,,,,,,true,,false,false
f65065fd-bccf-4b69-98b7-20c1b2a72c5d,4f773ad0-2357-4c38-a1a5-8ffb900249ac,away,0,2,1,0,580,10,5,1,15,1,3,0,16,0,0,RB,,,,,,,,true,,false,false
f65065fd-bccf-4b69-98b7-20c1b2a72c5d,6763dad4-5c07-4f42-abe2-58f6f09e4af0,away,2,2,4,0,600,6,3,3,6,0,2,0,8,0,0,LW,,,,,,,,true,,false,false
f65065fd-bccf-4b69-98b7-20c1b2a72c5d,92075f2f-9d2e-4092-8a4f-ab225ea7cbad,away,2,0,9,0,555,4,1,5,9,0,3,0,16,0,0,RW,,,,,,,,true,,false,false
f65065fd-bccf-4b69-98b7-20c1b2a72c5d,9acc63cc-08a0-4fa2-95ef-f7fc6a11306a,home,0,0,2,0,370,17,1,2,13,1,0,0,23,0,0,CM,,,,,,,,true,,false,false
f65065fd-bccf-4b69-98b7-20c1b2a72c5d,adab89d9-3725-4e2c-9e05-d968297ae2f8,away,0,0,0,0,465,15,2,0,11,1,4,2,11,0,0,LB,,,,,,,,true,,false,false
f65065fd-bccf-4b69-98b7-20c1b2a72c5d,b1c9d678-21e9-40ef-832d-a1607170baa8,away,2,1,10,0,870,16,1,7,10,1,5,0,23,0,0,CM,,,,,,,,true,,false,false
f65065fd-bccf-4b69-98b7-20c1b2a72c5d,bf66b0b2-db55-4313-bcb2-1ad69567f6da,away,2,0,7,0,565,6,2,6,7,0,1,0,12,0,0,LW,,,,,,,,true,,false,false
f65065fd-bccf-4b69-98b7-20c1b2a72c5d,f6a4dff0-c1fc-497c-8cf5-0889361418ee,away,0,0,0,3,405,11,0,0,2,0,2,1,12,3,2,GK,,,,,,,,true,,false,false
f7d5c865-66f8-488b-a41f-f8e5af88fff3,1ac6fb72-3cf6-4bdc-9ce6-52d192ac0ed4,away,0,0,0,0,0,0,0,0,0,0,0,0,0,0,0,,,,,,,,,false,1,true,false
f7d5c865-66f8-488b-a41f-f8e5af88fff3,2ac4ccc7-723b-42fd-bc24-40c74823387a,away,2,0,3,0,340,9,1,3,9,0,3,0,25,0,0,LW,,,,,,,,true,,false,false
f7d5c865-66f8-488b-a41f-f8e5af88fff3,356b17da-6647-4339-acfc-7c5ccd7cbaa2,away,0,0,1,0,245,6,1,0,11,0,6,0,15,0,0,LB,,,,,,,,true,,false,false
f7d5c865-66f8-488b-a41f-f8e5af88fff3,437af16a-4313-4bd9-93b2-f8115aa76447,away,0,0,0,0,350,9,0,0,12,1,8,2,16,0,0,RB,,,,,,,,true,,false,false
f7d5c865-66f8-488b-a41f-f8e5af88fff3,447b6c36-21b2-47a0-8ce4-b122df357de4,home,2,1,3,0,480,9,2,2,8,0,0,0,11,0,0,,,,,,,,,false,1,false,false
f7d5c865-66f8-488b-a41f-f8e5af88fff3,565f74c4-302b-4d0b-8fe7-057809b2f5c8,home,0,0,0,0,295,16,1,0,8,1,3,0,16,0,0,LB,,,,,,,,true,,false,false
f7d5c865-66f8-488b-a41f-f8e5af88fff3,8224ef9f-3a52-427c-9403-f110b1b0ef47,home,0,0,0,0,30,2,0,0,2,0,0,0,3,0,0,LW,,,,,,,,true,,false,false
f7d5c865-66f8-488b-a41f-f8e5af88fff3,857379d8-dbe1-4f84-b983-f6d8cfa3d047,home,2,0,3,0,920,17,0,3,22,7,10,0,24,0,0,RB,,,,,,,,true,,false,false
f7d5c865-66f8-488b-a41f-f8e5af88fff3,931fd875-9289-4b75-a927-0f295c7bfb8f,away,0,0,2,0,250,8,0,2,8,0,4,0,15,0,0,RW,,,,,,,,true,,false,false
f7d5c865-66f8-488b-a41f-f8e5af88fff3,b51753bc-1a25-4857-b261-605a686e7ae7,home,0,0,0,5,700,12,0,0,0,0,2,1,6,5,6,GK,,,,,,,,true,,false,false
f7d5c865-66f8-488b-a41f-f8e5af88fff3,b935858d-f739-483e-a0b3-997fa723f5b4,home,1,0,7,0,665,10,1,5,26,3,3,0,37,0,0,CM,,,,,,,,true,,false,false
f7d5c865-66f8-488b-a41f-f8e5af88fff3,dcd3dd2d-8842-4645-b995-4f2a22b9dfea,away,0,0,0,8,865,14,0,0,1,1,6,0,15,8,3,GK,,,,,,,,true,,false,false
f7d5c865-66f8-488b-a41f-f8e5af88fff3,fb870e63-dd63-4a29-89d6-55ce8da81176,home,2,3,5,0,755,10,4,4,8,0,4,0,18,0,0,RW,,,,,,,,true,,false,false
f7d5c865-66f8-488b-a41f-f8e5af88fff3,fe5b4ca0-13f5-4b40-8170-29fc52475441,away,1,1,5,0,625,13,1,3,22,0,3,0,28,0,0,CM,,,,,,,,true,,false,false
f92c7905-35af-44c9-a2e3-6b898b1bacbd,0149da01-4684-4fd2-bfaa-67f7deeff4ab,home,0,0,2,0,590,20,0,1,9,0,13,1,14,0,0,RB,,,,,,,,true,,false,false
f92c7905-35af-44c9-a2e3-6b898b1bacbd,23ead12c-77ac-4e35-bc74-5f690af34010,away,0,0,0,0,470,18,0,0,8,0,11,1,11,0,0,CM,,,,,,,,true,,false,false
f92c7905-35af-44c9-a2e3-6b898b1bacbd,25985582-fc6c-47d2-8217-cdbc86b8d589,away,0,0,0,0,350,15,0,0,8,0,4,1,8,0,0,LB,,,,,,,,true,,false,false
f92c7905-35af-44c9-a2e3-6b898b1bacbd,3dcd7592-94ca-4eee-81b4-1405e50406d9,away,1,0,3,0,265,7,0,3,9,0,3,0,22,0,0,LW,,,,,,,,true,,false,false
f92c7905-35af-44c9-a2e3-6b898b1bacbd,5548d172-12d4-4219-bfaa-f7fcd907cfea,home,2,0,3,0,320,4,0,3,8,0,4,0,17,0,0,RW,,,,,,,,true,,false,false
f92c7905-35af-44c9-a2e3-6b898b1bacbd,5aebb1a5-2ab6-44c9-a94c-824269f7d773,home,0,0,0,3,470,9,0,0,0,0,2,0,2,3,4,GK,,,,,,,,true,,false,false
f92c7905-35af-44c9-a2e3-6b898b1bacbd,5dc9421a-7203-4bfe-90c5-26314ef71982,home,0,0,2,0,295,13,0,1,10,0,2,1,18,0,0,LW,,,,,,,,true,,false,false
f92c7905-35af-44c9-a2e3-6b898b1bacbd,70d61877-2c58-4630-bec4-5175ebece3bf,away,0,0,0,3,425,10,0,0,1,0,2,2,12,3,3,GK,,,,,,,,true,,false,false
f92c7905-35af-44c9-a2e3-6b898b1bacbd,8235ca70-a199-4b6d-8198-2087cfa1e865,home,0,2,0,0,300,8,2,0,10,2,2,0,22,0,0,CM,,,,,,,,true,,false,false
f92c7905-35af-44c9-a2e3-6b898b1bacbd,87c4e7ce-9c13-4e09-a532-5738dcf1876e,away,1,0,2,0,355,9,0,2,9,1,7,1,22,0,0,RB,,,,,,,,true,,false,false
f92c7905-35af-44c9-a2e3-6b898b1bacbd,9f00aa95-962f-40c7-a55a-318d7bd0e312,home,0,0,0,0,0,0,0,0,0,0,0,0,0,0,0,Sub 1,,,,,,,,false,1,true,true
f92c7905-35af-44c9-a2e3-6b898b1bacbd,d6f23bc8-244a-46d3-9929-5ecab99b175d,away,1,1,1,0,380,8,1,1,11,0,2,0,12,0,0,RW,,,,,,,,true,,false,false
f92c7905-35af-44c9-a2e3-6b898b1bacbd,de48b9e4-239f-45e8-8d09-3bcb8c36d051,home,0,0,0,0,270,10,0,0,6,1,7,2,15,0,0,LB,,,,,,,,true,,false,false
fbe24f62-3c42-4baa-9fe9-c27e46e66f2d,23ead12c-77ac-4e35-bc74-5f690af34010,home,0,0,1,0,300,15,0,0,13,0,5,0,22,0,0,RW,,,,,,,,true,,false,false
fbe24f62-3c42-4baa-9fe9-c27e46e66f2d,3bb34974-24c9-4f3c-ba76-df9d9e5d6a0b,away,0,1,4,0,460,14,2,4,2,0,2,0,12,0,0,RW,,,,,,,,true,,false,false
fbe24f62-3c42-4baa-9fe9-c27e46e66f2d,3dcd7592-94ca-4eee-81b4-1405e50406d9,away,2,1,9,0,795,17,1,5,6,0,4,1,17,0,0,LW,,,,,,,,true,,false,false
fbe24f62-3c42-4baa-9fe9-c27e46e66f2d,51568e76-e50a-4573-9646-3d9270f944ce,away,0,1,0,8,890,10,2,0,0,0,1,1,11,8,4,GK,,,,,,,,true,,false,false
fbe24f62-3c42-4baa-9fe9-c27e46e66f2d,b4b73326-af94-4abd-93d5-0fe537e63df1,away,0,0,0,0,430,12,0,0,15,4,4,1,16,0,0,LB,,,,,,,,true,,false,false
fbe24f62-3c42-4baa-9fe9-c27e46e66f2d,c09d080a-af97-43e9-861c-367ee120e3f4,away,1,0,4,0,615,13,1,4,13,2,5,1,20,0,0,CM,,,,,,,,true,,false,false
fbe24f62-3c42-4baa-9fe9-c27e46e66f2d,c45a38a8-e6b8-4f49-a1d6-cb599e1c5e7d,away,0,0,0,0,410,13,0,0,12,5,2,0,12,0,0,RB,,,,,,,,true,,false,false
fbe24f62-3c42-4baa-9fe9-c27e46e66f2d,ca21e05a-e324-4b6a-9fbb-52e67d43be12,home,0,0,1,0,435,12,1,1,8,3,7,0,12,0,0,RB,,,,,,,,true,,false,false
fc752d5c-b2de-4dda-9206-3ab50dde0de9,0149da01-4684-4fd2-bfaa-67f7deeff4ab,home,0,1,1,0,545,18,1,0,17,3,4,1,25,0,0,LW,,,,,,,,true,,false,false
fc752d5c-b2de-4dda-9206-3ab50dde0de9,0b8a523f-e03a-4ffe-9298-5082d52108cd,home,1,0,1,0,610,22,1,1,10,4,4,1,18,0,0,CM,,,,,,,,true,,false,false
fc752d5c-b2de-4dda-9206-3ab50dde0de9,142a5453-eab4-4527-8d47-ded3dbadcce3,away,2,0,5,0,565,10,1,5,13,0,5,0,23,0,0,CM,,,,,,,,true,,false,false
fc752d5c-b2de-4dda-9206-3ab50dde0de9,2003feaa-1897-4a5a-8e1b-a4012896a3b1,home,1,0,1,0,305,11,0,1,6,1,1,0,9,0,0,Sub 3,,,,,,,,false,3,false,false
fc752d5c-b2de-4dda-9206-3ab50dde0de9,2df70d98-1fcc-4f56-932b-c1aa91c197aa,away,0,0,0,0,0,0,0,0,0,0,0,0,0,0,0,Sub 1,,,,,,,,false,1,true,false
fc752d5c-b2de-4dda-9206-3ab50dde0de9,5548d172-12d4-4219-bfaa-f7fcd907cfea,home,1,1,1,0,190,1,1,1,0,0,0,0,1,0,0,RW,,,,,,,,true,,false,false
fc752d5c-b2de-4dda-9206-3ab50dde0de9,59f47cc9-4c4a-4cd7-89a2-9af74d276af8,away,1,0,3,0,340,9,0,2,9,0,7,0,21,0,0,LW,,,,,,,,true,,false,false
fc752d5c-b2de-4dda-9206-3ab50dde0de9,5aebb1a5-2ab6-44c9-a94c-824269f7d773,home,0,0,0,4,455,7,0,0,0,0,3,1,7,4,2,Sub 1,,,,,,,,false,1,false,false
fc752d5c-b2de-4dda-9206-3ab50dde0de9,783b9d50-39ff-48b0-84d9-b608fdf515b3,home,0,0,0,4,110,2,0,0,0,0,1,0,1,1,0,GK,,,,,,,,true,,false,false
fc752d5c-b2de-4dda-9206-3ab50dde0de9,82e33825-e528-421e-a7fb-8155aff17227,home,0,0,0,0,0,0,0,0,0,0,0,0,0,0,0,Sub 2,,,,,,,,false,2,true,false
fc752d5c-b2de-4dda-9206-3ab50dde0de9,8b8d6e06-f585-4e8e-960f-d15ab4abd940,home,0,0,1,0,405,16,0,0,17,2,3,0,21,0,0,RB,,,,,,,,true,,false,false
fc752d5c-b2de-4dda-9206-3ab50dde0de9,ca21e05a-e324-4b6a-9fbb-52e67d43be12,away,0,1,1,0,420,16,1,1,6,0,7,0,15,0,0,LB,,,,,,,,true,,false,false
fc752d5c-b2de-4dda-9206-3ab50dde0de9,d6cd012d-9b01-4e94-b346-351865411162,away,1,0,1,0,365,12,1,1,15,0,5,0,24,0,0,RW,,,,,,,,true,,false,false
fc752d5c-b2de-4dda-9206-3ab50dde0de9,de48b9e4-239f-45e8-8d09-3bcb8c36d051,home,0,0,0,0,320,11,0,0,17,3,3,0,22,0,0,LB,,,,,,,,true,,false,false
fc752d5c-b2de-4dda-9206-3ab50dde0de9,ecca4d1d-b050-4319-86a1-a37e132bcd54,away,2,0,3,0,680,16,0,2,12,2,9,0,15,0,0,RB,,,,,,,,true,,false,false